final_rank,role,musician_name,normalized_name,source_count,sources,selection_basis,priority_score,rolling_stone_rank,bass_player_rank,musicradar_reader_poll_rank,udiscover_rank,name_variants,notes
1,bassist,Jaco Pastorius,jaco pastorius,4,"Rolling Stone, Bass Player, MusicRadar Reader Poll, uDiscover",multi_source_core,0.978329,8,2,2,1,Jaco Pastorius,
2,bassist,John Entwistle,john entwistle,4,"Rolling Stone, Bass Player, MusicRadar Reader Poll, uDiscover",multi_source_core,0.970646,3,7,3,6,John Entwistle,
3,bassist,Paul McCartney,paul mccartney,4,"Rolling Stone, Bass Player, MusicRadar Reader Poll, uDiscover",multi_source_core,0.949242,9,3,11,2,Paul McCartney,
4,bassist,James Jamerson,james jamerson,4,"Rolling Stone, Bass Player, MusicRadar Reader Poll, uDiscover",multi_source_core,0.942744,1,1,18,7,James Jamerson,
5,bassist,Jack Bruce,jack bruce,4,"Rolling Stone, Bass Player, MusicRadar Reader Poll, uDiscover",multi_source_core,0.93385,6,11,7,12,Jack Bruce,
6,bassist,Chris Squire,chris squire,4,"Rolling Stone, Bass Player, MusicRadar Reader Poll, uDiscover",multi_source_core,0.897951,18,26,8,5,Chris Squire,
7,bassist,Geddy Lee,geddy lee,4,"Rolling Stone, Bass Player, MusicRadar Reader Poll, uDiscover",multi_source_core,0.893768,24,13,1,15,Geddy Lee,
8,bassist,Stanley Clarke,stanley clarke,4,"Rolling Stone, Bass Player, MusicRadar Reader Poll, uDiscover",multi_source_core,0.891066,13,5,27,4,Stanley Clarke,
9,bassist,John Paul Jones,john paul jones,4,"Rolling Stone, Bass Player, MusicRadar Reader Poll, uDiscover",multi_source_core,0.864676,14,21,13,21,John Paul Jones,
10,bassist,Carol Kaye,carol kaye,4,"Rolling Stone, Bass Player, MusicRadar Reader Poll, uDiscover",multi_source_core,0.857924,5,25,39,3,Carol Kaye,
11,bassist,Larry Graham,larry graham,4,"Rolling Stone, Bass Player, MusicRadar Reader Poll, uDiscover",multi_source_core,0.852457,7,4,45,8,Larry Graham | Larry Graham Jr,
12,bassist,Charles Mingus,charles mingus,4,"Rolling Stone, Bass Player, MusicRadar Reader Poll, uDiscover",multi_source_core,0.835884,2,12,48,13,Charles Mingus,
13,bassist,Flea,flea,4,"Rolling Stone, Bass Player, MusicRadar Reader Poll, uDiscover",multi_source_core,0.83451,22,30,16,17,Flea,
14,bassist,Bootsy Collins,bootsy collins,4,"Rolling Stone, Bass Player, MusicRadar Reader Poll, uDiscover",multi_source_core,0.82486,4,18,41,20,Bootsy Collins,
15,bassist,Ron Carter,ron carter,3,"Rolling Stone, Bass Player, uDiscover",multi_source_core,0.811279,10,6,,9,Ron Carter,
16,bassist,Geezer Butler,geezer butler,4,"Rolling Stone, Bass Player, MusicRadar Reader Poll, uDiscover",multi_source_core,0.796344,21,45,20,22,Geezer Butler,
17,bassist,Les Claypool,les claypool,4,"Rolling Stone, Bass Player, MusicRadar Reader Poll, uDiscover",multi_source_core,0.79411,36,33,10,24,Les Claypool,
18,bassist,Donald “Duck” Dunn,donald duck dunn,4,"Rolling Stone, Bass Player, MusicRadar Reader Poll, uDiscover",multi_source_core,0.768785,15,40,42,19,Donald 'Duck' Dunn | Donald “Duck” Dunn,
19,bassist,Lemmy,lemmy,4,"Rolling Stone, Bass Player, MusicRadar Reader Poll, uDiscover",multi_source_core,0.764074,33,63,19,14,Lemmy | Lemmy Kilmister,
20,bassist,Cliff Burton,cliff burton,4,"Rolling Stone, Bass Player, MusicRadar Reader Poll, uDiscover",multi_source_core,0.761514,25,55,12,36,Cliff Burton,
21,bassist,Victor Wooten,victor wooten,3,"Bass Player, MusicRadar Reader Poll, uDiscover",multi_source_core,0.699927,,14,17,33,Victor Wooten,
22,bassist,Charlie Haden,charlie haden,3,"Rolling Stone, Bass Player, uDiscover",multi_source_core,0.676393,16,41,,27,Charlie Haden,
23,bassist,Willie Dixon,willie dixon,3,"Rolling Stone, Bass Player, uDiscover",multi_source_core,0.653242,12,94,,10,Willie Dixon,
24,bassist,Aston “Family Man” Barrett,aston family man barrett,3,"Rolling Stone, Bass Player, uDiscover",multi_source_core,0.65185,28,35,,25,Aston 'Family Man' Barrett | Aston “Family Man” Barrett,
25,bassist,George Porter Jr.,george porter jr,3,"Rolling Stone, Bass Player, uDiscover",multi_source_core,0.641022,41,28,,18,"George Porter Jr. | George Porter, Jr",
26,bassist,Billy Sheehan,billy sheehan,3,"Bass Player, MusicRadar Reader Poll, uDiscover",multi_source_core,0.637071,,29,9,54,Billy Sheehan,
27,bassist,Phil Lesh,phil lesh,3,"Rolling Stone, Bass Player, uDiscover",multi_source_core,0.629426,11,57,,39,Phil Lesh,
28,bassist,Pino Palladino,pino palladino,3,"Rolling Stone, Bass Player, MusicRadar Reader Poll",multi_source_core,0.620138,38,15,32,,Pino Palladino,
29,bassist,Louis Johnson,louis johnson,3,"Rolling Stone, Bass Player, uDiscover",multi_source_core,0.610644,35,38,,29,Louis Johnson,
30,bassist,Steve Harris,steve harris,3,"Bass Player, MusicRadar Reader Poll, uDiscover",multi_source_core,0.607151,,51,6,55,Steve Harris,
31,bassist,Simon Gallup,simon gallup,1,MusicRadar Reader Poll,single_source_editorial,0.594388,,,4,,Simon Gallup,
32,bassist,Jack Casady,jack casady,2,"Bass Player, uDiscover",multi_source_core,0.592593,,23,,23,Jack Casady,
33,bassist,Verdine White,verdine white,2,"Rolling Stone, Bass Player",multi_source_core,0.592507,19,27,,,Verdine White,
34,bassist,Marcus Miller,marcus miller,3,"Bass Player, MusicRadar Reader Poll, uDiscover",multi_source_core,0.590196,,10,34,52,Marcus Miller,
35,bassist,Anthony Jackson,anthony jackson,1,Bass Player,single_source_editorial,0.589646,,8,,,Anthony Jackson,
36,bassist,Tony Levin,tony levin,3,"Rolling Stone, Bass Player, MusicRadar Reader Poll",multi_source_core,0.584785,42,36,28,,Tony Levin,
37,bassist,Ray Brown,ray brown,1,Bass Player,single_source_editorial,0.584596,,9,,,Ray Brown,
38,bassist,JJ Burnel,jj burnel,1,MusicRadar Reader Poll,single_source_editorial,0.584184,,,5,,JJ Burnel,
39,bassist,Chuck Rainey,chuck rainey,2,"Bass Player, uDiscover",multi_source_core,0.575337,,17,,30,Chuck Rainey,
40,bassist,Bill Black,bill black,3,"Rolling Stone, Bass Player, uDiscover",multi_source_core,0.570069,40,85,,11,Bill Black,
41,bassist,David Hood,david hood,3,"Rolling Stone, Bass Player, uDiscover",multi_source_core,0.566868,27,82,,28,David Hood,
42,bassist,Israel Cachao López,israel cachao lopez,2,"Rolling Stone, Bass Player",multi_source_core,0.564368,26,24,,,Israel 'Cachao' López | Israel Cachao López,
43,bassist,Bernard Edwards,bernard edwards,3,"Rolling Stone, Bass Player, MusicRadar Reader Poll",multi_source_core,0.559567,31,53,38,,Bernard Edwards,
44,bassist,Scott LaFaro,scott lafaro,1,Bass Player,single_source_editorial,0.549242,,16,,,Scott LaFaro,
45,bassist,Sting,sting,3,"Rolling Stone, Bass Player, uDiscover",multi_source_core,0.543127,32,75,,34,Sting,
46,bassist,Rocco Prestia,rocco prestia,1,Bass Player,single_source_editorial,0.534091,,19,,,Rocco Prestia,
47,bassist,John Patitucci,john patitucci,1,Bass Player,single_source_editorial,0.52904,,20,,,John Patitucci,
48,bassist,Leland Sklar,leland sklar,3,"Rolling Stone, Bass Player, MusicRadar Reader Poll",multi_source_core,0.525175,47,31,43,,Leland Sklar,
49,bassist,Peter Hook,peter hook,3,"Rolling Stone, Bass Player, MusicRadar Reader Poll",multi_source_core,0.519163,46,77,23,,Peter Hook,
50,bassist,Paul Chambers,paul chambers,1,Bass Player,single_source_editorial,0.518939,,22,,,Paul Chambers,
51,bassist,Robbie Shakespeare,robbie shakespeare,2,"Rolling Stone, Bass Player",multi_source_core,0.49665,17,69,,,Robbie Shakespeare,
52,bassist,Nikki Sixx,nikki sixx,1,MusicRadar Reader Poll,single_source_editorial,0.492347,,,14,,Nikki Sixx,
53,bassist,John Wetton,john wetton,1,uDiscover,single_source_editorial,0.486111,,,,16,John Wetton,
54,bassist,Will Lee,will lee,1,Bass Player,single_source_editorial,0.468434,,32,,,Will Lee,
55,bassist,Oscar Pettiford,oscar pettiford,1,Bass Player,single_source_editorial,0.458333,,34,,,Oscar Pettiford,
56,bassist,Mike Watt,mike watt,3,"Rolling Stone, Bass Player, uDiscover",multi_source_core,0.451279,43,89,,44,Mike Watt,
57,bassist,Esperanza Spalding,esperanza spalding,3,"Rolling Stone, Bass Player, uDiscover",multi_source_core,0.450929,45,76,,49,Esperanza Spalding,
58,bassist,Meshell Ndegeocello,meshell ndegeocello,2,"Bass Player, uDiscover",multi_source_core,0.443603,,60,,35,Meshell Ndegeocello,
59,bassist,Jimmy Blanton,jimmy blanton,1,Bass Player,single_source_editorial,0.443182,,37,,,Jimmie Blanton | Jimmy Blanton,
60,bassist,Mick Karn,mick karn,2,"Bass Player, MusicRadar Reader Poll",multi_source_core,0.441198,,95,15,,Mick Karn,
61,bassist,Tina Weymouth,tina weymouth,2,"Rolling Stone, uDiscover",multi_source_core,0.440476,29,,,37,Tina Weymouth,
62,bassist,Rick Danko,rick danko,1,Rolling Stone,single_source_editorial,0.431122,20,,,,Rick Danko,
63,bassist,Bill Wyman,bill wyman,2,"Rolling Stone, uDiscover",multi_source_core,0.429422,23,,,46,Bill Wyman,
64,bassist,Mark King,mark king,2,"Bass Player, MusicRadar Reader Poll",multi_source_core,0.428005,,78,26,,Mark King,
65,bassist,Suzi Quatro,suzi quatro,1,MusicRadar Reader Poll,single_source_editorial,0.420918,,,21,,Suzi Quatro,
66,bassist,Abraham Laboriel,abraham laboriel,1,Bass Player,single_source_editorial,0.417929,,42,,,Abraham Laboriel,
67,bassist,Joe Osborn,joe osborn,1,Bass Player,single_source_editorial,0.412879,,43,,,Joe Osborn,
68,bassist,Gene Simmons,gene simmons,1,MusicRadar Reader Poll,single_source_editorial,0.410714,,,22,,Gene Simmons,
69,bassist,Nathan East,nathan east,2,"Bass Player, MusicRadar Reader Poll",multi_source_core,0.409142,,39,49,,Nathan East,
70,bassist,Paul Jackson,paul jackson,1,Bass Player,single_source_editorial,0.407828,,44,,,Paul Jackson,
71,bassist,Justin Chancellor,justin chancellor,2,"Bass Player, MusicRadar Reader Poll",multi_source_core,0.399969,,79,31,,Justin Chancellor,
72,bassist,Berry Oakley,berry oakley,1,Bass Player,single_source_editorial,0.397727,,46,,,Berry Oakley,
73,bassist,Bernard Odum,bernard odum,1,uDiscover,single_source_editorial,0.393519,,,,26,Bernard Odum,
74,bassist,Eddie Gomez,eddie gomez,1,Bass Player,single_source_editorial,0.392677,,47,,,Eddie Gomez,
75,bassist,John Deacon,john deacon,2,"Bass Player, MusicRadar Reader Poll",multi_source_core,0.392445,,84,30,,John Deacon,
76,bassist,John Myung,john myung,2,"MusicRadar Reader Poll, uDiscover",multi_source_core,0.391912,,,24,53,John Myung,
77,bassist,Andrew Gouché,andrew gouche,1,Bass Player,single_source_editorial,0.387626,,48,,,Andrew Gouché,
78,bassist,Duff McKagan,duff mckagan,2,"Rolling Stone, MusicRadar Reader Poll",multi_source_core,0.382653,49,,25,,Duff McKagan,
79,bassist,Willie Weeks,willie weeks,1,Bass Player,single_source_editorial,0.382576,,49,,,Willie Weeks,
80,bassist,Bakithi Kumalo,bakithi kumalo,1,Bass Player,single_source_editorial,0.377525,,50,,,Bakithi Kumalo,
81,bassist,Bob Babbitt,bob babbitt,2,"Bass Player, uDiscover",multi_source_core,0.372054,,59,,51,Bob Babbitt,
82,bassist,Gary Willis,gary willis,1,Bass Player,single_source_editorial,0.367424,,52,,,Gary Willis,
83,bassist,Bob Moore,bob moore,2,"Rolling Stone, Bass Player",multi_source_core,0.362142,30,96,,,Bob Moore,
84,bassist,Jeff Berlin,jeff berlin,1,Bass Player,single_source_editorial,0.357323,,54,,,Jeff Berlin,
85,bassist,Jerry Scheff,jerry scheff,1,uDiscover,single_source_editorial,0.347222,,,,31,Jerry Scheff,
86,bassist,Steve Swallow,steve swallow,1,Bass Player,single_source_editorial,0.347222,,56,,,Steve Swallow,
87,bassist,John Taylor,john taylor,1,MusicRadar Reader Poll,single_source_editorial,0.339286,,,29,,John Taylor,
88,bassist,Kim Gordon,kim gordon,2,"Rolling Stone, uDiscover",multi_source_core,0.33853,39,,,48,Kim Gordon,
89,bassist,Percy Heath,percy heath,1,uDiscover,single_source_editorial,0.337963,,,,32,Percy Heath,
90,bassist,Edgar Meyer,edgar meyer,1,Bass Player,single_source_editorial,0.337121,,58,,,Edgar Meyer,
91,bassist,Jerry Jemmott,jerry jemmott,1,Bass Player,single_source_editorial,0.32197,,61,,,Jerry Jemmott,
92,bassist,Stu Hamm,stu hamm,2,"Bass Player, MusicRadar Reader Poll",multi_source_core,0.318388,,81,46,,Stu Hamm | Stuart Hamm,
93,bassist,Matt Garrison,matt garrison,1,Bass Player,single_source_editorial,0.316919,,62,,,Matt Garrison,
94,bassist,Oteil Burbridge,oteil burbridge,1,Bass Player,single_source_editorial,0.306818,,64,,,Oteil Burbridge,
95,bassist,Richard Bona,richard bona,1,Bass Player,single_source_editorial,0.301768,,65,,,Richard Bona,
96,bassist,Phil Lynott,phil lynott,1,MusicRadar Reader Poll,single_source_editorial,0.298469,,,33,,Phil Lynott,
97,bassist,Niels-Henning Ørsted Pedersen,niels henning rsted pedersen,1,Bass Player,single_source_editorial,0.296717,,66,,,Niels-Henning Ørsted Pedersen,
98,bassist,Doug Wimbish,doug wimbish,1,Bass Player,single_source_editorial,0.291667,,67,,,Doug Wimbish,
99,bassist,Richard Davis,richard davis,1,Rolling Stone,single_source_editorial,0.288265,34,,,,Richard Davis,
100,bassist,Dave Holland,dave holland,1,Bass Player,single_source_editorial,0.286616,,68,,,Dave Holland,
101,bassist,Mike Rutherford,mike rutherford,1,uDiscover,single_source_editorial,0.282407,,,,38,Mike Rutherford,
102,bassist,Roger Waters,roger waters,1,MusicRadar Reader Poll,single_source_editorial,0.278061,,,35,,Roger Waters,
103,bassist,Jimmy Johnson,jimmy johnson,1,Bass Player,single_source_editorial,0.276515,,70,,,Jimmy Johnson,
104,bassist,Thundercat,thundercat,2,"Rolling Stone, Bass Player",multi_source_core,0.275253,50,90,,,Stephen 'Thundercat' Bruner | Thundercat,
105,bassist,Christian McBride,christian mcbride,1,Bass Player,single_source_editorial,0.271465,,71,,,Christian McBride,
106,bassist,Robert Trujillo,robert trujillo,1,MusicRadar Reader Poll,single_source_editorial,0.267857,,,36,,Robert Trujillo,
107,bassist,Victor Bailey,victor bailey,1,Bass Player,single_source_editorial,0.266414,,72,,,Victor Bailey,
108,bassist,Bruce Thomas,bruce thomas,1,uDiscover,single_source_editorial,0.263889,,,,40,Bruce Thomas,
109,bassist,Michael Manring,michael manring,1,Bass Player,single_source_editorial,0.261364,,73,,,Michael Manring,
110,bassist,Bruce Foxton,bruce foxton,1,MusicRadar Reader Poll,single_source_editorial,0.257653,,,37,,Bruce Foxton,
111,bassist,John McVie,john mcvie,1,Rolling Stone,single_source_editorial,0.257653,37,,,,John McVie,
112,bassist,Dee Murray,dee murray,1,Bass Player,single_source_editorial,0.256313,,74,,,Dee Murray,
113,bassist,Kasim Sulton,kasim sulton,1,uDiscover,single_source_editorial,0.25463,,,,41,Kasim Sulton,
114,bassist,Joey Spampinato,joey spampinato,1,uDiscover,single_source_editorial,0.24537,,,,42,Joey Spampinato,
115,bassist,Dave Pegg,dave pegg,1,uDiscover,single_source_editorial,0.236111,,,,43,Dave Pegg,
116,bassist,Chris Wolstenholme,chris wolstenholme,1,MusicRadar Reader Poll,single_source_editorial,0.227041,,,40,,Chris Wolstenholme,
117,bassist,Tim Bogert,tim bogert,1,Bass Player,single_source_editorial,0.22601,,80,,,Tim Bogert,
118,bassist,Nick Lowe,nick lowe,1,uDiscover,single_source_editorial,0.217593,,,,45,Nick Lowe,
119,bassist,Jonas Hellborg,jonas hellborg,1,Bass Player,single_source_editorial,0.210859,,83,,,Jonas Hellborg,
120,bassist,Gail Ann Dorsey,gail ann dorsey,1,uDiscover,single_source_editorial,0.199074,,,,47,Gail Ann Dorsey,
121,bassist,Red Mitchell,red mitchell,1,Bass Player,single_source_editorial,0.195707,,86,,,Red Mitchell,
122,bassist,Michael Rhodes,michael rhodes,1,Bass Player,single_source_editorial,0.190657,,87,,,Michael Rhodes,
123,bassist,Colin Moulding,colin moulding,1,MusicRadar Reader Poll,single_source_editorial,0.186224,,,44,,Colin Moulding,
124,bassist,Joseph Makwela,joseph makwela,1,Rolling Stone,single_source_editorial,0.186224,44,,,,Joseph Makwela,
125,bassist,Bobby Rodriguez,bobby rodriguez,1,Bass Player,single_source_editorial,0.185606,,88,,,Bobby Rodriguez,
126,bassist,Mel Schacher,mel schacher,1,uDiscover,single_source_editorial,0.171296,,,,50,Mel Schacher,
127,bassist,Hadrien Feraud,hadrien feraud,1,Bass Player,single_source_editorial,0.170455,,91,,,Hadrien Feraud,
128,bassist,Bobby Vega,bobby vega,1,Bass Player,single_source_editorial,0.165404,,92,,,Bobby Vega,
129,bassist,Bill Laswell,bill laswell,1,Bass Player,single_source_editorial,0.160354,,93,,,Bill Laswell,
130,bassist,Roger Glover,roger glover,1,MusicRadar Reader Poll,single_source_editorial,0.155612,,,47,,Roger Glover,
131,bassist,Kim Deal,kim deal,1,Rolling Stone,single_source_editorial,0.145408,48,,,,Kim Deal,
132,bassist,Ron Baker,ron baker,1,Bass Player,single_source_editorial,0.140152,,97,,,Ron Baker,
133,bassist,Leroy 'Slam' Stewart,leroy slam stewart,1,Bass Player,single_source_editorial,0.135101,,98,,,Leroy 'Slam' Stewart,
134,bassist,Walter Page,walter page,1,Bass Player,single_source_editorial,0.130051,,99,,,Walter Page,
135,bassist,Mike Dirnt,mike dirnt,1,MusicRadar Reader Poll,single_source_editorial,0.125,,,50,,Mike Dirnt,
136,bassist,Percy Jones,percy jones,1,Bass Player,single_source_editorial,0.125,,100,,,Percy Jones,
