role,wikidata_id,name,musicbrainz_id,apple_music_artist_id,sitelinks
guitarist,Q1203,John Lennon,,,185
guitarist,Q392,Bob Dylan,,,184
guitarist,Q15869,Freddie Mercury,,,176
guitarist,Q409,Bob Marley,,,164
guitarist,Q2599,Paul McCartney,,,149
guitarist,Q37175,Johnny Depp,,,147
guitarist,Q5383,David Bowie,,,136
guitarist,Q5928,Jimi Hendrix,,,136
guitarist,Q15897,Amy Winehouse,,,130
guitarist,Q8446,Kurt Cobain,,,128
guitarist,Q82110,Steven Seagal,,,127
guitarist,Q2643,George Harrison,,,125
guitarist,Q42775,Johnny Cash,,,118
guitarist,Q512,Vladimir Vysotsky,,,117
guitarist,Q7542,Prince,,,112
guitarist,Q127330,Frank Zappa,,,110
guitarist,Q1225,Bruce Springsteen,,,107
guitarist,Q131725,Joan Baez,,,103
guitarist,Q288933,Marjorie Estiano,,,103
guitarist,Q66075,Niccolò Paganini,,,103
guitarist,Q48187,Eric Clapton,,,100
guitarist,Q5950,James Brown,,,100
guitarist,Q5921,Chuck Berry,,,99
guitarist,Q128121,Mick Jagger,,,99
guitarist,Q42402,Andrea Bocelli,,,96
guitarist,Q483203,Sting,,,96
guitarist,Q834621,Bono,,,91
guitarist,Q482907,Bryan Adams,,,91
guitarist,Q144622,Phil Collins,,,91
guitarist,Q15873,Brian May,,,90
guitarist,Q484302,James Hetfield,,,90
guitarist,Q80424,Nelly Furtado,,,90
guitarist,Q76364,Hans Zimmer,,,89
guitarist,Q484523,Jared Leto,,,89
guitarist,Q244441,Pete Seeger,,,89
guitarist,Q199943,Adriano Celentano,,,86
guitarist,Q189599,Keith Richards,,,86
guitarist,Q222071,Courtney Love,,,85
guitarist,Q487125,Viktor Tsoi,,,85
guitarist,Q3626966,Harry Styles,,,83
guitarist,Q154812,Carl Maria von Weber,,,82
guitarist,Q483907,Jack Black,,,82
guitarist,Q37355,John Michael Talbot,,,82
guitarist,Q94882,Emir Kusturica,,,81
guitarist,Q1666,Jacques Brel,,,81
guitarist,Q633,Neil Young,,,80
guitarist,Q189080,Lou Reed,,,79
guitarist,Q180861,Roger Waters,,,79
guitarist,Q487473,Toto Cutugno,,,79
guitarist,Q165467,Jimmy Page,,,78
guitarist,Q1978163,Nikolai Noskov,,,78
guitarist,Q150916,Jon Bon Jovi,,,77
guitarist,Q43189,Juanes,,,77
guitarist,Q557,Patti Smith,,,77
guitarist,Q182655,Rod Stewart,,,77
guitarist,Q208117,Bella Thorne,,,76
guitarist,Q819016,Carlos Santana,,,76
guitarist,Q12006,Dave Grohl,,,76
guitarist,Q178517,David Gilmour,,,76
guitarist,Q5977,Buddy Holly,,,75
guitarist,Q205721,Joni Mitchell,,,75
guitarist,Q217160,Kenny Rogers,,,75
guitarist,Q541599,Dolores O'Riordan,,,74
guitarist,Q428223,Robert Plant,,,74
guitarist,Q173061,Syd Barrett,,,74
guitarist,Q219631,Adam Levine,,,73
guitarist,Q182665,Iggy Pop,,,73
guitarist,Q712592,Billie Joe Armstrong,,,72
guitarist,Q17198340,Shawn Mendes,,,72
guitarist,Q130799,James Blunt,,,71
guitarist,Q4028,Paul Simon,,,71
guitarist,Q15880,Roger Taylor,,,70
guitarist,Q43932,Angus Young,,,69
guitarist,Q206181,Hank Williams,,,69
guitarist,Q309926,Lemmy,,,69
guitarist,Q19201,Mike Shinoda,,,69
guitarist,Q14045,Moby,,,68
guitarist,Q298838,Billy Connolly,,,67
guitarist,Q153300,Paco de Lucía,,,67
guitarist,Q194045,Steven Tyler,,,67
guitarist,Q187814,Tracy Chapman,,,67
guitarist,Q188426,Roy Orbison,,,66
guitarist,Q34166,Slash,,,66
guitarist,Q206112,Willie Nelson,,,66
guitarist,Q187165,Dave Mustaine,,,65
guitarist,Q44122,Django Reinhardt,,,65
guitarist,Q105460,John Denver,,,65
guitarist,Q208681,Kris Kristofferson,,,65
guitarist,Q188668,Thom Yorke,,,65
guitarist,Q313013,Brian Wilson,,,64
guitarist,Q484030,Kirk Hammett,,,64
guitarist,Q242707,Paul Bettany,,,64
guitarist,Q4061,Woody Guthrie,,,64
guitarist,Q200131,Antônio Carlos Jobim,,,63
guitarist,Q262399,Les Paul,,,63
guitarist,Q486063,Serj Tankian,,,63
guitarist,Q207824,Varg Vikernes,,,63
guitarist,Q272012,Eddie Van Halen,,,62
guitarist,Q15902,Amy Macdonald,,,61
guitarist,Q179682,Björn Ulvaeus,,,61
guitarist,Q270935,Chris Cornell,,,61
guitarist,Q262314,Chris Rea,,,61
guitarist,Q185147,Gary Moore,,,61
guitarist,Q192474,Jeff Beck,,,61
guitarist,Q192103,John Deacon,,,61
guitarist,Q215215,John Mayer,,,61
guitarist,Q294531,Neil Diamond,,,61
guitarist,Q193459,Noel Gallagher,,,61
guitarist,Q106514,River Phoenix,,,61
guitarist,Q200586,Sheryl Crow,,,61
guitarist,Q38393,Asha Bhosle,,,60
guitarist,Q10505,Damon Hill,,,60
guitarist,Q229375,Linda Ronstadt,,,60
guitarist,Q185343,Mark Knopfler,,,60
guitarist,Q152929,Meat Loaf,,,60
guitarist,Q220707,Muddy Waters,,,60
guitarist,Q336788,Oscar Isaac,,,60
guitarist,Q202937,Stevie Ray Vaughan,,,60
guitarist,Q210741,Eric Idle,,,59
guitarist,Q44570,John Lee Hooker,,,59
guitarist,Q125133,Víctor Jara,,,59
guitarist,Q231106,Joan Jett,,,58
guitarist,Q428798,Krist Novoselic,,,58
guitarist,Q192133,Robert Johnson,,,58
guitarist,Q295919,Sam Cooke,,,58
guitarist,Q82238,Cliff Richard,,,57
guitarist,Q221535,Eddie Vedder,,,57
guitarist,Q191088,Joe Jonas,,,57
guitarist,Q216708,Liam Gallagher,,,57
guitarist,Q775231,Niall Horan,,,57
guitarist,Q231259,Billy Ray Cyrus,,,56
guitarist,Q214226,Lauryn Hill,,,56
guitarist,Q1387726,Luis Fonsi,,,56
guitarist,Q3008,Mike Oldfield,,,56
guitarist,Q26933,Pete Townshend,,,56
guitarist,Q192183,Ritchie Blackmore,,,56
guitarist,Q204943,Brian Jones,,,55
guitarist,Q115962,David Coverdale,,,55
guitarist,Q206939,Elvis Costello,,,55
guitarist,Q272943,Joe Dassin,,,55
guitarist,Q194287,Joe Satriani,,,55
guitarist,Q192359,João Gilberto,,,55
guitarist,Q156322,Katie Melua,,,55
guitarist,Q190576,Matt Bellamy,,,55
guitarist,Q16211162,Melanie Martinez,,,55
guitarist,Q202733,Tony Iommi,,,55
guitarist,Q73437,Billy Idol,,,54
guitarist,Q239652,Bulat Okudzhava,,,54
guitarist,Q76906,Dieter Bohlen,,,54
guitarist,Q311655,Tom Petty,,,54
guitarist,Q11901,Beck,,,53
guitarist,Q370560,David Crosby,,,53
guitarist,Q203514,Heitor Villa-Lobos,,,53
guitarist,Q207867,Ian Curtis,,,53
guitarist,Q272203,Van Morrison,,,53
guitarist,Q315643,Alex Turner,,,52
guitarist,Q202319,Bill Haley,,,52
guitarist,Q288525,Birdy,,,52
guitarist,Q472051,Glenn Frey,,,52
guitarist,Q215855,Jeff Buckley,,,52
guitarist,Q188980,John Frusciante,,,52
guitarist,Q216179,Bryan Ferry,,,51
guitarist,Q486786,Daron Malakian,,,51
guitarist,Q216288,Garth Brooks,,,51
guitarist,Q208871,Ike Turner,,,51
guitarist,Q272031,Jack White,,,51
guitarist,Q192515,Jason Mraz,,,51
guitarist,Q219772,PJ Harvey,,,51
guitarist,Q491252,Robert Smith,,,51
guitarist,Q229013,Sarah Silverman,,,51
guitarist,Q193397,Steve Vai,,,51
guitarist,Q19199,Brad Delson,,,50
guitarist,Q272931,Loretta Lynn,,,50
guitarist,Q236112,Suzanne Vega,,,50
guitarist,Q234750,Suzi Quatro,,,50
guitarist,Q221479,Gilberto Gil,,,49
guitarist,Q355009,Jackson Browne,,,49
guitarist,Q234685,Michelle Branch,,,49
guitarist,Q212089,Alan Parsons,,,48
guitarist,Q192529,Andrés Segovia,,,48
guitarist,Q295120,Corey Taylor,,,48
guitarist,Q313372,Francisco Tárrega,,,48
guitarist,Q151084,Joaquín Rodrigo,,,48
guitarist,Q207898,Manu Chao,,,48
guitarist,Q303207,Ricky Nelson,,,48
guitarist,Q192260,Yngwie Malmsteen,,,48
guitarist,Q336640,David Byrne,,,47
guitarist,Q210428,Elliott Smith,,,47
guitarist,Q348459,George Benson,,,47
guitarist,Q315784,José Feliciano,,,47
guitarist,Q210172,Kevin Jonas,,,47
guitarist,Q44653,Malcolm Young,,,47
guitarist,Q211588,Nick Drake,,,47
guitarist,Q273049,Peter Tosh,,,47
guitarist,Q311672,Roger Daltrey,,,47
guitarist,Q455827,Ross Lynch,,,47
guitarist,Q379400,Shavo Odadjian,,,47
guitarist,Q312395,Taylor Hawkins,,,47
guitarist,Q714845,The Edge,,,47
guitarist,Q4270,Tom DeLonge,,,47
guitarist,Q346565,Bill Withers,,,46
guitarist,Q181683,Carly Simon,,,46
guitarist,Q508202,George Jones,,,46
guitarist,Q16233232,Hozier,,,46
guitarist,Q309838,Layne Staley,,,46
guitarist,Q1354843,Machine Gun Kelly,,,46
guitarist,Q238941,Moya Brennan,,,46
guitarist,Q229274,Regina Spektor,,,46
guitarist,Q203185,Robert Fripp,,,46
guitarist,Q211094,Ronnie Wood,,,46
guitarist,Q568509,Theo James,,,46
guitarist,Q282722,Trent Reznor,,,46
guitarist,Q296872,Barry Gibb,,,45
guitarist,Q208881,Bo Diddley,,,45
guitarist,Q234693,Bonnie Raitt,,,45
guitarist,Q162667,Glen Campbell,,,45
guitarist,Q216100,Ian Anderson,,,45
guitarist,Q44833,J.J. Cale,,,45
guitarist,Q310300,James Taylor,,,45
guitarist,Q310052,Joe Strummer,,,45
guitarist,Q309725,Ritchie Valens,,,45
guitarist,Q324753,Tyler Posey,,,45
guitarist,Q15493504,Aram Mp3,,,44
guitarist,Q309983,Caetano Veloso,,,44
guitarist,Q312264,Captain Beefheart,,,44
guitarist,Q5214275,Dan Reynolds,,,44
guitarist,Q2272493,Florence Welch,,,44
guitarist,Q359552,Gordon Lightfoot,,,44
guitarist,Q489643,Gotye,,,44
guitarist,Q229018,Jewel,,,44
guitarist,Q211976,John Petrucci,,,44
guitarist,Q273652,Kitarō,,,44
guitarist,Q157293,Melanie,,,44
guitarist,Q311238,Sean Lennon,,,44
guitarist,Q271637,Terry O'Quinn,,,44
guitarist,Q297552,Tom Morello,,,44
guitarist,Q276170,Alejandro Sanz,,,43
guitarist,Q236075,Aly Michalka,,,43
guitarist,Q223741,Brian Molko,,,43
guitarist,Q310339,Carl Perkins,,,43
guitarist,Q333632,Chico Buarque,,,43
guitarist,Q310170,Curtis Mayfield,,,43
guitarist,Q57339,Don McLean,,,43
guitarist,Q317427,Donovan,,,43
guitarist,Q20029978,Finneas O'Connell,,,43
guitarist,Q293985,Georges Moustaki,,,43
guitarist,Q110919,Gerry Rafferty,,,43
guitarist,Q232468,Gianna Nannini,,,43
guitarist,Q297097,Jack Johnson,,,43
guitarist,Q1138674,Jesse Plemons,,,43
guitarist,Q313378,Joe Perry,,,43
guitarist,Q296876,Maurice Gibb,,,43
guitarist,Q315408,Peter Green,,,43
guitarist,Q149074,Rambo Amadeus,,,43
guitarist,Q224650,Sarah McLachlan,,,43
guitarist,Q233750,Skylar Grey,,,43
guitarist,Q501296,Andrew Fletcher,,,42
guitarist,Q45667,B.o.B,,,42
guitarist,Q312559,Bill Wyman,,,42
guitarist,Q94831,Blake Shelton,,,42
guitarist,Q314208,Buddy Guy,,,42
guitarist,Q313009,Chris Isaak,,,42
guitarist,Q266544,Chuck Schuldiner,,,42
guitarist,Q228860,Colbie Caillat,,,42
guitarist,Q216913,Deryck Whibley,,,42
guitarist,Q316454,Don Henley,,,42
guitarist,Q437551,Eric Carmen,,,42
guitarist,Q601617,Guy Berryman,,,42
guitarist,Q1148937,Iwan Rheon,,,42
guitarist,Q271656,Janick Gers,,,42
guitarist,Q295817,Joey Jordison,,,42
guitarist,Q286410,Jonny Greenwood,,,42
guitarist,Q357974,Julian Lennon,,,42
guitarist,Q24883319,Phoebe Bridgers,,,42
guitarist,Q331922,Rory Gallagher,,,42
guitarist,Q362353,Vincent Gallo,,,42
guitarist,Q251287,Waylon Jennings,,,42
guitarist,Q232462,Ani DiFranco,,,41
guitarist,Q72096,Chet Atkins,,,41
guitarist,Q457306,David Cassidy,,,41
guitarist,Q229144,Eva Cassidy,,,41
guitarist,Q313683,Jack Bruce,,,41
guitarist,Q299122,Jeff Hanneman,,,41
guitarist,Q312870,Jerry Garcia,,,41
guitarist,Q326538,John Fogerty,,,41
guitarist,Q164757,John McLaughlin,,,41
guitarist,Q822029,Jonny Buckland,,,41
guitarist,Q2783855,Kacey Musgraves,,,41
guitarist,Q297210,Kerry King,,,41
guitarist,Q183092,Merle Haggard,,,41
guitarist,Q77040,Richard Kruspe,,,41
guitarist,Q311256,Richard Marx,,,41
guitarist,Q295153,Richie Sambora,,,41
guitarist,Q351061,Ryan Tedder,,,41
guitarist,Q49888,Solomon Burke,,,41
guitarist,Q213952,Steve Morse,,,41
guitarist,Q352766,Steven Wilson,,,41
guitarist,Q319502,Sufjan Stevens,,,41
guitarist,Q236066,AJ Michalka,,,40
guitarist,Q313260,Al Green,,,40
guitarist,Q270970,Alexi Laiho,,,40
guitarist,Q316102,Compay Segundo,,,40
guitarist,Q346785,Dick Dale,,,40
guitarist,Q5969,Eddie Cochran,,,40
guitarist,Q336272,George Clinton,,,40
guitarist,Q366584,George Strait,,,40
guitarist,Q44780,Howlin' Wolf,,,40
guitarist,Q717626,James Arthur,,,40
guitarist,Q317784,Jermaine Jackson,,,40
guitarist,Q230454,k.d. lang,,,40
guitarist,Q230601,KT Tunstall,,,40
guitarist,Q371403,Kyle Gass,,,40
guitarist,Q6456303,LP,,,40
guitarist,Q231233,Miranda Lambert,,,40
guitarist,Q213887,Pat Metheny,,,40
guitarist,Q295542,Paul Stanley,,,40
guitarist,Q312276,Randy Rhoads,,,40
guitarist,Q248207,Rick James,,,40
guitarist,Q265179,Rita Lee,,,40
guitarist,Q318374,Ry Cooder,,,40
guitarist,Q1047474,Brendon Urie,,,39
guitarist,Q1076962,Chris Hadfield,,,39
guitarist,Q314319,Cody Simpson,,,39
guitarist,Q82311,Gene Vincent,,,39
guitarist,Q343075,Greg Lake,,,39
guitarist,Q281034,Harry Nilsson,,,39
guitarist,Q314358,Jeff Lynne,,,39
guitarist,Q215835,John Entwistle,,,39
guitarist,Q15772548,Kira Kosarin,,,39
guitarist,Q352087,Lee Ranaldo,,,39
guitarist,Q233971,Lenny Kuhr,,,39
guitarist,Q505493,Marco Hietala,,,39
guitarist,Q4271,Mark Hoppus,,,39
guitarist,Q491583,Martin Gore,,,39
guitarist,Q280657,Paul Kantner,,,39
guitarist,Q505677,Thurston Moore,,,39
guitarist,Q239202,Chrissie Hynde,,,38
guitarist,Q311050,Dimebag Darrell,,,38
guitarist,Q842850,Ed O'Brien,,,38
guitarist,Q332035,Facundo Cabral,,,38
guitarist,Q503264,Gregg Allman,,,38
guitarist,Q44315,Hide,,,38
guitarist,Q312885,James Marsters,,,38
guitarist,Q316282,John Mayall,,,38
guitarist,Q61973202,Laufey,,,38
guitarist,Q380147,Lucky Dube,,,38
guitarist,Q287514,Marc Bolan,,,38
guitarist,Q234428,Marit Larsen,,,38
guitarist,Q230395,Meaghan Jette Martin,,,38
guitarist,Q69474,Nicole,,,38
guitarist,Q165644,Paul Landers,,,38
guitarist,Q313098,Paul Rodgers,,,38
guitarist,Q473580,Sergey Bezrukov,,,38
guitarist,Q28864768,Sigrid,,,38
guitarist,Q1894125,Sixto Rodriguez,,,38
guitarist,Q713829,Sly Stone,,,38
guitarist,Q342526,Synyster Gates,,,38
guitarist,Q336222,Tito Jackson,,,38
guitarist,Q364131,Bob Seger,,,37
guitarist,Q39639,Brad Paisley,,,37
guitarist,Q242535,Caterina Valente,,,37
guitarist,Q318694,Cliff Williams,,,37
guitarist,Q842267,Colin Greenwood,,,37
guitarist,Q313820,Duane Allman,,,37
guitarist,Q130242447,Emily Armstrong,,,37
guitarist,Q13132,Erik Mongrain,,,37
guitarist,Q220010,Glen Hansard,,,37
guitarist,Q44709,Jean-Jacques Goldman,,,37
guitarist,Q438542,Ken Hensley,,,37
guitarist,Q120260,Martin O'Malley,,,37
guitarist,Q297462,Marty Friedman,,,37
guitarist,Q270669,Melissa Etheridge,,,37
guitarist,Q237633,Odetta,,,37
guitarist,Q313704,Paolo Nutini,,,37
guitarist,Q312801,Per Gessle,,,37
guitarist,Q298930,Phil Lynott,,,37
guitarist,Q117249,Robbie Robertson,,,37
guitarist,Q314397,Steve Winwood,,,37
guitarist,Q17306112,Tyler Joseph,,,37
guitarist,Q363371,Yegor Letov,,,37
guitarist,Q319610,Ace Frehley,,,36
guitarist,Q165634,Al Di Meola,,,36
guitarist,Q344983,Babyface,,,36
guitarist,Q204804,Beth Hart,,,36
guitarist,Q311382,Billy Corgan,,,36
guitarist,Q265252,Buckethead,,,36
guitarist,Q297232,Clint Mansell,,,36
guitarist,Q254110,Fernando Sor,,,36
guitarist,Q723430,Frank Iero,,,36
guitarist,Q44606,GACKT,,,36
guitarist,Q310749,Glenn Hughes,,,36
guitarist,Q320621,Izzy Stradlin,,,36
guitarist,Q317262,Johnny Ramone,,,36
guitarist,Q332635,Johnny Winter,,,36
guitarist,Q254576,Judy Collins,,,36
guitarist,Q689968,Luca Hänni,,,36
guitarist,Q653086,Passenger,,,36
guitarist,Q379802,Phil Ochs,,,36
guitarist,Q311900,Robby Krieger,,,36
guitarist,Q332525,Shannon Leto,,,36
guitarist,Q238795,St. Vincent,,,36
guitarist,Q353023,Taj Mahal,,,36
guitarist,Q356487,Tim McGraw,,,36
guitarist,Q540134,Trini Lopez,,,36
guitarist,Q249719,Yui,,,36
guitarist,Q319907,Can Bonomo,,,35
guitarist,Q294723,Chad Kroeger,,,35
guitarist,Q472535,Desi Arnaz,,,35
guitarist,Q335629,Devin Townsend,,,35
guitarist,Q505486,Emppu Vuorinen,,,35
guitarist,Q15459513,George Ezra,,,35
guitarist,Q186924,Hillel Slovak,,,35
guitarist,Q442830,Ivan Urgant,,,35
guitarist,Q17811637,James Bay,,,35
guitarist,Q20744456,JC Gonzalez,,,35
guitarist,Q354033,Joe Walsh,,,35
guitarist,Q315650,Jónsi,,,35
guitarist,Q237548,Kate Nash,,,35
guitarist,Q315547,Keith Urban,,,35
guitarist,Q240570,Kim Gordon,,,35
guitarist,Q252248,Link Wray,,,35
guitarist,Q314424,Mark Salling,,,35
guitarist,Q312696,Mick Taylor,,,35
guitarist,Q314877,Patrick Stump,,,35
guitarist,Q337089,Peter Frampton,,,35
guitarist,Q234104,Shirley Manson,,,35
guitarist,Q503886,Sterling Morrison,,,35
guitarist,Q311601,Tom Dice,,,35
guitarist,Q298601,Wes Montgomery,,,35
guitarist,Q342045,Đorđe Balašević,,,35
guitarist,Q284017,Atahualpa Yupanqui,,,34
guitarist,Q62557,August Diehl,,,34
guitarist,Q380849,Ben Harper,,,34
guitarist,Q467027,Buffy Sainte-Marie,,,34
guitarist,Q53714,Chord Overstreet,,,34
guitarist,Q261812,Drake Bell,,,34
guitarist,Q311580,Eric Johnson,,,34
guitarist,Q318871,Euronymous,,,34
guitarist,Q317469,Glenn Tipton,,,34
guitarist,Q317516,James Denton,,,34
guitarist,Q356994,Jarvis Cocker,,,34
guitarist,Q313559,Jerry Cantrell,,,34
guitarist,Q464277,Jim Croce,,,34
guitarist,Q506592,John Phillips,,,34
guitarist,Q317742,Johnny Marr,,,34
guitarist,Q313749,Jon Anderson,,,34
guitarist,Q216927,Kris Allen,,,34
guitarist,Q435306,Lindsey Buckingham,,,34
guitarist,Q163211,Lita Ford,,,34
guitarist,Q319277,Mark Lanegan,,,34
guitarist,Q352540,Michael Pitt,,,34
guitarist,Q316878,Mike Patton,,,34
guitarist,Q311875,Pete Doherty,,,34
guitarist,Q505285,Richie Havens,,,34
guitarist,Q157707,Rudolf Schenker,,,34
guitarist,Q312060,Simon Le Bon,,,34
guitarist,Q438106,Sister Rosetta Tharpe,,,34
guitarist,Q352999,Son House,,,34
guitarist,Q354496,Stephen Stills,,,34
guitarist,Q315811,Steve Hackett,,,34
guitarist,Q251068,Wang Leehom,,,34
guitarist,Q144746,Zakk Wylde,,,34
guitarist,Q552925,Arlo Guthrie,,,33
guitarist,Q313849,Ben Moody,,,33
guitarist,Q542101,Boris Grebenshchikov,,,33
guitarist,Q365042,Bret Michaels,,,33
guitarist,Q354519,Charley Patton,,,33
guitarist,Q445438,Christopher Cross,,,33
guitarist,Q311964,Damien Rice,,,33
guitarist,Q317095,Dexter Holland,,,33
guitarist,Q2355665,Douwe Bob,,,33
guitarist,Q232035,Francesca Caccini,,,33
guitarist,Q22964146,Freddie,,,33
guitarist,Q436209,Freddie King,,,33
guitarist,Q357211,Graham Nash,,,33
guitarist,Q533284,Gustavo Cerati,,,33
guitarist,Q258750,India.Arie,,,33
guitarist,Q151304,Jack Antonoff,,,33
guitarist,Q713477,Jacques Dutronc,,,33
guitarist,Q1320912,Jake Bugg,,,33
guitarist,Q232193,Joan Osborne,,,33
guitarist,Q347717,Joe Bonamassa,,,33
guitarist,Q219638,Josh Klinghoffer,,,33
guitarist,Q355397,K. K. Downing,,,33
guitarist,Q242608,Kathleen Hanna,,,33
guitarist,Q311181,Miyavi,,,33
guitarist,Q231015,Orianthi,,,33
guitarist,Q315092,Paul Gilbert,,,33
guitarist,Q349461,Randy Jackson,,,33
guitarist,Q377956,Silvio Rodríguez,,,33
guitarist,Q236370,Souad Massi,,,33
guitarist,Q453406,Stanley Clarke,,,33
guitarist,Q318483,Steve Lukather,,,33
guitarist,Q379824,Tadanobu Asano,,,33
guitarist,Q334670,Ted Nugent,,,33
guitarist,Q559819,Toby Keith,,,33
guitarist,Q46132,Alvin Lee,,,32
guitarist,Q454260,Amandine Bourgeois,,,32
guitarist,Q1195390,Andrew Ridgeley,,,32
guitarist,Q2227698,Andrey Makarevich,,,32
guitarist,Q170042,Bill Monroe,,,32
guitarist,Q369898,Billy Gibbons,,,32
guitarist,Q511259,Chris Norman,,,32
guitarist,Q352473,Dave Navarro,,,32
guitarist,Q310580,David Cook,,,32
guitarist,Q933598,D’Angelo,,,32
guitarist,Q256856,Elisabeth Andreassen,,,32
guitarist,Q707255,Fatoumata Diawara,,,32
guitarist,Q45116,Herman Li,,,32
guitarist,Q316301,James Morrison,,,32
guitarist,Q314245,Jason Becker,,,32
guitarist,Q561596,Johnny Clegg,,,32
guitarist,Q160778,Kai Hansen,,,32
guitarist,Q3784982,Lesley Roy,,,32
guitarist,Q26294,Logan Henderson,,,32
guitarist,Q544641,Mikhail Boyarsky,,,32
guitarist,Q43571872,Mikolas Josef,,,32
guitarist,Q542847,Milton Nascimento,,,32
guitarist,Q371986,Paul Weller,,,32
guitarist,Q366807,Phil Campbell,,,32
guitarist,Q343069,Rivers Cuomo,,,32
guitarist,Q501996,Scatman Crothers,,,32
guitarist,Q272374,Susanna Hoffs,,,32
guitarist,Q16547791,Tomo Miličević,,,32
guitarist,Q315850,Akira Yamaoka,,,31
guitarist,Q448837,André 3000,,,31
guitarist,Q315758,Andy Summers,,,31
guitarist,Q232348,Cat Power,,,31
guitarist,Q16390683,Courtney Barnett,,,31
guitarist,Q380381,Dave Matthews,,,31
guitarist,Q314130,Dmitry Koldun,,,31
guitarist,Q713099,Dwight Yoakam,,,31
guitarist,Q324981,Francis Cabrel,,,31
guitarist,Q466120,Freddy Quinn,,,31
guitarist,Q472578,John Martyn,,,31
guitarist,Q158753,Juan Luis Guerra,,,31
guitarist,Q542886,Jørgen Ingmann,,,31
guitarist,Q435965,Kenny Loggins,,,31
guitarist,Q233977,Lene Marlin,,,31
guitarist,Q233793,Lenna Kuurmaa,,,31
guitarist,Q319374,Leon Russell,,,31
guitarist,Q380261,Little Walter,,,31
guitarist,Q28573952,Manel Navarro,,,31
guitarist,Q504658,Marty Balin,,,31
guitarist,Q61334,Matthias Jabs,,,31
guitarist,Q1242168,Michael Schulte,,,31
guitarist,Q315199,Mick Thomson,,,31
guitarist,Q321092,Mike Rutherford,,,31
guitarist,Q289003,Myles Kennedy,,,31
guitarist,Q348436,Naoki Urasawa,,,31
guitarist,Q497759,Nile Rodgers,,,31
guitarist,Q346801,Peter Buck,,,31
guitarist,Q488603,Scott Walker,,,31
guitarist,Q435060,Steve Albini,,,31
guitarist,Q312691,Steve Howe,,,31
guitarist,Q354181,Steven Van Zandt,,,31
guitarist,Q256884,Thomas Ian Nicholas,,,31
guitarist,Q1622098,Tom Kaulitz,,,31
guitarist,Q313670,Tommy Bolin,,,31
guitarist,Q310298,Tommy Emmanuel,,,31
guitarist,Q313029,Tommy Thayer,,,31
guitarist,Q235223,Wanda Jackson,,,31
guitarist,Q44721,Wes Borland,,,31
guitarist,Q459456,Yuri Landman,,,31
guitarist,Q657604,Zacky Vengeance,,,31
guitarist,Q234394,Åse Kleveland,,,31
guitarist,Q363019,Adrian Belew,,,30
guitarist,Q348177,Alex Lifeson,,,30
guitarist,Q285254,Allan Holdsworth,,,30
guitarist,Q944744,Bill Bailey,,,30
guitarist,Q507734,Chino Moreno,,,30
guitarist,Q28256,Chris Broderick,,,30
guitarist,Q231472,Corinne Bailey Rae,,,30
guitarist,Q433060,Daniel Johnston,,,30
guitarist,Q325389,David A. Stewart,,,30
guitarist,Q434367,Denny Laine,,,30
guitarist,Q366719,GG Allin,,,30
guitarist,Q235515,Janis Ian,,,30
guitarist,Q313813,Jim Root,,,30
guitarist,Q366358,Jimmie Rodgers,,,30
guitarist,Q453583,Julian Bream,,,30
guitarist,Q236735,Laura Marling,,,30
guitarist,Q236125,Linda Perry,,,30
guitarist,Q233393,Marion Raven,,,30
guitarist,Q379560,Mauro Giuliani,,,30
guitarist,Q954997,Michael Nesmith,,,30
guitarist,Q57642,Michael Schenker,,,30
guitarist,Q355382,Midge Ure,,,30
guitarist,Q737387,Pablo Alborán,,,30
guitarist,Q468815,Peter Cetera,,,30
guitarist,Q163063,Peter Hammill,,,30
guitarist,Q854258,Ray Toro,,,30
guitarist,Q120406,Riki Lindhome,,,30
guitarist,Q347986,Steve Jones,,,30
guitarist,Q358538,T-Bone Walker,,,30
guitarist,Q3990695,Thomas McDonell,,,30
guitarist,Q321332,Tony Banks,,,30
guitarist,Q983074,Toquinho,,,30
guitarist,Q239587,Aimee Mann,,,29
guitarist,Q353366,Blackie Lawless,,,29
guitarist,Q331733,Brian Welch,,,29
guitarist,Q2940239,Carrie Brownstein,,,29
guitarist,Q1108634,Colin O'Donoghue,,,29
guitarist,Q722395,Country Joe McDonald,,,29
guitarist,Q323456,Del Shannon,,,29
guitarist,Q223443,Devendra Banhart,,,29
guitarist,Q455818,Duane Eddy,,,29
guitarist,Q980220,Eddie Clarke,,,29
guitarist,Q356598,Elmore James,,,29
guitarist,Q559609,Francis Rossi,,,29
guitarist,Q438124,Gram Parsons,,,29
guitarist,Q506198,Henry Thomas,,,29
guitarist,Q130547,Jason Orange,,,29
guitarist,Q505517,Jeordie White,,,29
guitarist,Q433054,Jim Hall,,,29
guitarist,Q435600,Jimmy Reed,,,29
guitarist,Q319297,Joe Lynn Turner,,,29
guitarist,Q443327,John Simm,,,29
guitarist,Q366747,John Wetton,,,29
guitarist,Q958206,Jorge Blanco,,,29
guitarist,Q1708504,Josh Homme,,,29
guitarist,Q17403398,Laura Rizzotto,,,29
guitarist,Q73463,Miguel,,,29
guitarist,Q364864,Mike Mills,,,29
guitarist,Q382962,Mississippi John Hurt,,,29
guitarist,Q263772,Nancy Wilson,,,29
guitarist,Q436169,Narciso Yepes,,,29
guitarist,Q742763,Omar Naber,,,29
guitarist,Q353973,Pat Smear,,,29
guitarist,Q357455,Ray Davies,,,29
guitarist,Q381022,Ray Parker Jr.,,,29
guitarist,Q526406,Ric Ocasek,,,29
guitarist,Q368354,Richard Ashcroft,,,29
guitarist,Q436759,Roger Whittaker,,,29
guitarist,Q256065,Rokia Traoré,,,29
guitarist,Q1319593,Stevie Young,,,29
guitarist,Q12375361,Stig Rästa,,,29
guitarist,Q1102269,Terry Balsamo,,,29
guitarist,Q364881,Trevor Rabin,,,29
guitarist,Q439366,Wayne Static,,,29
guitarist,Q349551,Adam Gontier,,,28
guitarist,Q344784,Adam Yauch,,,28
guitarist,Q2072790,Adam Young,,,28
guitarist,Q256783,Ane Brun,,,28
guitarist,Q433073,Axel Rudi Pell,,,28
guitarist,Q792976,Benji Madden,,,28
guitarist,Q449239,Big Bill Broonzy,,,28
guitarist,Q508412,Billy Bragg,,,28
guitarist,Q388286,Bobby Womack,,,28
guitarist,Q324764,Bruce Kulick,,,28
guitarist,Q551478,Charlie Daniels,,,28
guitarist,Q364890,Dave Davies,,,28
guitarist,Q320915,David Gray,,,28
guitarist,Q339423,Fenriz,,,28
guitarist,Q335184,Graham Coxon,,,28
guitarist,Q349101,Jason White,,,28
guitarist,Q712914,Jerry Reed,,,28
guitarist,Q263194,Joan Armatrading,,,28
guitarist,Q370293,John Williams,,,28
guitarist,Q119015,Jorge Ben,,,28
guitarist,Q280077,Kevin Ayers,,,28
guitarist,Q240509,Kim Deal,,,28
guitarist,Q19592786,Kjetil Mørland,,,28
guitarist,Q543637,Lyle Lovett,,,28
guitarist,Q1141809,Masaharu Fukuyama,,,28
guitarist,Q450285,Mikael Åkerfeldt,,,28
guitarist,Q29561472,Morgan Wallen,,,28
guitarist,Q320639,Noel Redding,,,28
guitarist,Q2994183,Oleg Gazmanov,,,28
guitarist,Q335579,Omar Rodríguez-López,,,28
guitarist,Q711197,Otis Rush,,,28
guitarist,Q449804,Paul Simonon,,,28
guitarist,Q961671,Rick Parfitt,,,28
guitarist,Q455723,Robert Cray,,,28
guitarist,Q437970,Ryan Adams,,,28
guitarist,Q7384395,Ryan O'Shaughnessy,,,28
guitarist,Q435780,Sammy Hagar,,,28
guitarist,Q430932,Scotty Moore,,,28
guitarist,Q11892778,Sebastian Rejman,,,28
guitarist,Q380289,Skip James,,,28
guitarist,Q471811,Steve Cropper,,,28
guitarist,Q366777,Stone Gossard,,,28
guitarist,Q430905,Tim McIlrath,,,28
guitarist,Q156139,Uli Jon Roth,,,28
guitarist,Q366758,Vivian Campbell,,,28
guitarist,Q375792,Warren Zevon,,,28
guitarist,Q257182,Yvonne Elliman,,,28
guitarist,Q349127,Adam Darski,,,27
guitarist,Q498745,Barney Kessel,,,27
guitarist,Q810695,Bat for Lashes,,,27
guitarist,Q816518,Ben Howard,,,27
guitarist,Q45001,Blind Lemon Jefferson,,,27
guitarist,Q712586,Blind Willie Johnson,,,27
guitarist,Q345373,Bob Klose,,,27
guitarist,Q888316,Bob Weir,,,27
guitarist,Q272253,Bobbie Gentry,,,27
guitarist,Q335598,Derek Sherinian,,,27
guitarist,Q260649,Edie Brickell,,,27
guitarist,Q535444,Eugene Hütz,,,27
guitarist,Q356792,Frank Klepacki,,,27
guitarist,Q1153310,Gary Clark Jr.,,,27
guitarist,Q433661,Glenn Branca,,,27
guitarist,Q354654,Glenn Danzig,,,27
guitarist,Q1586454,Harry Chapin,,,27
guitarist,Q560969,Hermeto Pascoal,,,27
guitarist,Q471774,Ismaël Lô,,,27
guitarist,Q248981,Jad Fair,,,27
guitarist,Q314343,"James ""Munky"" Shaffer",,,27
guitarist,Q326937,James Burton,,,27
guitarist,Q320883,Joe Pass,,,27
guitarist,Q345431,John Mellencamp,,,27
guitarist,Q337578,Jordan Galland,,,27
guitarist,Q315107,José González,,,27
guitarist,Q18637137,Kelsea Ballerini,,,27
guitarist,Q443712,Kenji Kawai,,,27
guitarist,Q498715,Larry Coryell,,,27
guitarist,Q363320,Lee Ritenour,,,27
guitarist,Q435552,Lightnin' Hopkins,,,27
guitarist,Q437752,Loudon Wainwright III,,,27
guitarist,Q352737,Loukas Yorkas,,,27
guitarist,Q166197,Luke Bryan,,,27
guitarist,Q51960,Marisa Monte,,,27
guitarist,Q919565,Marty Robbins,,,27
guitarist,Q240808,Maureen Tucker,,,27
guitarist,Q242605,Natalie Maines,,,27
guitarist,Q346794,Nick Simper,,,27
guitarist,Q2365826,Nikolai Karachentsov,,,27
guitarist,Q510361,Nina Nesbitt,,,27
guitarist,Q505692,Peter Murphy,,,27
guitarist,Q380318,Quorthon,,,27
guitarist,Q436648,Richey Edwards,,,27
guitarist,Q1076623,Richie Faulkner,,,27
guitarist,Q449140,Roger McGuinn,,,27
guitarist,Q365670,Roy Harper,,,27
guitarist,Q360485,Scott Ian,,,27
guitarist,Q105823,Shagrath,,,27
guitarist,Q342686,Stefan Olsdal,,,27
guitarist,Q367617,Steve Clark,,,27
guitarist,Q380125,Sungha Jung,,,27
guitarist,Q235449,The Singing Nun,,,27
guitarist,Q333335,"Tim ""Ripper"" Owens",,,27
guitarist,Q1046612,Tom Chaplin,,,27
guitarist,Q505994,Tony Visconti,,,27
guitarist,Q54867,Trace Cyrus,,,27
guitarist,Q355512,Victor Wooten,,,27
guitarist,Q205640,Vinnie Vincent,,,27
guitarist,Q4661964,Aaron Dessner,,,26
guitarist,Q453314,Al Jardine,,,26
guitarist,Q1964661,Alexander Gradsky,,,26
guitarist,Q234727,Ana Vidović,,,26
guitarist,Q527320,Andy Rourke,,,26
guitarist,Q1524545,Bledar Sejko,,,26
guitarist,Q316528,Blixa Bargeld,,,26
guitarist,Q710695,Bobbejaan Schoepen,,,26
guitarist,Q1056320,Brad Whitford,,,26
guitarist,Q552479,Brendan Perry,,,26
guitarist,Q344013,Brett Anderson,,,26
guitarist,Q504920,Carl Wilson,,,26
guitarist,Q1066772,Charley Pride,,,26
guitarist,Q465636,Doc Watson,,,26
guitarist,Q704399,Don Felder,,,26
guitarist,Q440048,Gaspar Sanz Celma,,,26
guitarist,Q432743,Gavin Rossdale,,,26
guitarist,Q345348,Gem Archer,,,26
guitarist,Q288560,George Thorogood,,,26
guitarist,Q601427,Grant Green,,,26
guitarist,Q559844,Haim Saban,,,26
guitarist,Q365478,Hank Marvin,,,26
guitarist,Q455545,Ian MacKaye,,,26
guitarist,Q720005,Jahn Teigen,,,26
guitarist,Q356305,Jamie Cullum,,,26
guitarist,Q195439,Jason Aldean,,,26
guitarist,Q431401,Jeff Healey,,,26
guitarist,Q357176,John Scofield,,,26
guitarist,Q540283,John Taylor,,,26
guitarist,Q525716,Jonathan Jackson,,,26
guitarist,Q526330,Justin Chancellor,,,26
guitarist,Q464171,Leisha Hailey,,,26
guitarist,Q434907,Loredana Bertè,,,26
guitarist,Q504636,Marian Gold,,,26
guitarist,Q347180,Mark St. John,,,26
guitarist,Q254510,Melissa Auf der Maur,,,26
guitarist,Q464728,Memphis Minnie,,,26
guitarist,Q1355431,Michael Kiwanuka,,,26
guitarist,Q357515,Michael W. Smith,,,26
guitarist,Q3239689,Micky Dolenz,,,26
guitarist,Q919156,Mike Bloomfield,,,26
guitarist,Q381797,Mike McCready,,,26
guitarist,Q1372387,Mikhail Krug,,,26
guitarist,Q764843,Nathan East,,,26
guitarist,Q306080,Olve Eikemo,,,26
guitarist,Q235095,Peaches,,,26
guitarist,Q597433,Peter Tork,,,26
guitarist,Q235042,Piret Järvis,,,26
guitarist,Q352452,Robb Flynn,,,26
guitarist,Q362406,Ronnie Drew,,,26
guitarist,Q561053,Roy Buchanan,,,26
guitarist,Q370928,Sacha Distel,,,26
guitarist,Q266080,Sara Tavares,,,26
guitarist,Q781634,Steve Earle,,,26
guitarist,Q378727,Timothy Buckley,,,26
guitarist,Q337891,Vlatko Ilievski,,,26
guitarist,Q349892,Adam Jones,,,25
guitarist,Q455605,Al Kooper,,,25
guitarist,Q2459284,Alexander Galich,,,25
guitarist,Q463185,Allen Collins,,,25
guitarist,Q709044,Arthur Crudup,,,25
guitarist,Q129880,Ashba,,,25
guitarist,Q684021,Baaba Maal,,,25
guitarist,Q438885,Bernard Sumner,,,25
guitarist,Q434968,Bill Frisell,,,25
guitarist,Q11627,Black Francis,,,25
guitarist,Q452411,Bootsy Collins,,,25
guitarist,Q712353,Buck Owens,,,25
guitarist,Q877858,Chris Daughtry,,,25
guitarist,Q201047,Dan Fogelberg,,,25
guitarist,Q935369,Daniel Lanois,,,25
guitarist,Q935983,Dickey Betts,,,25
guitarist,Q1282910,Eddie Money,,,25
guitarist,Q454320,Elizabeth Cotten,,,25
guitarist,Q2914736,Ezra Koenig,,,25
guitarist,Q332596,Ferdinando Carulli,,,25
guitarist,Q739660,Floyd Red Crow Westerman,,,25
guitarist,Q20235,Franzl Lang,,,25
guitarist,Q968498,Gary Holt,,,25
guitarist,Q445448,Gary Rossington,,,25
guitarist,Q337722,Gavin DeGraw,,,25
guitarist,Q437255,Greg Graffin,,,25
guitarist,Q552819,Hank Williams Jr.,,,25
guitarist,Q306122,Hyde,,,25
guitarist,Q361881,Iron & Wine,,,25
guitarist,Q1680270,James Dean Bradfield,,,25
guitarist,Q317481,Jesper Strömblad,,,25
guitarist,Q576535,Joey Santiago,,,25
guitarist,Q520296,John Prine,,,25
guitarist,Q431060,John Sykes,,,25
guitarist,Q762673,Joyce Jonathan,,,25
guitarist,Q22003277,Julien Baker,,,25
guitarist,Q255355,Kenny Burrell,,,25
guitarist,Q16730833,Kiesza,,,25
guitarist,Q601977,Kiko Loureiro,,,25
guitarist,Q25658,Linde Lindström,,,25
guitarist,Q258761,Liz Phair,,,25
guitarist,Q27743,Lonnie Donegan,,,25
guitarist,Q957627,Luis Alberto Spinetta,,,25
guitarist,Q377558,Mario Castelnuovo-Tedesco,,,25
guitarist,Q375040,Matt Heafy,,,25
guitarist,Q855207,Matthew Tuck,,,25
guitarist,Q237952,Meredith Brooks,,,25
guitarist,Q468054,Mick Mars,,,25
guitarist,Q610267,Murray Head,,,25
guitarist,Q31959,Pat Martino,,,25
guitarist,Q362333,Phil Manzanera,,,25
guitarist,Q219519,Phillip Phillips,,,25
guitarist,Q1890642,Pyotr Todorovsky,,,25
guitarist,Q1929135,Ray Price,,,25
guitarist,Q465196,Rex Brown,,,25
guitarist,Q539955,Richard Thompson,,,25
guitarist,Q335807,Ron Asheton,,,25
guitarist,Q918484,Roy Wood,,,25
guitarist,Q841247,Ryan Ross,,,25
guitarist,Q552384,Sananda Maitreya,,,25
guitarist,Q14538,Sharon Van Etten,,,25
guitarist,Q731231,Slim Harpo,,,25
guitarist,Q2010571,Steve Miller,,,25
guitarist,Q285312,Tom Verlaine,,,25
guitarist,Q983338,Tony Joe White,,,25
guitarist,Q506453,Tony Sheridan,,,25
guitarist,Q124008,Urs Bühler,,,25
guitarist,Q924232,Vince Gill,,,25
guitarist,Q921204,Walter Becker,,,25
guitarist,Q349799,Ad-Rock,,,24
guitarist,Q348658,Adam Ant,,,24
guitarist,Q371289,Al Pitrelli,,,24
guitarist,Q741119,Albert Collins,,,24
guitarist,Q455236,Alexis Korner,,,24
guitarist,Q435786,Andrew Latimer,,,24
guitarist,Q234019,Anneke van Giersbergen,,,24
guitarist,Q332953,Bert Jansch,,,24
guitarist,Q1153370,Brian McKnight,,,24
guitarist,Q2941198,Cassadee Pope,,,24
guitarist,Q449525,Chas Chandler,,,24
guitarist,Q437476,Chris Barnes,,,24
guitarist,Q46976,Chris Poland,,,24
guitarist,Q269624,Chris Shiflett,,,24
guitarist,Q540516,Cui Jian,,,24
guitarist,Q443007,Daevid Allen,,,24
guitarist,Q17403213,Daniel Wayne Sermón,,,24
guitarist,Q1051550,Danny Jones,,,24
guitarist,Q908569,Don Williams,,,24
guitarist,Q529942,Francis Bebey,,,24
guitarist,Q959153,Frank Stallone,,,24
guitarist,Q471979,Gene Clark,,,24
guitarist,Q503701,George Young,,,24
guitarist,Q2507186,Hilton Valentine,,,24
guitarist,Q561127,Jacek Kaczmarski,,,24
guitarist,Q443395,Jason Everman,,,24
guitarist,Q538543,Jimmie Vaughan,,,24
guitarist,Q438092,John Abercrombie,,,24
guitarist,Q708884,"Johnny ""Guitar"" Watson",,,24
guitarist,Q2468138,Johnny Yong Bosch,,,24
guitarist,Q164869,Jon Lajoie,,,24
guitarist,Q713183,Jorma Kaukonen,,,24
guitarist,Q357168,Kurt Nilsen,,,24
guitarist,Q237654,Lisa Loeb,,,24
guitarist,Q128828,Logan Miller,,,24
guitarist,Q454075,Magne Furuholmen,,,24
guitarist,Q1507654,Manitas de Plata,,,24
guitarist,Q370231,Mark Jansen,,,24
guitarist,Q454309,Martin Barre,,,24
guitarist,Q1339485,Melvil Poupaud,,,24
guitarist,Q372797,Michael Weikath,,,24
guitarist,Q361677,Mick Ronson,,,24
guitarist,Q379992,Mikel Laboa,,,24
guitarist,Q547660,Mutt Lange,,,24
guitarist,Q345294,Nate Mendel,,,24
guitarist,Q389242,Neal Schon,,,24
guitarist,Q431591,Neko Case,,,24
guitarist,Q372278,Nuno Bettencourt,,,24
guitarist,Q560953,Pablo Milanés,,,24
guitarist,Q1388730,Peret,,,24
guitarist,Q381450,Peter Banks,,,24
guitarist,Q366614,Peter Tägtgren,,,24
guitarist,Q2033344,Peter Yarrow,,,24
guitarist,Q511488,Phil Collen,,,24
guitarist,Q1356665,Randy Meisner,,,24
guitarist,Q960809,Richard Grieco,,,24
guitarist,Q446627,Richard Hell,,,24
guitarist,Q258846,Rickie Lee Jones,,,24
guitarist,Q380988,Roger Hodgson,,,24
guitarist,Q721819,Roy Clark,,,24
guitarist,Q238020,Skin,,,24
guitarist,Q450815,Snowy White,,,24
guitarist,Q506950,Steve Marriott,,,24
guitarist,Q360634,Toshi,,,24
guitarist,Q1345338,Tyler Bates,,,24
guitarist,Q525698,Vic Chesnutt,,,24
guitarist,Q732049,Wolf Hoffmann,,,24
guitarist,Q4170757,Yohio,,,24
guitarist,Q324431,Adam Taubitz,,,23
guitarist,Q399102,Agustín Pío Barrios,,,23
guitarist,Q111603847,Aleksandra Skochilenko,,,23
guitarist,Q458625,Alex Kapranos,,,23
guitarist,Q57700,Andi Deris,,,23
guitarist,Q809077,Barry McGuire,,,23
guitarist,Q816502,Ben Gibbard,,,23
guitarist,Q181689,Blind Willie McTell,,,23
guitarist,Q896109,Boz Scaggs,,,23
guitarist,Q912394,Brian Hyland,,,23
guitarist,Q544283,Carlos Puebla,,,23
guitarist,Q257267,Christy Moore,,,23
guitarist,Q22003474,Colin Brittain,,,23
guitarist,Q451088,Dale Crover,,,23
guitarist,Q2418836,Dan Auerbach,,,23
guitarist,Q1802,Daniel Balavoine,,,23
guitarist,Q560354,David Edwards,,,23
guitarist,Q370726,Derek Trucks,,,23
guitarist,Q617932,Dierks Bentley,,,23
guitarist,Q259415,Dirk Verbeuren,,,23
guitarist,Q358732,Doug Aldrich,,,23
guitarist,Q127548,Dweezil Zappa,,,23
guitarist,Q1334244,Elvin Bishop,,,23
guitarist,Q472663,F. R. David,,,23
guitarist,Q460325,Fred Frith,,,23
guitarist,Q343304,Gilby Clarke,,,23
guitarist,Q1010602,Giorgio Gaber,,,23
guitarist,Q524114,Guy Pratt,,,23
guitarist,Q499662,Herb Ellis,,,23
guitarist,Q629761,Hubert Sumlin,,,23
guitarist,Q722003,Jack Sherman,,,23
guitarist,Q1293637,Jack Wagner,,,23
guitarist,Q946452,Jim Corr,,,23
guitarist,Q1629524,John LeCompt,,,23
guitarist,Q967761,John Sebastian,,,23
guitarist,Q1702399,Johnny Rivers,,,23
guitarist,Q379608,Jon Carin,,,23
guitarist,Q435679,Juice Newton,,,23
guitarist,Q25770,Juliana Hatfield,,,23
guitarist,Q287309,Kate Pierson,,,23
guitarist,Q233946,Kate Voegele,,,23
guitarist,Q262294,Keren Ann,,,23
guitarist,Q452227,Larry Carlton,,,23
guitarist,Q1344554,Leslie West,,,23
guitarist,Q536198,Lisa Fischer,,,23
guitarist,Q236505,Lisa Miskovsky,,,23
guitarist,Q561310,Liu Kang,,,23
guitarist,Q369933,Luke Kelly,,,23
guitarist,Q269690,Maddalena Casulana,,,23
guitarist,Q448704,Mary Ford,,,23
guitarist,Q538716,Matt Schulze,,,23
guitarist,Q373669,Michael Amott,,,23
guitarist,Q446286,Michael Romeo,,,23
guitarist,Q529643,Mick Box,,,23
guitarist,Q713521,Mike Ness,,,23
guitarist,Q2836528,Mon Laferte,,,23
guitarist,Q550436,Neil Finn,,,23
guitarist,Q438518,Nocturno Culto,,,23
guitarist,Q521623,Ola Rapace,,,23
guitarist,Q1988375,Oleh Skrypka,,,23
guitarist,Q655450,Pat O'Brien,,,23
guitarist,Q707293,Paul Kossoff,,,23
guitarist,Q438175,Paul Waaktaar-Savoy,,,23
guitarist,Q1493339,Pete Ham,,,23
guitarist,Q266911,Phoebe Snow,,,23
guitarist,Q112275924,PVR Raja,,,23
guitarist,Q2123902,R. L. Burnside,,,23
guitarist,Q539944,Rick Danko,,,23
guitarist,Q959829,Robert Z'Dar,,,23
guitarist,Q362056,Rocky Gray,,,23
guitarist,Q1798526,Roy Khan,,,23
guitarist,Q51909953,Sam Fender,,,23
guitarist,Q842070,Sami Vänskä,,,23
guitarist,Q921496,Sergey Shnurov,,,23
guitarist,Q953450,Seu Jorge,,,23
guitarist,Q235143,Sharon Corr,,,23
guitarist,Q292092,Sophie B. Hawkins,,,23
guitarist,Q553861,Squarepusher,,,23
guitarist,Q235931,Teena Marie,,,23
guitarist,Q615123,Terje Rypdal,,,23
guitarist,Q719205,Tetsuya Komuro,,,23
guitarist,Q503710,Tim Armstrong,,,23
guitarist,Q470408,Tim Staffell,,,23
guitarist,Q539116,Tom Fogerty,,,23
guitarist,Q540119,Tommy Ingebrigtsen,,,23
guitarist,Q592483,Tracii Guns,,,23
guitarist,Q1155641,Tsunku,,,23
guitarist,Q520504,Vicente Espinel,,,23
guitarist,Q293696,Vonda Shepard,,,23
guitarist,Q998702,Yanka Dyagileva,,,23
guitarist,Q2356011,Yuri Antonov,,,23
guitarist,Q719520,Alan Wilson,,,22
guitarist,Q597936,"Albert Hammond, Jr.",,,22
guitarist,Q443818,Alex Skolnick,,,22
guitarist,Q236523,Allison Iraheta,,,22
guitarist,Q471687,Andrius Mamontovas,,,22
guitarist,Q353388,Andy Bell,,,22
guitarist,Q455959,Arjen Lucassen,,,22
guitarist,Q792941,Benjamin Burnley,,,22
guitarist,Q465296,Beth Orton,,,22
guitarist,Q703767,Booker T. Jones,,,22
guitarist,Q1000366,Bucky Pizzarelli,,,22
guitarist,Q642942,Christophe Barratier,,,22
guitarist,Q1095533,Clarence White,,,22
guitarist,Q950376,Cliff Edwards,,,22
guitarist,Q271795,Crystal Bowersox,,,22
guitarist,Q611349,Dhani Harrison,,,22
guitarist,Q971422,Ed King,,,22
guitarist,Q540533,Eddie Hazel,,,22
guitarist,Q514197,Gene Hoglan,,,22
guitarist,Q1059281,Glen Drover,,,22
guitarist,Q145633,Graham Bonnet,,,22
guitarist,Q705784,Gábor Szabó,,,22
guitarist,Q80530,Hoyt Axton,,,22
guitarist,Q712678,Ian Hunter,,,22
guitarist,Q464833,Ian McDonald,,,22
guitarist,Q3046138,Ivan Král,,,22
guitarist,Q6130043,James Bowen,,,22
guitarist,Q445136,James Valentine,,,22
guitarist,Q66771,Jasmin Tabatabai,,,22
guitarist,Q707921,Jeremy Camp,,,22
guitarist,Q449658,John 5,,,22
guitarist,Q708396,John Illsley,,,22
guitarist,Q3491402,John Konesky,,,22
guitarist,Q502896,John Norum,,,22
guitarist,Q505072,Johnny Thunders,,,22
guitarist,Q709470,Jonathan Richman,,,22
guitarist,Q1706810,Joseph Cross,,,22
guitarist,Q451076,Josh Freese,,,22
guitarist,Q153725,Jung Yong-hwa,,,22
guitarist,Q552608,Justin Hawkins,,,22
guitarist,Q2076087,Karen Elson,,,22
guitarist,Q465808,Karl Logan,,,22
guitarist,Q362277,Kazunari Ninomiya,,,22
guitarist,Q1347072,Keb' Mo',,,22
guitarist,Q735736,Koffi Olomide,,,22
guitarist,Q454933,Leo Brouwer,,,22
guitarist,Q514985,Les Claypool,,,22
guitarist,Q270239,Lissie,,,22
guitarist,Q1351751,Lonnie Johnson,,,22
guitarist,Q355411,Luca Turilli,,,22
guitarist,Q15746737,Luke Hemmings,,,22
guitarist,Q285444,Madeleine Peyroux,,,22
guitarist,Q534151,Mark Mancina,,,22
guitarist,Q469912,Matteo Carcassi,,,22
guitarist,Q72720,Meshell Ndegeocello,,,22
guitarist,Q1929388,Michael Sembello,,,22
guitarist,Q220889,Mike Stern,,,22
guitarist,Q713880,Miles Kane,,,22
guitarist,Q61730,Mille Petrozza,,,22
guitarist,Q241715,Ole Beich,,,22
guitarist,Q983221,Oliver Mtukudzi,,,22
guitarist,Q1986211,Paul Banks,,,22
guitarist,Q266006,Paz Lenchantin,,,22
guitarist,Q1350527,Phil Lesh,,,22
guitarist,Q383926,Pink Anderson,,,22
guitarist,Q444021,Richard Fortus,,,22
guitarist,Q1143956,Rick Savage,,,22
guitarist,Q838994,Robert Westerholt,,,22
guitarist,Q337392,Robin Finck,,,22
guitarist,Q554025,Roland Orzabal,,,22
guitarist,Q1784139,Sam Totman,,,22
guitarist,Q455536,Selda Bağcan,,,22
guitarist,Q60998,Shantel,,,22
guitarist,Q2014395,Shaun Morgan,,,22
guitarist,Q267438,Shawn Colvin,,,22
guitarist,Q2144018,Spencer Davis,,,22
guitarist,Q15104233,Steven Price,,,22
guitarist,Q459404,Sébastien Lefebvre,,,22
guitarist,Q1046616,Tim Rice-Oxley,,,22
guitarist,Q380304,Timo Tolkki,,,22
guitarist,Q944128,Timothy B. Schmit,,,22
guitarist,Q1051540,Tom Fletcher,,,22
guitarist,Q387896,Trevor Bolder,,,22
guitarist,Q252200,Vinnie Moore,,,22
guitarist,Q442237,William DuVall,,,22
guitarist,Q8077002,Ásgeir Trausti,,,22
guitarist,Q302280,Aaron Lewis,,,21
guitarist,Q16726249,Alana Haim,,,21
guitarist,Q577975,Albert Lee,,,21
guitarist,Q206693,Alex Chilton,,,21
guitarist,Q269379,Alison Mosshart,,,21
guitarist,Q453600,Anthony Phillips,,,21
guitarist,Q259788,Asaf Avidan,,,21
guitarist,Q464993,Baden Powell,,,21
guitarist,Q127495,Bernie Leadon,,,21
guitarist,Q640953,Billy Sherwood,,,21
guitarist,Q2041904,Boz Burrell,,,21
guitarist,Q721474,Brad Delp,,,21
guitarist,Q472487,Buddy Miles,,,21
guitarist,Q589781,Butch Walker,,,21
guitarist,Q711367,Buzz Osborne,,,21
guitarist,Q434242,Carl Barât,,,21
guitarist,Q469262,Charlie Byrd,,,21
guitarist,Q770668,Chris Hillman,,,21
guitarist,Q861227,Chris Stein,,,21
guitarist,Q1103721,Clyde McPhatter,,,21
guitarist,Q550900,Conor Oberst,,,21
guitarist,Q460445,Corey Beaulieu,,,21
guitarist,Q1136149,Cosmo Jarvis,,,21
guitarist,Q983410,Daniel Johns,,,21
guitarist,Q459220,Dave Baksh,,,21
guitarist,Q918535,Dave Mason,,,21
guitarist,Q472404,Dennis Stratton,,,21
guitarist,Q2372665,Dmitry Kharatyan,,,21
guitarist,Q1251900,Doug Yule,,,21
guitarist,Q1051531,Dougie Poynter,,,21
guitarist,Q767972,Ed Quinn,,,21
guitarist,Q1345949,Enver İzmaylov,,,21
guitarist,Q17254154,Estás Tonné,,,21
guitarist,Q714602,Floyd Council,,,21
guitarist,Q962043,Freddy Cannon,,,21
guitarist,Q609325,Geoff Nicholls,,,21
guitarist,Q442207,Gillian Welch,,,21
guitarist,Q559273,Glen Benton,,,21
guitarist,Q540655,Graham Gouldman,,,21
guitarist,Q445367,Hal Sparks,,,21
guitarist,Q1103528,Hamza Namira,,,21
guitarist,Q185468,Ian Stuart Donaldson,,,21
guitarist,Q23867507,Ilya Naishuller,,,21
guitarist,Q943804,Jan Akkerman,,,21
guitarist,Q432750,Jani Liimatainen,,,21
guitarist,Q711078,Jason James Richter,,,21
guitarist,Q2627462,Jennifer Nettles,,,21
guitarist,Q255553,Joe Trohman,,,21
guitarist,Q719681,John Hiatt,,,21
guitarist,Q63204,John Kay,,,21
guitarist,Q456005,Jon Schaffer,,,21
guitarist,Q457060,Kele Okereke,,,21
guitarist,Q464619,Kim Thayil,,,21
guitarist,Q435330,Kristin Hersh,,,21
guitarist,Q440272,Lee DeWyze,,,21
guitarist,Q242437,Lights,,,21
guitarist,Q2988170,Linnea Quigley,,,21
guitarist,Q236762,Marié Digby,,,21
guitarist,Q547366,Mark Tremonti,,,21
guitarist,Q1190397,Matt Berry,,,21
guitarist,Q925947,Matt Cardle,,,21
guitarist,Q433726,Michael Angelo Batio,,,21
guitarist,Q957956,Mick Abrahams,,,21
guitarist,Q320726,Mick Ralphs,,,21
guitarist,Q539432,Mike Starr,,,21
guitarist,Q447032,Nanci Griffith,,,21
guitarist,Q955635,Nick Valensi,,,21
guitarist,Q504954,Nils Lofgren,,,21
guitarist,Q387655,Noddy Holder,,,21
guitarist,Q350481,Oscar Dronjak,,,21
guitarist,Q548449,Paul Carrack,,,21
guitarist,Q1133611,Paul Stookey,,,21
guitarist,Q371232,Petri Lindroos,,,21
guitarist,Q337601,Pier Gonella,,,21
guitarist,Q2369235,Pyotr Mamonov,,,21
guitarist,Q532053,Ralph Towner,,,21
guitarist,Q580371,Robert de Visée,,,21
guitarist,Q358842,"Ron ""Bumblefoot"" Thal",,,21
guitarist,Q708236,Ronnie Lane,,,21
guitarist,Q503770,Ross the Boss,,,21
guitarist,Q948561,Ryo Kawasaki,,,21
guitarist,Q16223171,Sam Hunt,,,21
guitarist,Q460682,Seasick Steve,,,21
guitarist,Q983297,Shahin Najafi,,,21
guitarist,Q501429,Skip Spence,,,21
guitarist,Q291115,Stephen Carpenter,,,21
guitarist,Q374962,Steve Stevens,,,21
guitarist,Q1225141,T Bone Burnett,,,21
guitarist,Q132070,Theuns Jordaan,,,21
guitarist,Q30122853,Tom Walker,,,21
guitarist,Q1284241,Tommy Steele,,,21
guitarist,Q44078,Tony MacAlpine,,,21
guitarist,Q1383923,Tor Endresen,,,21
guitarist,Q274312,Zhanna Bichevskaya,,,21
guitarist,Q503783,Andrew Bird,,,20
guitarist,Q6462653,Angel Olsen,,,20
guitarist,Q264610,Anna Nalick,,,20
guitarist,Q944759,Aurelio Voltaire,,,20
guitarist,Q545516,Bertrand Cantat,,,20
guitarist,Q380316,Björn Gelotte,,,20
guitarist,Q174478,Blind Boy Fuller,,,20
guitarist,Q910472,Bret Harrison,,,20
guitarist,Q918497,Bukka White,,,20
guitarist,Q727249,Carlinhos Brown,,,20
guitarist,Q2330684,Chris Dreja,,,20
guitarist,Q74908,Dan Donegan,,,20
guitarist,Q1167073,Dario Moreno,,,20
guitarist,Q718287,David Bedford,,,20
guitarist,Q932959,David Gates,,,20
guitarist,Q1226921,Dion DiMucci,,,20
guitarist,Q456851,Dionisio Aguado y García,,,20
guitarist,Q599257,Dominic Miller,,,20
guitarist,Q727090,Dorival Caymmi,,,20
guitarist,Q262772,Eliot Sumner,,,20
guitarist,Q551621,Eric Peterson,,,20
guitarist,Q726170,Erlend Øye,,,20
guitarist,Q712873,Evan Taubenfeld,,,20
guitarist,Q3064804,Fally Ipupa,,,20
guitarist,Q1001491,Finn Kalvik,,,20
guitarist,Q739915,Fran Healy,,,20
guitarist,Q964219,Fred McDowell,,,20
guitarist,Q511537,Gaby Moreno,,,20
guitarist,Q705424,Gary Lightbody,,,20
guitarist,Q432302,George Winston,,,20
guitarist,Q539911,Gordon Haskell,,,20
guitarist,Q648366,Hank Snow,,,20
guitarist,Q243014,Ida Maria,,,20
guitarist,Q715626,Igor Presnyakov,,,20
guitarist,Q386992,Ihsahn,,,20
guitarist,Q242873,Ingrid Michaelson,,,20
guitarist,Q3156516,Izïa,,,20
guitarist,Q739681,J Mascis,,,20
guitarist,Q3107729,Jackson C. Frank,,,20
guitarist,Q519466,Jake E. Lee,,,20
guitarist,Q555426,Jakob Dylan,,,20
guitarist,Q375957,James Bourne,,,20
guitarist,Q2148580,Jamie Cook,,,20
guitarist,Q258898,Jari Mäenpää,,,20
guitarist,Q2320887,Jason Wade,,,20
guitarist,Q37323,Jeff Young,,,20
guitarist,Q553913,Jeffrey Hammond,,,20
guitarist,Q555387,Jesse Hughes,,,20
guitarist,Q1523866,Joe Duplantier,,,20
guitarist,Q1333939,Joe South,,,20
guitarist,Q270341,Johanna Beisteiner,,,20
guitarist,Q981505,Jorge Cafrune,,,20
guitarist,Q452682,Josh Turner,,,20
guitarist,Q956275,Josh White,,,20
guitarist,Q3051102,Justin Gaston,,,20
guitarist,Q984331,Kurt Vile,,,20
guitarist,Q1378892,Luambo Makiadi,,,20
guitarist,Q932925,Luiz Bonfá,,,20
guitarist,Q775131,Luther Allison,,,20
guitarist,Q204385,Manny Charlton,,,20
guitarist,Q25554,Marcus Mumford,,,20
guitarist,Q456036,Markus Grosskopf,,,20
guitarist,Q470216,Matthias Reim,,,20
guitarist,Q1276598,Merle Travis,,,20
guitarist,Q561190,Michel Polnareff,,,20
guitarist,Q981236,Paco Ibáñez,,,20
guitarist,Q2370283,Patrick Carney,,,20
guitarist,Q257083,Patti Scialfa,,,20
guitarist,Q1403698,Pau Donés,,,20
guitarist,Q607491,Philip Catherine,,,20
guitarist,Q552341,Plan B,,,20
guitarist,Q164721,Reinhard Mey,,,20
guitarist,Q159098,Reverend Gary Davis,,,20
guitarist,Q716361,Richard Hawley,,,20
guitarist,Q547183,Richard Tandy,,,20
guitarist,Q956150,Robben Ford,,,20
guitarist,Q1375663,Robert Hunter,,,20
guitarist,Q518289,Scott Gorham,,,20
guitarist,Q531978,Shannon Hoon,,,20
guitarist,Q935245,Steve Hogarth,,,20
guitarist,Q366578,Sully Erna,,,20
guitarist,Q275625,Susan Tedeschi,,,20
guitarist,Q218031,Terry Bozzio,,,20
guitarist,Q692632,Terry Kath,,,20
guitarist,Q675108,Thomas Gabriel Fischer,,,20
guitarist,Q7793491,Thomas Rhett,,,20
guitarist,Q62929,Tom Beck,,,20
guitarist,Q1351527,Tom Paxton,,,20
guitarist,Q457595,Tomas Haugen,,,20
guitarist,Q965179,Tommy Johnson,,,20
guitarist,Q297486,Vashti Bunyan,,,20
guitarist,Q587628,Vernon Reid,,,20
guitarist,Q505159,Vicente Amigo,,,20
guitarist,Q709464,Will Oldham,,,20
guitarist,Q455762,Willy DeVille,,,20
guitarist,Q582152,Yuri Vizbor,,,20
