final_rank,role,musician_name,normalized_name,source_count,sources,selection_basis,priority_score,djmag_rank,xxl_position,musicradar_position,skiddle_position,djmag_rank_strength,name_variants,notes
1,dj,Carl Cox,carl cox,3,"DJ Mag, MusicRadar, Skiddle",multi_source_core,0.878788,25,,11,2,0.757576,Carl Cox,
2,dj,David Guetta,david guetta,2,"DJ Mag, Skiddle",multi_source_core,0.833333,1,,,4,1.000000,David Guetta,
3,dj,Armin van Buuren,armin van buuren,2,"DJ Mag, Skiddle",multi_source_core,0.813131,5,,,5,0.959596,Armin Van Buuren | Armin van Buuren,
4,dj,Charlotte de Witte,charlotte de witte,2,"DJ Mag, Skiddle",multi_source_core,0.792929,9,,,17,0.919192,Charlotte de Witte,
5,dj,Peggy Gou,peggy gou,2,"DJ Mag, Skiddle",multi_source_core,0.777778,12,,,10,0.888889,Peggy Gou,
6,dj,Calvin Harris,calvin harris,2,"DJ Mag, Skiddle",multi_source_core,0.757576,16,,,19,0.848485,Calvin Harris,
7,dj,Black Coffee,black coffee,2,"DJ Mag, Skiddle",multi_source_core,0.752525,17,,,11,0.838384,Black Coffee,
8,dj,Tiësto,tiesto,2,"DJ Mag, Skiddle",multi_source_core,0.732323,21,,,8,0.797980,Tiesto | Tiësto,
9,dj,Skrillex,skrillex,2,"DJ Mag, Skiddle",multi_source_core,0.681818,31,,,3,0.696970,Skrillex,
10,dj,Fred again..,fred again,2,"DJ Mag, Skiddle",multi_source_core,0.671717,33,,,35,0.676768,Fred again.. | Fred again...,
11,dj,Martin Garrix,martin garrix,1,DJ Mag,single_source_editorial,0.661616,2,,,,0.989899,Martin Garrix,
12,dj,Alok,alok,1,DJ Mag,single_source_editorial,0.656566,3,,,,0.979798,Alok,
13,dj,Eric Prydz,eric prydz,2,"DJ Mag, Skiddle",multi_source_core,0.651515,37,,,9,0.636364,Eric Prydz,
14,dj,Amelie Lens,amelie lens,2,"DJ Mag, Skiddle",multi_source_core,0.646465,38,,,13,0.626263,Amelie Lens,
15,dj,Timmy Trumpet,timmy trumpet,1,DJ Mag,single_source_editorial,0.641414,6,,,,0.949495,Timmy Trumpet,
16,dj,FISHER,fisher,1,DJ Mag,single_source_editorial,0.636364,7,,,,0.939394,FISHER,
17,dj,Afrojack,afrojack,1,DJ Mag,single_source_editorial,0.631313,8,,,,0.929293,Afrojack,
18,dj,Anyma,anyma,1,DJ Mag,single_source_editorial,0.621212,10,,,,0.909091,Anyma,
19,dj,Vintage Culture,vintage culture,1,DJ Mag,single_source_editorial,0.616162,11,,,,0.898990,Vintage Culture,
20,dj,Don Diablo,don diablo,1,DJ Mag,single_source_editorial,0.606061,13,,,,0.878788,Don Diablo,
21,dj,Steve Aoki,steve aoki,1,DJ Mag,single_source_editorial,0.60101,14,,,,0.868687,Steve Aoki,
22,dj,Hardwell,hardwell,1,DJ Mag,single_source_editorial,0.59596,15,,,,0.858586,Hardwell,
23,dj,Lost Frequencies,lost frequencies,1,DJ Mag,single_source_editorial,0.575758,19,,,,0.818182,Lost Frequencies,
24,dj,Reinier Zonneveld,reinier zonneveld,1,DJ Mag,single_source_editorial,0.560606,22,,,,0.787879,Reinier Zonneveld,
25,dj,KSHMR,kshmr,1,DJ Mag,single_source_editorial,0.555556,23,,,,0.777778,KSHMR,
26,dj,Alan Walker,alan walker,1,DJ Mag,single_source_editorial,0.550505,24,,,,0.767677,Alan Walker,
27,dj,Oliver Heldens,oliver heldens,1,DJ Mag,single_source_editorial,0.540404,26,,,,0.747475,Oliver Heldens,
28,dj,Jamie Jones,jamie jones,1,DJ Mag,single_source_editorial,0.535354,27,,,,0.737374,Jamie Jones,
29,dj,R3hab,r3hab,1,DJ Mag,single_source_editorial,0.530303,28,,,,0.727273,R3hab,
30,dj,Nicky Romero,nicky romero,1,DJ Mag,single_source_editorial,0.525253,29,,,,0.717172,Nicky Romero,
31,dj,Claptone,claptone,1,DJ Mag,single_source_editorial,0.520202,30,,,,0.707071,Claptone,
32,dj,Joel Corry,joel corry,1,DJ Mag,single_source_editorial,0.494949,35,,,,0.656566,Joel Corry,
33,dj,Indira Paganotto,indira paganotto,1,DJ Mag,single_source_editorial,0.489899,36,,,,0.646465,Indira Paganotto,
34,dj,Paul van Dyk,paul van dyk,1,DJ Mag,single_source_editorial,0.474747,39,,,,0.616162,Paul van Dyk,
35,dj,DJ Snake,dj snake,1,DJ Mag,single_source_editorial,0.469697,40,,,,0.606061,DJ Snake,
36,dj,Dom Dolla,dom dolla,1,DJ Mag,single_source_editorial,0.464646,41,,,,0.595960,Dom Dolla,
37,dj,Marshmello,marshmello,1,DJ Mag,single_source_editorial,0.459596,42,,,,0.585859,Marshmello,
38,dj,Zedd,zedd,1,DJ Mag,single_source_editorial,0.449495,44,,,,0.565657,Zedd,
39,dj,John Summit,john summit,1,DJ Mag,single_source_editorial,0.439394,46,,,,0.545455,John Summit,
40,dj,Quintino,quintino,1,DJ Mag,single_source_editorial,0.434343,47,,,,0.535354,Quintino,
41,dj,Michael Bibi,michael bibi,1,DJ Mag,single_source_editorial,0.429293,48,,,,0.525253,Michael Bibi,
42,dj,Deadmau5,deadmau5,2,"DJ Mag, Skiddle",multi_source_core,0.424242,82,,,7,0.181818,Deadmau5,
43,dj,Boris Brejcha,boris brejcha,1,DJ Mag,single_source_editorial,0.424242,49,,,,0.515152,Boris Brejcha,
44,dj,Korolova,korolova,1,DJ Mag,single_source_editorial,0.419192,50,,,,0.505051,Korolova,
45,dj,Alesso,alesso,1,DJ Mag,single_source_editorial,0.414141,51,,,,0.494949,Alesso,
46,dj,James Hype,james hype,1,DJ Mag,single_source_editorial,0.409091,52,,,,0.484848,James Hype,
47,dj,Maddix,maddix,1,DJ Mag,single_source_editorial,0.40404,53,,,,0.474747,Maddix,
48,dj,HUGEL,hugel,1,DJ Mag,single_source_editorial,0.39899,54,,,,0.464646,HUGEL,
49,dj,Solomun,solomun,1,DJ Mag,single_source_editorial,0.393939,55,,,,0.454545,Solomun,
50,dj,Mochakk,mochakk,1,DJ Mag,single_source_editorial,0.388889,56,,,,0.444444,Mochakk,
51,dj,Lilly Palmer,lilly palmer,1,DJ Mag,single_source_editorial,0.383838,57,,,,0.434343,Lilly Palmer,
52,dj,Nora En Pure,nora en pure,1,DJ Mag,single_source_editorial,0.378788,58,,,,0.424242,Nora En Pure,
53,dj,ATB,atb,1,DJ Mag,single_source_editorial,0.373737,59,,,,0.414141,ATB,
54,dj,Deborah De Luca,deborah de luca,1,DJ Mag,single_source_editorial,0.368687,60,,,,0.404040,Deborah De Luca,
55,dj,Sara Landry,sara landry,1,DJ Mag,single_source_editorial,0.358586,62,,,,0.383838,Sara Landry,
56,dj,Honey Dijon,honey dijon,2,"DJ Mag, Skiddle",multi_source_core,0.348485,97,,,16,0.030303,Honey Dijon,
57,dj,Kölsch,kolsch,1,DJ Mag,single_source_editorial,0.343434,65,,,,0.353535,Kölsch,
58,dj,DJ Cash Money,dj cash money,2,"XXL, MusicRadar",multi_source_core,0.333333,,43,10,,0.000000,DJ Cash Money,
59,dj,DJ Kool Herc,dj kool herc,2,"XXL, Skiddle",multi_source_core,0.333333,,1,,30,0.000000,DJ Kool Herc | Kool Herc,
60,dj,DJ Qbert,dj qbert,2,"XXL, MusicRadar",multi_source_core,0.333333,,35,17,,0.000000,DJ Qbert,
61,dj,Grandmaster Flash,grandmaster flash,2,"XXL, MusicRadar",multi_source_core,0.333333,,4,20,,0.000000,Grandmaster Flash,
62,dj,Jam Master Jay,jam master jay,2,"XXL, MusicRadar",multi_source_core,0.333333,,14,13,,0.000000,Jam Master Jay,
63,dj,Nico Moreno,nico moreno,1,DJ Mag,single_source_editorial,0.333333,67,,,,0.333333,Nico Moreno,
64,dj,GORDO,gordo,1,DJ Mag,single_source_editorial,0.328283,68,,,,0.323232,GORDO,
65,dj,PAWSA,pawsa,1,DJ Mag,single_source_editorial,0.323232,69,,,,0.313131,PAWSA,
66,dj,Liu,liu,1,DJ Mag,single_source_editorial,0.313131,71,,,,0.292929,Liu,
67,dj,Mike Williams,mike williams,1,DJ Mag,single_source_editorial,0.308081,72,,,,0.282828,Mike Williams,
68,dj,KAAZE,kaaze,1,DJ Mag,single_source_editorial,0.29798,74,,,,0.262626,KAAZE,
69,dj,Miss Monique,miss monique,1,DJ Mag,single_source_editorial,0.292929,75,,,,0.252525,Miss Monique,
70,dj,Burak Yeter,burak yeter,1,DJ Mag,single_source_editorial,0.287879,76,,,,0.242424,Burak Yeter,
71,dj,Mau P,mau p,1,DJ Mag,single_source_editorial,0.282828,77,,,,0.232323,Mau P,
72,dj,I Hate Models,i hate models,1,DJ Mag,single_source_editorial,0.272727,79,,,,0.212121,I Hate Models,
73,dj,Chris Stussy,chris stussy,1,DJ Mag,single_source_editorial,0.262626,81,,,,0.191919,Chris Stussy,
74,dj,WUKONG,wukong,1,DJ Mag,single_source_editorial,0.252525,83,,,,0.171717,WUKONG,
75,dj,Fedde Le Grand,fedde le grand,1,DJ Mag,single_source_editorial,0.247475,84,,,,0.161616,Fedde Le Grand,
76,dj,Ferry Corsten,ferry corsten,1,DJ Mag,single_source_editorial,0.242424,85,,,,0.151515,Ferry Corsten,
77,dj,Plastik Funk,plastik funk,1,DJ Mag,single_source_editorial,0.237374,86,,,,0.141414,Plastik Funk,
78,dj,B Jones,b jones,1,DJ Mag,single_source_editorial,0.227273,88,,,,0.121212,B Jones,
79,dj,Giuseppe Ottaviani,giuseppe ottaviani,1,DJ Mag,single_source_editorial,0.222222,89,,,,0.111111,Giuseppe Ottaviani,
80,dj,Cuebrick,cuebrick,1,DJ Mag,single_source_editorial,0.217172,90,,,,0.101010,Cuebrick,
81,dj,Mariana Bo,mariana bo,1,DJ Mag,single_source_editorial,0.212121,91,,,,0.090909,Mariana Bo,
82,dj,Fantasm,fantasm,1,DJ Mag,single_source_editorial,0.20202,93,,,,0.070707,Fantasm,
83,dj,Chris Lake,chris lake,1,DJ Mag,single_source_editorial,0.191919,95,,,,0.050505,Chris Lake,
84,dj,Faustix,faustix,1,DJ Mag,single_source_editorial,0.186869,96,,,,0.040404,Faustix,
85,dj,Nils van Zandt,nils van zandt,1,DJ Mag,single_source_editorial,0.176768,98,,,,0.020202,Nils van Zandt,
86,dj,Topic,topic,1,DJ Mag,single_source_editorial,0.171717,99,,,,0.010101,Topic,
87,dj,A-Trak,a trak,1,XXL,single_source_editorial,0.166667,,40,,,0.000000,A-Trak,
88,dj,Adam Beyer,adam beyer,1,Skiddle,single_source_editorial,0.166667,,,,12,0.000000,Adam Beyer,
89,dj,Afrika Bambaataa,afrika bambaataa,1,XXL,single_source_editorial,0.166667,,31,,,0.000000,Afrika Bambaataa,
90,dj,Andrew Weatherall,andrew weatherall,1,Skiddle,single_source_editorial,0.166667,,,,29,0.000000,Andrew Weatherall,
91,dj,Andy C,andy c,1,Skiddle,single_source_editorial,0.166667,,,,14,0.000000,Andy C,
92,dj,Avicii,avicii,1,Skiddle,single_source_editorial,0.166667,,,,6,0.000000,Avicii,
93,dj,Ben Klock,ben klock,1,Skiddle,single_source_editorial,0.166667,,,,32,0.000000,Ben Klock,
94,dj,Brucie B,brucie b,1,XXL,single_source_editorial,0.166667,,34,,,0.000000,Brucie B,
95,dj,Cosmic Kev,cosmic kev,1,XXL,single_source_editorial,0.166667,,22,,,0.000000,Cosmic Kev,
96,dj,Cut Chemist,cut chemist,1,MusicRadar,single_source_editorial,0.166667,,,14,,0.000000,Cut Chemist,
97,dj,David Mancuso,david mancuso,1,MusicRadar,single_source_editorial,0.166667,,,1,,0.000000,David Mancuso,
98,dj,David Rodigan,david rodigan,1,MusicRadar,single_source_editorial,0.166667,,,8,,0.000000,David Rodigan,
99,dj,DJ Alfredo,dj alfredo,1,MusicRadar,single_source_editorial,0.166667,,,2,,0.000000,DJ Alfredo,
100,dj,DJ Andy Smith,dj andy smith,1,MusicRadar,single_source_editorial,0.166667,,,5,,0.000000,DJ Andy Smith,
101,dj,DJ Babu,dj babu,1,XXL,single_source_editorial,0.166667,,38,,,0.000000,DJ Babu,
102,dj,DJ Chuck Chillout,dj chuck chillout,1,XXL,single_source_editorial,0.166667,,37,,,0.000000,DJ Chuck Chillout,
103,dj,DJ Chuckie,dj chuckie,1,MusicRadar,single_source_editorial,0.166667,,,3,,0.000000,DJ Chuckie,
104,dj,DJ Clark Kent,dj clark kent,1,XXL,single_source_editorial,0.166667,,19,,,0.000000,DJ Clark Kent,
105,dj,DJ Clue,dj clue,1,XXL,single_source_editorial,0.166667,,30,,,0.000000,DJ Clue,
106,dj,DJ Doo Wop,dj doo wop,1,XXL,single_source_editorial,0.166667,,17,,,0.000000,DJ Doo Wop,
107,dj,DJ Drama,dj drama,1,XXL,single_source_editorial,0.166667,,10,,,0.000000,DJ Drama,
108,dj,DJ Enuff,dj enuff,1,XXL,single_source_editorial,0.166667,,28,,,0.000000,DJ Enuff,
109,dj,DJ Envy,dj envy,1,XXL,single_source_editorial,0.166667,,39,,,0.000000,DJ Envy,
110,dj,DJ EZ,dj ez,1,Skiddle,single_source_editorial,0.166667,,,,26,0.000000,DJ EZ,
111,dj,DJ Green Lantern,dj green lantern,1,XXL,single_source_editorial,0.166667,,16,,,0.000000,DJ Green Lantern,
112,dj,DJ Greg Street,dj greg street,1,XXL,single_source_editorial,0.166667,,44,,,0.000000,DJ Greg Street,
113,dj,DJ Hollywood,dj hollywood,1,XXL,single_source_editorial,0.166667,,42,,,0.000000,DJ Hollywood,
114,dj,DJ Jazzy Jeff,dj jazzy jeff,1,XXL,single_source_editorial,0.166667,,29,,,0.000000,DJ Jazzy Jeff,
115,dj,DJ Jazzy Joyce,dj jazzy joyce,1,XXL,single_source_editorial,0.166667,,11,,,0.000000,DJ Jazzy Joyce,
116,dj,DJ Kay Slay,dj kay slay,1,XXL,single_source_editorial,0.166667,,18,,,0.000000,DJ Kay Slay,
117,dj,DJ Khaled,dj khaled,1,XXL,single_source_editorial,0.166667,,7,,,0.000000,DJ Khaled,
118,dj,DJ Marky,dj marky,1,MusicRadar,single_source_editorial,0.166667,,,6,,0.000000,DJ Marky,
119,dj,DJ Paulette,dj paulette,1,Skiddle,single_source_editorial,0.166667,,,,20,0.000000,DJ Paulette,
120,dj,DJ Premier,dj premier,1,XXL,single_source_editorial,0.166667,,2,,,0.000000,DJ Premier,
121,dj,DJ Scratch,dj scratch,1,XXL,single_source_editorial,0.166667,,24,,,0.000000,DJ Scratch,
122,dj,DJ Screw,dj screw,1,XXL,single_source_editorial,0.166667,,5,,,0.000000,DJ Screw,
123,dj,DJ Whoo Kid,dj whoo kid,1,XXL,single_source_editorial,0.166667,,21,,,0.000000,DJ Whoo Kid,
124,dj,DJ Yoda,dj yoda,1,MusicRadar,single_source_editorial,0.166667,,,15,,0.000000,DJ Yoda,
125,dj,DJ Z-Trip,dj z trip,1,MusicRadar,single_source_editorial,0.166667,,,19,,0.000000,DJ Z-Trip,
126,dj,Frankie Knuckles,frankie knuckles,1,Skiddle,single_source_editorial,0.166667,,,,18,0.000000,Frankie Knuckles,
127,dj,Funkmaster Flex,funkmaster flex,1,XXL,single_source_editorial,0.166667,,15,,,0.000000,Funkmaster Flex,
128,dj,Grand Wizzard Theodore,grand wizzard theodore,1,XXL,single_source_editorial,0.166667,,6,,,0.000000,Grand Wizzard Theodore,
129,dj,Grandmaster Flowers,grandmaster flowers,1,XXL,single_source_editorial,0.166667,,12,,,0.000000,Grandmaster Flowers,
130,dj,Jeff Mills,jeff mills,1,Skiddle,single_source_editorial,0.166667,,,,22,0.000000,Jeff Mills,
131,dj,Kid Capri,kid capri,1,XXL,single_source_editorial,0.166667,,8,,,0.000000,Kid Capri,
132,dj,Kid Koala,kid koala,1,MusicRadar,single_source_editorial,0.166667,,,9,,0.000000,Kid Koala,
133,dj,King Tech,king tech,1,XXL,single_source_editorial,0.166667,,36,,,0.000000,King Tech,
134,dj,Kool DJ Red Alert,kool dj red alert,1,XXL,single_source_editorial,0.166667,,9,,,0.000000,Kool DJ Red Alert,
135,dj,Larry Levan,larry levan,1,Skiddle,single_source_editorial,0.166667,,,,25,0.000000,Larry Levan,
136,dj,Lil Jon,lil jon,1,XXL,single_source_editorial,0.166667,,3,,,0.000000,Lil Jon,
137,dj,Marley Marl,marley marl,1,XXL,single_source_editorial,0.166667,,25,,,0.000000,Marley Marl,
138,dj,Marlon Hoffstadt,marlon hoffstadt,1,DJ Mag,single_source_editorial,0.166667,100,,,,0.000000,Marlon Hoffstadt,
139,dj,"Michael ""5000"" Watts",michael 5000 watts,1,XXL,single_source_editorial,0.166667,,45,,,0.000000,"Michael ""5000"" Watts",
140,dj,Mister Cee,mister cee,1,XXL,single_source_editorial,0.166667,,32,,,0.000000,Mister Cee,
141,dj,Mr. Magic,mr magic,1,XXL,single_source_editorial,0.166667,,13,,,0.000000,Mr. Magic,
142,dj,Mr. Scruff,mr scruff,1,MusicRadar,single_source_editorial,0.166667,,,16,,0.000000,Mr. Scruff,
143,dj,Norman Jay MBE,norman jay mbe,1,MusicRadar,single_source_editorial,0.166667,,,12,,0.000000,Norman Jay MBE,
144,dj,Paul Oakenfold,paul oakenfold,1,Skiddle,single_source_editorial,0.166667,,,,24,0.000000,Paul Oakenfold,
145,dj,Pete Rock,pete rock,1,XXL,single_source_editorial,0.166667,,41,,,0.000000,Pete Rock,
146,dj,Richie Hawtin,richie hawtin,1,Skiddle,single_source_editorial,0.166667,,,,21,0.000000,Richie Hawtin,
147,dj,Roc Raida,roc raida,1,XXL,single_source_editorial,0.166667,,33,,,0.000000,Roc Raida,
148,dj,Roger Sanchez,roger sanchez,1,Skiddle,single_source_editorial,0.166667,,,,23,0.000000,Roger Sanchez,
149,dj,Ron G,ron g,1,XXL,single_source_editorial,0.166667,,26,,,0.000000,Ron G,
150,dj,Ron Hardy,ron hardy,1,Skiddle,single_source_editorial,0.166667,,,,34,0.000000,Ron Hardy,
151,dj,Sir Spyro,sir spyro,1,Skiddle,single_source_editorial,0.166667,,,,27,0.000000,Sir Spyro,
152,dj,Spinderella,spinderella,1,XXL,single_source_editorial,0.166667,,47,,,0.000000,Spinderella,
153,dj,Statik Selektah,statik selektah,1,XXL,single_source_editorial,0.166667,,48,,,0.000000,Statik Selektah,
154,dj,Stretch Armstrong,stretch armstrong,1,XXL,single_source_editorial,0.166667,,27,,,0.000000,Stretch Armstrong,
155,dj,Terminator X,terminator x,1,XXL,single_source_editorial,0.166667,,46,,,0.000000,Terminator X,
156,dj,Theo Parrish,theo parrish,1,Skiddle,single_source_editorial,0.166667,,,,31,0.000000,Theo Parrish,
157,dj,Tim Westwood,tim westwood,1,XXL,single_source_editorial,0.166667,,20,,,0.000000,Tim Westwood,
158,dj,Tony Touch,tony touch,1,XXL,single_source_editorial,0.166667,,23,,,0.000000,Tony Touch,
159,dj,Youngsta,youngsta,1,Skiddle,single_source_editorial,0.166667,,,,28,0.000000,Youngsta,
