final_rank,role,musician_name,normalized_name,source_count,sources,selection_basis,priority_score,rolling_stone_rank,drumeo_rank,consequence_rank,musicradar_reader_poll_rank,name_variants,notes
1,drummer,John Bonham,john bonham,4,Consequence | Drumeo | MusicRadar Reader Poll | Rolling Stone,multi_source_core,0.997475,1,3,1,1,John Bonham,
2,drummer,Neil Peart,neil peart,4,Consequence | Drumeo | MusicRadar Reader Poll | Rolling Stone,multi_source_core,0.984771,4,2,3,4,Neil Peart,
3,drummer,Buddy Rich,buddy rich,4,Consequence | Drumeo | MusicRadar Reader Poll | Rolling Stone,multi_source_core,0.97851,15,1,2,2,Buddy Rich,
4,drummer,Keith Moon,keith moon,4,Consequence | Drumeo | MusicRadar Reader Poll | Rolling Stone,multi_source_core,0.965858,2,17,7,3,Keith Moon,
5,drummer,Stewart Copeland,stewart copeland,4,Consequence | Drumeo | MusicRadar Reader Poll | Rolling Stone,multi_source_core,0.940373,10,10,8,12,Stewart Copeland,
6,drummer,Mitch Mitchell,mitch mitchell,4,Consequence | Drumeo | MusicRadar Reader Poll | Rolling Stone,multi_source_core,0.929113,8,22,15,8,Mitch Mitchell,
7,drummer,Ringo Starr,ringo starr,4,Consequence | Drumeo | MusicRadar Reader Poll | Rolling Stone,multi_source_core,0.920094,14,7,17,15,Ringo Starr,
8,drummer,Ginger Baker,ginger baker,4,Consequence | Drumeo | MusicRadar Reader Poll | Rolling Stone,multi_source_core,0.902443,3,40,11,14,Ginger Baker,
9,drummer,Gene Krupa,gene krupa,4,Consequence | Drumeo | MusicRadar Reader Poll | Rolling Stone,multi_source_core,0.898268,7,16,4,29,Gene Krupa,
10,drummer,Dave Grohl,dave grohl,4,Consequence | Drumeo | MusicRadar Reader Poll | Rolling Stone,multi_source_core,0.883684,27,27,29,7,Dave Grohl,
11,drummer,Vinnie Colaiuta,vinnie colaiuta,4,Consequence | Drumeo | MusicRadar Reader Poll | Rolling Stone,multi_source_core,0.871934,49,4,9,22,Vinnie Colaiuta,
12,drummer,Steve Gadd,steve gadd,4,Consequence | Drumeo | MusicRadar Reader Poll | Rolling Stone,multi_source_core,0.863121,24,6,41,21,Steve Gadd,
13,drummer,Danny Carey,danny carey,4,Consequence | Drumeo | MusicRadar Reader Poll | Rolling Stone,multi_source_core,0.861987,26,42,14,16,Danny Carey,
14,drummer,Tony Williams,tony williams,3,Consequence | Drumeo | Rolling Stone,multi_source_core,0.829545,19,5,6,,Tony Williams,
15,drummer,Elvin Jones,elvin jones,4,Consequence | Drumeo | MusicRadar Reader Poll | Rolling Stone,multi_source_core,0.824521,23,12,10,49,Elvin Jones,
16,drummer,Phil Collins,phil collins,4,Consequence | Drumeo | MusicRadar Reader Poll | Rolling Stone,multi_source_core,0.818955,43,15,50,20,Phil Collins,
17,drummer,Billy Cobham,billy cobham,4,Consequence | Drumeo | MusicRadar Reader Poll | Rolling Stone,multi_source_core,0.803443,45,8,39,34,Billy Cobham,
18,drummer,Charlie Watts,charlie watts,4,Consequence | Drumeo | MusicRadar Reader Poll | Rolling Stone,multi_source_core,0.803314,12,45,25,39,Charlie Watts,
19,drummer,Terry Bozzio,terry bozzio,4,Consequence | Drumeo | MusicRadar Reader Poll | Rolling Stone,multi_source_core,0.802103,17,23,47,37,Terry Bozzio,
20,drummer,Steve Smith,steve smith,4,Consequence | Drumeo | MusicRadar Reader Poll | Rolling Stone,multi_source_core,0.791048,36,47,37,25,Steve Smith,
21,drummer,Hal Blaine,hal blaine,3,Consequence | Drumeo | Rolling Stone,multi_source_core,0.789141,5,11,38,,Hal Blaine,
22,drummer,Dave Weckl,dave weckl,3,Consequence | Drumeo | MusicRadar Reader Poll,multi_source_core,0.787046,,25,5,13,Dave Weckl,
23,drummer,Ian Paice,ian paice,4,Consequence | Drumeo | MusicRadar Reader Poll | Rolling Stone,multi_source_core,0.782416,21,24,98,17,Ian Paice,
24,drummer,Bill Bruford,bill bruford,3,Consequence | Drumeo | Rolling Stone,multi_source_core,0.782407,16,19,23,,Bill Bruford,
25,drummer,Levon Helm,levon helm,3,Consequence | Drumeo | Rolling Stone,multi_source_core,0.772306,22,21,21,,Levon Helm,
26,drummer,Jeff Porcaro,jeff porcaro,4,Consequence | Drumeo | MusicRadar Reader Poll | Rolling Stone,multi_source_core,0.743893,37,34,52,42,Jeff Porcaro,
27,drummer,Carmine Appice,carmine appice,4,Consequence | Drumeo | MusicRadar Reader Poll | Rolling Stone,multi_source_core,0.734024,28,50,71,33,Carmine Appice,
28,drummer,Mike Portnoy,mike portnoy,3,Consequence | Drumeo | MusicRadar Reader Poll,multi_source_core,0.731765,,60,19,5,Mike Portnoy,
29,drummer,Bernard Purdie,bernard purdie,3,Consequence | MusicRadar Reader Poll | Rolling Stone,multi_source_core,0.712456,20,,24,28,Bernard Purdie,
30,drummer,Travis Barker,travis barker,4,Consequence | Drumeo | MusicRadar Reader Poll | Rolling Stone,multi_source_core,0.689162,99,67,65,10,Travis Barker,
31,drummer,Carl Palmer,carl palmer,3,Consequence | Drumeo | MusicRadar Reader Poll,multi_source_core,0.686963,,33,12,35,Carl Palmer,
32,drummer,Max Roach,max roach,2,Consequence | Drumeo,multi_source_core,0.686869,,9,18,,Max Roach,
33,drummer,Bill Ward,bill ward,3,Consequence | Drumeo | Rolling Stone,multi_source_core,0.669613,42,48,35,,Bill Ward,
34,drummer,Dennis Chambers,dennis chambers,3,Consequence | Drumeo | Rolling Stone,multi_source_core,0.664562,63,14,51,,Dennis Chambers,
35,drummer,Art Blakey,art blakey,3,Consequence | Drumeo | MusicRadar Reader Poll,multi_source_core,0.654874,,32,26,38,Art Blakey,
36,drummer,Dave Lombardo,dave lombardo,3,Consequence | Drumeo | Rolling Stone,multi_source_core,0.649411,47,77,13,,Dave Lombardo,
37,drummer,Jack DeJohnette,jack dejohnette,3,Consequence | Drumeo | Rolling Stone,multi_source_core,0.64436,40,28,72,,Jack DeJohnette,
38,drummer,Joey Jordison,joey jordison,3,Consequence | Drumeo | MusicRadar Reader Poll,multi_source_core,0.64065,,94,27,11,Joey Jordison,
39,drummer,Joe Morello,joe morello,2,Consequence | Drumeo,multi_source_core,0.638889,,18,28,,Joe Morello,
40,drummer,Jim Keltner,jim keltner,3,Consequence | Drumeo | Rolling Stone,multi_source_core,0.624158,38,36,78,,Jim Keltner,
41,drummer,Chad Smith,chad smith,3,Consequence | MusicRadar Reader Poll | Rolling Stone,multi_source_core,0.623986,64,,77,6,Chad Smith,
42,drummer,Cindy Blackman Santana,cindy blackman santana,2,Consequence | Drumeo,multi_source_core,0.611111,,37,20,,Cindy Blackman Santana,
43,drummer,Nicko McBrain,nicko mcbrain,3,Consequence | Drumeo | MusicRadar Reader Poll,multi_source_core,0.610106,,55,70,18,Nicko McBrain,
44,drummer,Alex Van Halen,alex van halen,3,Consequence | Drumeo | Rolling Stone,multi_source_core,0.60564,51,64,48,,Alex Van Halen,
45,drummer,Clyde Stubblefield and John &#8220;Jabo&#8221; Starks,clyde stubblefield and john 8220 jabo 8221 starks,1,Rolling Stone,single_source_editorial,0.599747,6,,,,Clyde Stubblefield and John &#8220;Jabo&#8221; Starks,
46,drummer,James Gadson,james gadson,2,Consequence | Rolling Stone,multi_source_core,0.593434,32,,32,,James Gadson,
47,drummer,Benny Benjamin,benny benjamin,2,Consequence | Rolling Stone,multi_source_core,0.590909,11,,54,,Benny Benjamin,
48,drummer,David Garibaldi,david garibaldi,2,Consequence | Drumeo,multi_source_core,0.590909,,20,45,,David Garibaldi,
49,drummer,Tomas Haake,tomas haake,4,Consequence | Drumeo | MusicRadar Reader Poll | Rolling Stone,multi_source_core,0.588538,93,73,76,44,Tomas Haake,
50,drummer,Sheila E.,sheila e,3,Consequence | Drumeo | Rolling Stone,multi_source_core,0.587121,58,56,60,,Sheila E.,
51,drummer,Lars Ulrich,lars ulrich,3,Consequence | Drumeo | MusicRadar Reader Poll,multi_source_core,0.581452,,54,86,19,Lars Ulrich,
52,drummer,Al Jackson Jr.,al jackson jr,2,Consequence | Rolling Stone,multi_source_core,0.575758,9,,62,,Al Jackson Jr.,
53,drummer,Bernard “Pretty” Purdie,bernard pretty purdie,1,Drumeo,single_source_editorial,0.564394,,13,,,Bernard “Pretty” Purdie,
54,drummer,D.J. Fontana,dj fontana,1,Rolling Stone,single_source_editorial,0.564394,13,,,,D.J. Fontana,
55,drummer,Jabo Starks,jabo starks,1,Consequence,single_source_editorial,0.549242,,,16,,Jabo Starks,
56,drummer,Carter Beauford,carter beauford,2,Drumeo | Rolling Stone,multi_source_core,0.54798,41,41,,,Carter Beauford,
57,drummer,Clyde Stubblefield,clyde stubblefield,2,Consequence | Drumeo,multi_source_core,0.54798,,46,36,,Clyde Stubblefield,
58,drummer,Thomas Lang,thomas lang,1,MusicRadar Reader Poll,single_source_editorial,0.543367,,,,9,Thomas Lang,
59,drummer,Steve Jordan,steve jordan,3,Consequence | Drumeo | Rolling Stone,multi_source_core,0.539983,80,61,61,,Steve Jordan,
60,drummer,Joseph &#8220;Zigaboo&#8221; Modeliste,joseph 8220 zigaboo 8221 modeliste,1,Rolling Stone,single_source_editorial,0.539141,18,,,,Joseph &#8220;Zigaboo&#8221; Modeliste,
61,drummer,Roger Hawkins,roger hawkins,2,Consequence | Rolling Stone,multi_source_core,0.537879,31,,55,,Roger Hawkins,
62,drummer,Phil Rudd,phil rudd,3,Consequence | Drumeo | Rolling Stone,multi_source_core,0.536616,86,44,74,,Phil Rudd,
63,drummer,Tony Allen,tony allen,2,Consequence | Rolling Stone,multi_source_core,0.527778,33,,57,,Tony Allen,
64,drummer,Louis Bellson,louis bellson,2,Consequence | Drumeo,multi_source_core,0.522727,,29,63,,Louis Bellson,
65,drummer,Peter Erskine,peter erskine,2,Consequence | Drumeo,multi_source_core,0.522727,,26,66,,Peter Erskine,
66,drummer,Karen Carpenter,karen carpenter,1,Consequence,single_source_editorial,0.518939,,,22,,Karen Carpenter,
67,drummer,Roy Haynes,roy haynes,2,Consequence | Drumeo,multi_source_core,0.517677,,35,59,,Roy Haynes,
68,drummer,Chris Adler,chris adler,3,Consequence | Drumeo | MusicRadar Reader Poll,multi_source_core,0.513975,,75,97,23,Chris Adler,
69,drummer,Earl Palmer,earl palmer,1,Rolling Stone,single_source_editorial,0.503788,25,,,,Earl Palmer,
70,drummer,Tré Cool,tre cool,2,Drumeo | MusicRadar Reader Poll,multi_source_core,0.503504,,38,,31,Tre Cool | Tré Cool,
71,drummer,Kenny Aronoff,kenny aronoff,3,Consequence | Drumeo | Rolling Stone,multi_source_core,0.499579,66,79,81,,Kenny Aronoff,
72,drummer,Carlton Barrett,carlton barrett,1,Rolling Stone,single_source_editorial,0.483586,29,,,,Carlton Barrett,
73,drummer,Jojo Mayer,jojo mayer,2,Drumeo | MusicRadar Reader Poll,multi_source_core,0.478613,,62,,24,Jojo Mayer,
74,drummer,Clifton James,clifton james,1,Rolling Stone,single_source_editorial,0.478535,30,,,,Clifton James,
75,drummer,Zigaboo Modeliste,zigaboo modeliste,1,Consequence,single_source_editorial,0.478535,,,30,,Zigaboo Modeliste,
76,drummer,“Philly Joe” Jones,philly joe jones,1,Drumeo,single_source_editorial,0.478535,,30,,,“Philly Joe” Jones,
77,drummer,Roger Taylor,roger taylor,1,Drumeo,single_source_editorial,0.473485,,31,,,Roger Taylor,
78,drummer,Charlie Benante,charlie benante,1,Consequence,single_source_editorial,0.463384,,,33,,Charlie Benante,
79,drummer,Matt Cameron,matt cameron,3,Drumeo | MusicRadar Reader Poll | Rolling Stone,multi_source_core,0.459175,52,98,,50,Matt Cameron,
80,drummer,Mickey Hart and Bill Kreutzmann,mickey hart and bill kreutzmann,1,Rolling Stone,single_source_editorial,0.458333,34,,,,Mickey Hart and Bill Kreutzmann,
81,drummer,Questlove,questlove,1,Consequence,single_source_editorial,0.458333,,,34,,Questlove,
82,drummer,Fred Below,fred below,1,Rolling Stone,single_source_editorial,0.453283,35,,,,Fred Below,
83,drummer,John “JR” Robinson,john jr robinson,2,Consequence | Drumeo,multi_source_core,0.449495,,90,31,,John JR Robinson | John “JR” Robinson,
84,drummer,Manu Katché,manu katche,2,Drumeo | Rolling Stone,multi_source_core,0.439394,57,68,,,Manu Katché,
85,drummer,Dale Crover,dale crover,2,Consequence | Rolling Stone,multi_source_core,0.434343,69,,58,,Dale Crover,
86,drummer,Ahmir “?uestlove” Thompson,ahmir uestlove thompson,1,Drumeo,single_source_editorial,0.433081,,39,,,Ahmir “?uestlove” Thompson,
87,drummer,Ramon &#8220;Tiki&#8221; Fullwood,ramon 8220 tiki 8221 fullwood,1,Rolling Stone,single_source_editorial,0.433081,39,,,,Ramon &#8220;Tiki&#8221; Fullwood,
88,drummer,Jon Theodore,jon theodore,2,Consequence | Rolling Stone,multi_source_core,0.431818,88,,40,,Jon Theodore,
89,drummer,Jimmy Chamberlin,jimmy chamberlin,2,Drumeo | Rolling Stone,multi_source_core,0.424242,53,78,,,Jimmy Chamberlin,
90,drummer,Bill Kreutzmann,bill kreutzmann,1,Consequence,single_source_editorial,0.417929,,,42,,Bill Kreutzmann,
91,drummer,Vinny Appice,vinny appice,1,Consequence,single_source_editorial,0.412879,,,43,,Vinny Appice,
92,drummer,“Papa Jo” Jones,papa jo jones,1,Drumeo,single_source_editorial,0.412879,,43,,,“Papa Jo” Jones,
93,drummer,Jerry Allison,jerry allison,1,Rolling Stone,single_source_editorial,0.407828,44,,,,Jerry Allison,
94,drummer,Tony Royster Jr.,tony royster jr,2,Consequence | MusicRadar Reader Poll,multi_source_core,0.405226,,,85,27,Tony Royster Jr | Tony Royster Jr.,
95,drummer,Janet Weiss,janet weiss,2,Consequence | Rolling Stone,multi_source_core,0.40404,90,,49,,Janet Weiss,
96,drummer,Josh Freese,josh freese,2,Consequence | Drumeo,multi_source_core,0.40404,,93,46,,Josh Freese,
97,drummer,Matt Garstka,matt garstka,2,Consequence | Drumeo,multi_source_core,0.401515,,96,44,,Matt Garstka,
98,drummer,Michael Shrieve,michael shrieve,2,Drumeo | Rolling Stone,multi_source_core,0.401515,74,66,,,Michael Shrieve,
99,drummer,Dave Garibaldi,dave garibaldi,1,Rolling Stone,single_source_editorial,0.397727,46,,,,Dave Garibaldi,
100,drummer,Max Weinberg,max weinberg,2,Drumeo | Rolling Stone,multi_source_core,0.391414,55,89,,,Max Weinberg,
101,drummer,Tommy Lee,tommy lee,2,MusicRadar Reader Poll | Rolling Stone,multi_source_core,0.38992,85,,,30,Tommy Lee,
102,drummer,John &#8220;Drumbo&#8221; French,john 8220 drumbo 8221 french,1,Rolling Stone,single_source_editorial,0.387626,48,,,,John &#8220;Drumbo&#8221; French,
103,drummer,Danny Seraphine,danny seraphine,1,Drumeo,single_source_editorial,0.382576,,49,,,Danny Seraphine,
104,drummer,Clem Burke,clem burke,2,Consequence | Rolling Stone,multi_source_core,0.381313,61,,87,,Clem Burke,
105,drummer,Mark Guiliana,mark guiliana,2,Consequence | Drumeo,multi_source_core,0.378788,,74,75,,Mark Guiliana,
106,drummer,Cozy Powell,cozy powell,1,Rolling Stone,single_source_editorial,0.377525,50,,,,Cozy Powell,
107,drummer,Omar Hakim,omar hakim,1,Drumeo,single_source_editorial,0.372475,,51,,,Omar Hakim,
108,drummer,Brann Dailor,brann dailor,1,MusicRadar Reader Poll,single_source_editorial,0.369898,,,,26,Brann Dailor,
109,drummer,Gavin Harrison,gavin harrison,1,Drumeo,single_source_editorial,0.367424,,52,,,Gavin Harrison,
110,drummer,Alex Acuña,alex acuna,1,Drumeo,single_source_editorial,0.362374,,53,,,Alex Acuña,
111,drummer,Kenny Clarke,kenny clarke,1,Consequence,single_source_editorial,0.362374,,,53,,Kenny Clarke,
112,drummer,Ahmir &#8220;Questlove&#8221; Thompson,ahmir 8220 questlove 8221 thompson,1,Rolling Stone,single_source_editorial,0.357323,54,,,,Ahmir &#8220;Questlove&#8221; Thompson,
113,drummer,Larry Mullen Jr.,larry mullen jr,2,Drumeo | Rolling Stone,multi_source_core,0.348485,96,65,,,Larry Mullen Jr.,
114,drummer,Tony Thompson,tony thompson,2,Consequence | Rolling Stone,multi_source_core,0.348485,62,,99,,Tony Thompson,
115,drummer,Mario Duplantier,mario duplantier,1,Consequence,single_source_editorial,0.347222,,,56,,Mario Duplantier,
116,drummer,Richie Hayward,richie hayward,1,Rolling Stone,single_source_editorial,0.347222,56,,,,Richie Hayward,
117,drummer,Jimmy Cobb,jimmy cobb,1,Drumeo,single_source_editorial,0.342172,,57,,,Jimmy Cobb,
118,drummer,Gene Hoglan,gene hoglan,1,Drumeo,single_source_editorial,0.337121,,58,,,Gene Hoglan,
119,drummer,Moe Tucker,moe tucker,2,Consequence | Rolling Stone,multi_source_core,0.333333,77,,90,,Moe Tucker,
120,drummer,Jim Gordon,jim gordon,1,Rolling Stone,single_source_editorial,0.332071,59,,,,Jim Gordon,
121,drummer,Tommy Aldridge,tommy aldridge,1,Drumeo,single_source_editorial,0.332071,,59,,,Tommy Aldridge,
122,drummer,Mick Fleetwood,mick fleetwood,1,Rolling Stone,single_source_editorial,0.32702,60,,,,Mick Fleetwood,
123,drummer,Terri Lyne Carrington,terri lyne carrington,2,Consequence | Drumeo,multi_source_core,0.320707,,88,84,,Terri Lyne Carrington,
124,drummer,Antonio Sánchez,antonio sanchez,1,Drumeo,single_source_editorial,0.311869,,63,,,Antonio Sánchez,
125,drummer,Brian Blade,brian blade,2,Consequence | Drumeo,multi_source_core,0.310606,,97,79,,Brian Blade,
126,drummer,Dominic Howard,dominic howard,1,MusicRadar Reader Poll,single_source_editorial,0.308673,,,,32,Dominic Howard,
127,drummer,Jerry Carrigan,jerry carrigan,1,Consequence,single_source_editorial,0.306818,,,64,,Jerry Carrigan,
128,drummer,Sly Dunbar,sly dunbar,1,Rolling Stone,single_source_editorial,0.301768,65,,,,Sly Dunbar,
129,drummer,Meg White,meg white,2,Consequence | Rolling Stone,multi_source_core,0.295455,94,,88,,Meg White,
130,drummer,Greg Errico,greg errico,1,Rolling Stone,single_source_editorial,0.291667,67,,,,Greg Errico,
131,drummer,Viola Smith,viola smith,1,Consequence,single_source_editorial,0.291667,,,67,,Viola Smith,
132,drummer,Abe Cunningham,abe cunningham,1,Consequence,single_source_editorial,0.286616,,,68,,Abe Cunningham,
133,drummer,Jerome &#8220;Bigfoot&#8221; Brailey,jerome 8220 bigfoot 8221 brailey,1,Rolling Stone,single_source_editorial,0.286616,68,,,,Jerome &#8220;Bigfoot&#8221; Brailey,
134,drummer,Chris “Daddy” Dave,chris daddy dave,2,Drumeo | MusicRadar Reader Poll,multi_source_core,0.282931,,91,,48,Chris 'Daddy' Dave | Chris “Daddy” Dave,
135,drummer,John Blackwell Jr.,john blackwell jr,1,Drumeo,single_source_editorial,0.281566,,69,,,John Blackwell Jr.,
136,drummer,Mel Lewis,mel lewis,1,Consequence,single_source_editorial,0.281566,,,69,,Mel Lewis,
137,drummer,Simon Phillips,simon phillips,1,Drumeo,single_source_editorial,0.276515,,70,,,Simon Phillips,
138,drummer,Tommy Ramone,tommy ramone,1,Rolling Stone,single_source_editorial,0.276515,70,,,,Tommy Ramone,
139,drummer,Butch Trucks and Jaimoe,butch trucks and jaimoe,1,Rolling Stone,single_source_editorial,0.271465,71,,,,Butch Trucks and Jaimoe,
140,drummer,Joseph “Ziggy” Modeliste,joseph ziggy modeliste,1,Drumeo,single_source_editorial,0.271465,,71,,,Joseph “Ziggy” Modeliste,
141,drummer,Steve White,steve white,1,MusicRadar Reader Poll,single_source_editorial,0.267857,,,,36,Steve White,
142,drummer,Horacio “El Negro” Hernández,horacio el negro hernandez,1,Drumeo,single_source_editorial,0.266414,,72,,,Horacio “El Negro” Hernández,
143,drummer,James &#8220;Diamond&#8221; Williams,james 8220 diamond 8221 williams,1,Rolling Stone,single_source_editorial,0.266414,72,,,,James &#8220;Diamond&#8221; Williams,
144,drummer,Pete Thomas,pete thomas,1,Rolling Stone,single_source_editorial,0.261364,73,,,,Pete Thomas,
145,drummer,Russ Kunkel,russ kunkel,1,Consequence,single_source_editorial,0.261364,,,73,,Russ Kunkel,
146,drummer,Earl Hudson,earl hudson,1,Rolling Stone,single_source_editorial,0.251263,75,,,,Earl Hudson,
147,drummer,Earl Young,earl young,1,Rolling Stone,single_source_editorial,0.246212,76,,,,Earl Young,
148,drummer,Mike Mangini,mike mangini,1,Drumeo,single_source_editorial,0.246212,,76,,,Mike Mangini,
149,drummer,Micky Waller,micky waller,1,Rolling Stone,single_source_editorial,0.236111,78,,,,Micky Waller,
150,drummer,Mick Avory,mick avory,1,Rolling Stone,single_source_editorial,0.231061,79,,,,Mick Avory,
151,drummer,Thomas Pridgen,thomas pridgen,1,MusicRadar Reader Poll,single_source_editorial,0.227041,,,,40,Thomas Pridgen,
152,drummer,Igor Cavalera,igor cavalera,1,Consequence,single_source_editorial,0.22601,,,80,,Igor Cavalera,
153,drummer,Todd Sucherman,todd sucherman,1,Drumeo,single_source_editorial,0.22601,,80,,,Todd Sucherman,
154,drummer,JR Robinson,jr robinson,1,Rolling Stone,single_source_editorial,0.22096,81,,,,JR Robinson,
155,drummer,Virgil Donati,virgil donati,1,Drumeo,single_source_editorial,0.22096,,81,,,Virgil Donati,
156,drummer,The Rev,the rev,1,MusicRadar Reader Poll,single_source_editorial,0.216837,,,,41,The Rev,
157,drummer,Glenn Kotche,glenn kotche,1,Rolling Stone,single_source_editorial,0.215909,82,,,,Glenn Kotche,
158,drummer,Gregg Bissonette,gregg bissonette,1,Drumeo,single_source_editorial,0.215909,,82,,,Gregg Bissonette,
159,drummer,Louis Cole,louis cole,1,Consequence,single_source_editorial,0.215909,,,82,,Louis Cole,
160,drummer,Colin “Cozy” Powell,colin cozy powell,1,Drumeo,single_source_editorial,0.210859,,83,,,Colin “Cozy” Powell,
161,drummer,Papa Joe Jones,papa joe jones,1,Consequence,single_source_editorial,0.210859,,,83,,Papa Joe Jones,
162,drummer,Ronald Shannon Jackson,ronald shannon jackson,1,Rolling Stone,single_source_editorial,0.210859,83,,,,Ronald Shannon Jackson,
163,drummer,John Stanier,john stanier,1,Rolling Stone,single_source_editorial,0.205808,84,,,,John Stanier,
164,drummer,Jonathan “Sugarfoot” Moffett,jonathan sugarfoot moffett,1,Drumeo,single_source_editorial,0.205808,,84,,,Jonathan “Sugarfoot” Moffett,
165,drummer,Marco Minnemann,marco minnemann,1,Drumeo,single_source_editorial,0.200758,,85,,,Marco Minnemann,
166,drummer,Stanton Moore,stanton moore,1,MusicRadar Reader Poll,single_source_editorial,0.196429,,,,43,Stanton Moore,
167,drummer,Benny Greb,benny greb,1,Drumeo,single_source_editorial,0.195707,,86,,,Benny Greb,
168,drummer,George Hurley,george hurley,1,Rolling Stone,single_source_editorial,0.190657,87,,,,George Hurley,
169,drummer,Larnell Lewis,larnell lewis,1,Drumeo,single_source_editorial,0.190657,,87,,,Larnell Lewis,
170,drummer,Bill Stevenson,bill stevenson,1,Rolling Stone,single_source_editorial,0.180556,89,,,,Bill Stevenson,
171,drummer,Matt Halpern,matt halpern,1,Consequence,single_source_editorial,0.180556,,,89,,Matt Halpern,
172,drummer,Brian Bennett,brian bennett,1,MusicRadar Reader Poll,single_source_editorial,0.17602,,,,45,Brian Bennett,
173,drummer,Brian Chippendale,brian chippendale,1,Rolling Stone,single_source_editorial,0.170455,91,,,,Brian Chippendale,
174,drummer,Jon Fishman,jon fishman,1,Consequence,single_source_editorial,0.170455,,,91,,Jon Fishman,
175,drummer,Andols Herrick,andols herrick,1,MusicRadar Reader Poll,single_source_editorial,0.165816,,,,46,Andols Herrick,
176,drummer,Abe Laboriel Jr.,abe laboriel jr,1,Drumeo,single_source_editorial,0.165404,,92,,,Abe Laboriel Jr.,
177,drummer,Ralph Molina,ralph molina,1,Rolling Stone,single_source_editorial,0.165404,92,,,,Ralph Molina,
178,drummer,Stella Mozgawa,stella mozgawa,1,Consequence,single_source_editorial,0.165404,,,92,,Stella Mozgawa,
179,drummer,Topper Headon,topper headon,1,Consequence,single_source_editorial,0.160354,,,93,,Topper Headon,
180,drummer,Alex Rodriguez,alex rodriguez,1,MusicRadar Reader Poll,single_source_editorial,0.155612,,,,47,Alex Rodriguez,
181,drummer,Robert Wyatt,robert wyatt,1,Consequence,single_source_editorial,0.155303,,,94,,Robert Wyatt,
182,drummer,Chris Dave,chris dave,1,Rolling Stone,single_source_editorial,0.150253,95,,,,Chris Dave,
183,drummer,Taylor Hawkins,taylor hawkins,1,Consequence,single_source_editorial,0.150253,,,95,,Taylor Hawkins,
184,drummer,Will Calhoun,will calhoun,1,Drumeo,single_source_editorial,0.150253,,95,,,Will Calhoun,
185,drummer,Gina Schock,gina schock,1,Consequence,single_source_editorial,0.145202,,,96,,Gina Schock,
186,drummer,Cindy Blackman,cindy blackman,1,Rolling Stone,single_source_editorial,0.140152,97,,,,Cindy Blackman,
187,drummer,Steven Adler,steven adler,1,Rolling Stone,single_source_editorial,0.135101,98,,,,Steven Adler,
188,drummer,Anika Nilles,anika nilles,1,Drumeo,single_source_editorial,0.130051,,99,,,Anika Nilles,
189,drummer,Christian Vander,christian vander,1,Rolling Stone,single_source_editorial,0.125,100,,,,Christian Vander,
190,drummer,Jimmy “The Rev” Sullivan,jimmy the rev sullivan,1,Drumeo,single_source_editorial,0.125,,100,,,Jimmy “The Rev” Sullivan,
191,drummer,Mikkey Dee,mikkey dee,1,Consequence,single_source_editorial,0.125,,,100,,Mikkey Dee,
