source_id,source_rank,source_entry_name,musician_name,source_member_index,source_member_count
rolling-stone-250-guitarists-2023,1,Jimi Hendrix,Jimi Hendrix,1,1
rolling-stone-250-guitarists-2023,2,Chuck Berry,Chuck Berry,1,1
rolling-stone-250-guitarists-2023,3,Jimmy Page,Jimmy Page,1,1
rolling-stone-250-guitarists-2023,4,Eddie Van Halen,Eddie Van Halen,1,1
rolling-stone-250-guitarists-2023,5,Jeff Beck,Jeff Beck,1,1
rolling-stone-250-guitarists-2023,6,Sister Rosetta Tharpe,Sister Rosetta Tharpe,1,1
rolling-stone-250-guitarists-2023,7,Nile Rodgers,Nile Rodgers,1,1
rolling-stone-250-guitarists-2023,8,B.B. King,B.B. King,1,1
rolling-stone-250-guitarists-2023,9,Joni Mitchell,Joni Mitchell,1,1
rolling-stone-250-guitarists-2023,10,Duane Allman,Duane Allman,1,1
rolling-stone-250-guitarists-2023,11,Carlos Santana,Carlos Santana,1,1
rolling-stone-250-guitarists-2023,12,Jimmy Nolen,Jimmy Nolen,1,1
rolling-stone-250-guitarists-2023,13,Tony Iommi,Tony Iommi,1,1
rolling-stone-250-guitarists-2023,14,Prince,Prince,1,1
rolling-stone-250-guitarists-2023,15,Keith Richards,Keith Richards,1,1
rolling-stone-250-guitarists-2023,16,Robert Johnson,Robert Johnson,1,1
rolling-stone-250-guitarists-2023,17,Mother Maybelle Carter,Mother Maybelle Carter,1,1
rolling-stone-250-guitarists-2023,18,Tom Morello,Tom Morello,1,1
rolling-stone-250-guitarists-2023,19,Freddy King,Freddy King,1,1
rolling-stone-250-guitarists-2023,20,Stevie Ray Vaughan,Stevie Ray Vaughan,1,1
rolling-stone-250-guitarists-2023,21,Randy Rhoads,Randy Rhoads,1,1
rolling-stone-250-guitarists-2023,22,Albert King,Albert King,1,1
rolling-stone-250-guitarists-2023,23,James Hetfield and Kirk Hammett,James Hetfield,1,2
rolling-stone-250-guitarists-2023,23,James Hetfield and Kirk Hammett,Kirk Hammett,2,2
rolling-stone-250-guitarists-2023,24,James Burton,James Burton,1,1
rolling-stone-250-guitarists-2023,25,John Frusciante,John Frusciante,1,1
rolling-stone-250-guitarists-2023,26,St. Vincent,St. Vincent,1,1
rolling-stone-250-guitarists-2023,27,Buddy Guy,Buddy Guy,1,1
rolling-stone-250-guitarists-2023,28,David Gilmour,David Gilmour,1,1
rolling-stone-250-guitarists-2023,29,Eddie Hazel,Eddie Hazel,1,1
rolling-stone-250-guitarists-2023,30,Neil Young,Neil Young,1,1
rolling-stone-250-guitarists-2023,31,George Harrison,George Harrison,1,1
rolling-stone-250-guitarists-2023,32,Jack White,Jack White,1,1
rolling-stone-250-guitarists-2023,33,Brian May,Brian May,1,1
rolling-stone-250-guitarists-2023,34,Jerry Garcia,Jerry Garcia,1,1
rolling-stone-250-guitarists-2023,35,Eric Clapton,Eric Clapton,1,1
rolling-stone-250-guitarists-2023,36,Elizabeth Cotten,Elizabeth Cotten,1,1
rolling-stone-250-guitarists-2023,37,Pete Townshend,Pete Townshend,1,1
rolling-stone-250-guitarists-2023,38,Angus Young and Malcolm Young,Angus Young,1,2
rolling-stone-250-guitarists-2023,38,Angus Young and Malcolm Young,Malcolm Young,2,2
rolling-stone-250-guitarists-2023,39,Chet Atkins,Chet Atkins,1,1
rolling-stone-250-guitarists-2023,40,John Fahey,John Fahey,1,1
rolling-stone-250-guitarists-2023,41,Bo Diddley,Bo Diddley,1,1
rolling-stone-250-guitarists-2023,42,Vernon Reid,Vernon Reid,1,1
rolling-stone-250-guitarists-2023,43,Jonny Greenwood and Ed O’Brien,Jonny Greenwood,1,2
rolling-stone-250-guitarists-2023,43,Jonny Greenwood and Ed O’Brien,Ed O’Brien,2,2
rolling-stone-250-guitarists-2023,44,Johnny Ramone,Johnny Ramone,1,1
rolling-stone-250-guitarists-2023,45,Steve Cropper,Steve Cropper,1,1
rolling-stone-250-guitarists-2023,46,Frank Zappa,Frank Zappa,1,1
rolling-stone-250-guitarists-2023,47,The Edge,The Edge,1,1
rolling-stone-250-guitarists-2023,48,Curtis Mayfield,Curtis Mayfield,1,1
rolling-stone-250-guitarists-2023,49,PJ Harvey,PJ Harvey,1,1
rolling-stone-250-guitarists-2023,50,Elmore James,Elmore James,1,1
rolling-stone-250-guitarists-2023,51,Tom Verlaine,Tom Verlaine,1,1
rolling-stone-250-guitarists-2023,52,John Lee Hooker,John Lee Hooker,1,1
rolling-stone-250-guitarists-2023,53,Trey Anastasio,Trey Anastasio,1,1
rolling-stone-250-guitarists-2023,54,Bonnie Raitt,Bonnie Raitt,1,1
rolling-stone-250-guitarists-2023,55,Mick Taylor,Mick Taylor,1,1
rolling-stone-250-guitarists-2023,56,Johnny Marr,Johnny Marr,1,1
rolling-stone-250-guitarists-2023,57,Thurston Moore and Lee Ranaldo,Thurston Moore,1,2
rolling-stone-250-guitarists-2023,57,Thurston Moore and Lee Ranaldo,Lee Ranaldo,2,2
rolling-stone-250-guitarists-2023,58,Alex Lifeson,Alex Lifeson,1,1
rolling-stone-250-guitarists-2023,59,Robert Fripp,Robert Fripp,1,1
rolling-stone-250-guitarists-2023,60,Scotty Moore,Scotty Moore,1,1
rolling-stone-250-guitarists-2023,61,John Mayer,John Mayer,1,1
rolling-stone-250-guitarists-2023,62,Peter Green,Peter Green,1,1
rolling-stone-250-guitarists-2023,63,Richard Thompson,Richard Thompson,1,1
rolling-stone-250-guitarists-2023,64,Carrie Brownstein,Carrie Brownstein,1,1
rolling-stone-250-guitarists-2023,65,T-Bone Walker,T-Bone Walker,1,1
rolling-stone-250-guitarists-2023,66,Ry Cooder,Ry Cooder,1,1
rolling-stone-250-guitarists-2023,67,Kevin Shields,Kevin Shields,1,1
rolling-stone-250-guitarists-2023,68,Les Paul,Les Paul,1,1
rolling-stone-250-guitarists-2023,69,Robbie Robertson,Robbie Robertson,1,1
rolling-stone-250-guitarists-2023,70,Django Reinhardt,Django Reinhardt,1,1
rolling-stone-250-guitarists-2023,71,Franco Luambo,Franco Luambo,1,1
rolling-stone-250-guitarists-2023,72,John McLaughlin,John McLaughlin,1,1
rolling-stone-250-guitarists-2023,73,Hubert Sumlin,Hubert Sumlin,1,1
rolling-stone-250-guitarists-2023,74,J Mascis,J Mascis,1,1
rolling-stone-250-guitarists-2023,75,Ritchie Blackmore,Ritchie Blackmore,1,1
rolling-stone-250-guitarists-2023,76,Joan Jett,Joan Jett,1,1
rolling-stone-250-guitarists-2023,77,Willie Nelson,Willie Nelson,1,1
rolling-stone-250-guitarists-2023,78,Charlie Christian,Charlie Christian,1,1
rolling-stone-250-guitarists-2023,79,Ernie Isley,Ernie Isley,1,1
rolling-stone-250-guitarists-2023,80,Derek Trucks,Derek Trucks,1,1
rolling-stone-250-guitarists-2023,81,Bert Jansch,Bert Jansch,1,1
rolling-stone-250-guitarists-2023,82,Wes Montgomery,Wes Montgomery,1,1
rolling-stone-250-guitarists-2023,83,Adrian Smith and Dave Murray,Adrian Smith,1,2
rolling-stone-250-guitarists-2023,83,Adrian Smith and Dave Murray,Dave Murray,2,2
rolling-stone-250-guitarists-2023,84,Muddy Waters,Muddy Waters,1,1
rolling-stone-250-guitarists-2023,85,Larry Carlton,Larry Carlton,1,1
rolling-stone-250-guitarists-2023,86,Sonny Sharrock,Sonny Sharrock,1,1
rolling-stone-250-guitarists-2023,87,Poison Ivy,Poison Ivy,1,1
rolling-stone-250-guitarists-2023,88,Kurt Cobain,Kurt Cobain,1,1
rolling-stone-250-guitarists-2023,89,Lou Reed,Lou Reed,1,1
rolling-stone-250-guitarists-2023,90,Mdou Moctar,Mdou Moctar,1,1
rolling-stone-250-guitarists-2023,91,Cat Coore,Cat Coore,1,1
rolling-stone-250-guitarists-2023,92,Wata,Wata,1,1
rolling-stone-250-guitarists-2023,93,Leo Nocentelli,Leo Nocentelli,1,1
rolling-stone-250-guitarists-2023,94,Joe Satriani,Joe Satriani,1,1
rolling-stone-250-guitarists-2023,95,Mary Timony,Mary Timony,1,1
rolling-stone-250-guitarists-2023,96,Mark Knopfler,Mark Knopfler,1,1
rolling-stone-250-guitarists-2023,97,Stephen Malkmus,Stephen Malkmus,1,1
rolling-stone-250-guitarists-2023,98,Link Wray,Link Wray,1,1
rolling-stone-250-guitarists-2023,99,Tosin Abasi,Tosin Abasi,1,1
rolling-stone-250-guitarists-2023,100,Kerry King,Kerry King,1,1
rolling-stone-250-guitarists-2023,101,John Fogerty,John Fogerty,1,1
rolling-stone-250-guitarists-2023,102,Billy Gibbons,Billy Gibbons,1,1
rolling-stone-250-guitarists-2023,103,Nancy Wilson,Nancy Wilson,1,1
rolling-stone-250-guitarists-2023,104,Ali Farka Touré,Ali Farka Touré,1,1
rolling-stone-250-guitarists-2023,105,Slash,Slash,1,1
rolling-stone-250-guitarists-2023,106,Peter Buck,Peter Buck,1,1
rolling-stone-250-guitarists-2023,107,Clarence White,Clarence White,1,1
rolling-stone-250-guitarists-2023,108,Merle Travis,Merle Travis,1,1
rolling-stone-250-guitarists-2023,109,Mick Ronson,Mick Ronson,1,1
rolling-stone-250-guitarists-2023,110,Lindsey Buckingham,Lindsey Buckingham,1,1
rolling-stone-250-guitarists-2023,111,Kelley Johnson,Kelley Johnson,1,1
rolling-stone-250-guitarists-2023,112,Rowland S. Howard,Rowland S. Howard,1,1
rolling-stone-250-guitarists-2023,113,Allen Collins and Gary Rossington,Allen Collins,1,2
rolling-stone-250-guitarists-2023,113,Allen Collins and Gary Rossington,Gary Rossington,2,2
rolling-stone-250-guitarists-2023,114,Robert Quine,Robert Quine,1,1
rolling-stone-250-guitarists-2023,115,Nels Cline,Nels Cline,1,1
rolling-stone-250-guitarists-2023,116,Ana da Silva,Ana da Silva,1,1
rolling-stone-250-guitarists-2023,117,Albert Collins,Albert Collins,1,1
rolling-stone-250-guitarists-2023,118,Adrian Belew,Adrian Belew,1,1
rolling-stone-250-guitarists-2023,119,Donita Sparks,Donita Sparks,1,1
rolling-stone-250-guitarists-2023,120,Warren Haynes,Warren Haynes,1,1
rolling-stone-250-guitarists-2023,121,Dick Dale,Dick Dale,1,1
rolling-stone-250-guitarists-2023,122,King Sunny Ade,King Sunny Ade,1,1
rolling-stone-250-guitarists-2023,123,Steve Howe,Steve Howe,1,1
rolling-stone-250-guitarists-2023,124,Mike McCready and Stone Gossard,Mike McCready,1,2
rolling-stone-250-guitarists-2023,124,Mike McCready and Stone Gossard,Stone Gossard,2,2
rolling-stone-250-guitarists-2023,125,Viv Albertine,Viv Albertine,1,1
rolling-stone-250-guitarists-2023,126,Kim Thayil,Kim Thayil,1,1
rolling-stone-250-guitarists-2023,127,Steve Vai,Steve Vai,1,1
rolling-stone-250-guitarists-2023,128,Bob Stinson,Bob Stinson,1,1
rolling-stone-250-guitarists-2023,129,Nita Strauss,Nita Strauss,1,1
rolling-stone-250-guitarists-2023,130,Joe Walsh,Joe Walsh,1,1
rolling-stone-250-guitarists-2023,131,Dimebag Darrell,Dimebag Darrell,1,1
rolling-stone-250-guitarists-2023,132,Nils Lofgren,Nils Lofgren,1,1
rolling-stone-250-guitarists-2023,133,Robert Cray,Robert Cray,1,1
rolling-stone-250-guitarists-2023,134,Bob Mould,Bob Mould,1,1
rolling-stone-250-guitarists-2023,135,Roger McGuinn,Roger McGuinn,1,1
rolling-stone-250-guitarists-2023,136,Joe Perry,Joe Perry,1,1
rolling-stone-250-guitarists-2023,137,Liz Phair,Liz Phair,1,1
rolling-stone-250-guitarists-2023,138,Teenie Hodges,Teenie Hodges,1,1
rolling-stone-250-guitarists-2023,139,Susan Tedeschi,Susan Tedeschi,1,1
rolling-stone-250-guitarists-2023,140,Stephen Stills,Stephen Stills,1,1
rolling-stone-250-guitarists-2023,141,Fredrik Thordendal,Fredrik Thordendal,1,1
rolling-stone-250-guitarists-2023,142,João Gilberto,João Gilberto,1,1
rolling-stone-250-guitarists-2023,143,Ira Kaplan,Ira Kaplan,1,1
rolling-stone-250-guitarists-2023,144,Odetta,Odetta,1,1
rolling-stone-250-guitarists-2023,145,Dickey Betts,Dickey Betts,1,1
rolling-stone-250-guitarists-2023,146,Mike Bloomfield,Mike Bloomfield,1,1
rolling-stone-250-guitarists-2023,147,Memphis Minnie,Memphis Minnie,1,1
rolling-stone-250-guitarists-2023,148,Ike Turner,Ike Turner,1,1
rolling-stone-250-guitarists-2023,149,Ron Asheton,Ron Asheton,1,1
rolling-stone-250-guitarists-2023,150,Marissa Paternoster,Marissa Paternoster,1,1
rolling-stone-250-guitarists-2023,151,Pete Cosey,Pete Cosey,1,1
rolling-stone-250-guitarists-2023,152,Ani DiFranco,Ani DiFranco,1,1
rolling-stone-250-guitarists-2023,153,Otis Rush,Otis Rush,1,1
rolling-stone-250-guitarists-2023,154,Bill Frisell,Bill Frisell,1,1
rolling-stone-250-guitarists-2023,155,Yvette Young,Yvette Young,1,1
rolling-stone-250-guitarists-2023,156,Carl Perkins,Carl Perkins,1,1
rolling-stone-250-guitarists-2023,157,Pat Metheny,Pat Metheny,1,1
rolling-stone-250-guitarists-2023,158,Johnny Thunders,Johnny Thunders,1,1
rolling-stone-250-guitarists-2023,159,<strong>John Lennon</strong>,John Lennon,1,1
rolling-stone-250-guitarists-2023,160,Kim and Kelley Deal,Kim Deal,1,2
rolling-stone-250-guitarists-2023,160,Kim and Kelley Deal,Kelley Deal,2,2
rolling-stone-250-guitarists-2023,161,Tim Henson,Tim Henson,1,1
rolling-stone-250-guitarists-2023,162,Rosinha de Valença,Rosinha de Valença,1,1
rolling-stone-250-guitarists-2023,163,Wah Wah Watson,Wah Wah Watson,1,1
rolling-stone-250-guitarists-2023,164,Dave Davies,Dave Davies,1,1
rolling-stone-250-guitarists-2023,165,Rokia Traoré,Rokia Traoré,1,1
rolling-stone-250-guitarists-2023,166,Johnny Winter,Johnny Winter,1,1
rolling-stone-250-guitarists-2023,167,James Williamson,James Williamson,1,1
rolling-stone-250-guitarists-2023,168,John Cipollina,John Cipollina,1,1
rolling-stone-250-guitarists-2023,169,Jessie Mae Hemphill,Jessie Mae Hemphill,1,1
rolling-stone-250-guitarists-2023,170,Phil Manzanera,Phil Manzanera,1,1
rolling-stone-250-guitarists-2023,171,D. Boon,D. Boon,1,1
rolling-stone-250-guitarists-2023,172,Chrissie Hynde,Chrissie Hynde,1,1
rolling-stone-250-guitarists-2023,173,Paul McCartney,Paul McCartney,1,1
rolling-stone-250-guitarists-2023,174,Marty Stuart,Marty Stuart,1,1
rolling-stone-250-guitarists-2023,175,Rory Gallagher,Rory Gallagher,1,1
rolling-stone-250-guitarists-2023,176,Sadie Dupuis,Sadie Dupuis,1,1
rolling-stone-250-guitarists-2023,177,Rodrigo y Gabriela,Rodrigo Sánchez,1,2
rolling-stone-250-guitarists-2023,177,Rodrigo y Gabriela,Gabriela Quintero,2,2
rolling-stone-250-guitarists-2023,178,Skip James,Skip James,1,1
rolling-stone-250-guitarists-2023,179,Ernest Ranglin,Ernest Ranglin,1,1
rolling-stone-250-guitarists-2023,180,Mike Campbell,Mike Campbell,1,1
rolling-stone-250-guitarists-2023,181,Larissa Strickland,Larissa Strickland,1,1
rolling-stone-250-guitarists-2023,182,Earl ‘Chinna’ Smith,Earl ‘Chinna’ Smith,1,1
rolling-stone-250-guitarists-2023,183,Roy Buchanan,Roy Buchanan,1,1
rolling-stone-250-guitarists-2023,184,Eldon Shamblin,Eldon Shamblin,1,1
rolling-stone-250-guitarists-2023,185,Peggy Jones,Peggy Jones,1,1
rolling-stone-250-guitarists-2023,186,Steve Lukather,Steve Lukather,1,1
rolling-stone-250-guitarists-2023,187,Marc Ribot,Marc Ribot,1,1
rolling-stone-250-guitarists-2023,188,Marnie Stern,Marnie Stern,1,1
rolling-stone-250-guitarists-2023,189,Jerry Cantrell,Jerry Cantrell,1,1
rolling-stone-250-guitarists-2023,190,Lightnin’ Hopkins,Lightnin’ Hopkins,1,1
rolling-stone-250-guitarists-2023,191,Chalmers Edward ‘Spanky’ Alford,Chalmers Edward ‘Spanky’ Alford,1,1
rolling-stone-250-guitarists-2023,192,Lita Ford,Lita Ford,1,1
rolling-stone-250-guitarists-2023,193,David Lindley,David Lindley,1,1
rolling-stone-250-guitarists-2023,194,Brian Robertson and Scott Gorham,Brian Robertson,1,2
rolling-stone-250-guitarists-2023,194,Brian Robertson and Scott Gorham,Scott Gorham,2,2
rolling-stone-250-guitarists-2023,195,Greg Ginn,Greg Ginn,1,1
rolling-stone-250-guitarists-2023,196,James Taylor,James Taylor,1,1
rolling-stone-250-guitarists-2023,197,Nuno Bettencourt,Nuno Bettencourt,1,1
rolling-stone-250-guitarists-2023,198,Jerry Reed,Jerry Reed,1,1
rolling-stone-250-guitarists-2023,199,Bombino,Bombino,1,1
rolling-stone-250-guitarists-2023,200,Christone ‘Kingfish’ Ingram,Christone ‘Kingfish’ Ingram,1,1
rolling-stone-250-guitarists-2023,201,Garry ‘Diaper Man’ Shider,Garry ‘Diaper Man’ Shider,1,1
rolling-stone-250-guitarists-2023,202,Vince Gill,Vince Gill,1,1
rolling-stone-250-guitarists-2023,203,Grant Green,Grant Green,1,1
rolling-stone-250-guitarists-2023,204,Lynn Taitt,Lynn Taitt,1,1
rolling-stone-250-guitarists-2023,205,Eric Johnson,Eric Johnson,1,1
rolling-stone-250-guitarists-2023,206,Hugh McCracken,Hugh McCracken,1,1
rolling-stone-250-guitarists-2023,207,Justin Broadrick,Justin Broadrick,1,1
rolling-stone-250-guitarists-2023,208,Amadou Bagayoko,Amadou Bagayoko,1,1
rolling-stone-250-guitarists-2023,209,Gary Clark Jr.,Gary Clark Jr.,1,1
rolling-stone-250-guitarists-2023,210,Kaki King,Kaki King,1,1
rolling-stone-250-guitarists-2023,211,Nick Zinner,Nick Zinner,1,1
rolling-stone-250-guitarists-2023,212,José Feliciano,José Feliciano,1,1
rolling-stone-250-guitarists-2023,213,Lucy Dacus,Lucy Dacus,1,1
rolling-stone-250-guitarists-2023,214,Keiji Haino,Keiji Haino,1,1
rolling-stone-250-guitarists-2023,215,Kurt Vile,Kurt Vile,1,1
rolling-stone-250-guitarists-2023,216,Steve Hackett,Steve Hackett,1,1
rolling-stone-250-guitarists-2023,217,Thomas McClary,Thomas McClary,1,1
rolling-stone-250-guitarists-2023,218,Lzzy Hale,Lzzy Hale,1,1
rolling-stone-250-guitarists-2023,219,Glenn Tipton and K.K. Downing,Glenn Tipton,1,2
rolling-stone-250-guitarists-2023,219,Glenn Tipton and K.K. Downing,K.K. Downing,2,2
rolling-stone-250-guitarists-2023,220,Courtney Barnett,Courtney Barnett,1,1
rolling-stone-250-guitarists-2023,221,James Blood Ulmer,James Blood Ulmer,1,1
rolling-stone-250-guitarists-2023,222,Molly Tuttle,Molly Tuttle,1,1
rolling-stone-250-guitarists-2023,223,Joseph Spence,Joseph Spence,1,1
rolling-stone-250-guitarists-2023,224,Marv Tarplin,Marv Tarplin,1,1
rolling-stone-250-guitarists-2023,225,Fred ‘Sonic’ Smith and Wayne Kramer,Fred ‘Sonic’ Smith,1,2
rolling-stone-250-guitarists-2023,225,Fred ‘Sonic’ Smith and Wayne Kramer,Wayne Kramer,2,2
rolling-stone-250-guitarists-2023,226,El Kempner,El Kempner,1,1
rolling-stone-250-guitarists-2023,227,Glenn Branca,Glenn Branca,1,1
rolling-stone-250-guitarists-2023,228,Steve Jones,Steve Jones,1,1
rolling-stone-250-guitarists-2023,229,Barbara Lynn,Barbara Lynn,1,1
rolling-stone-250-guitarists-2023,230,Gustavo Cerati,Gustavo Cerati,1,1
rolling-stone-250-guitarists-2023,231,Etta Baker,Etta Baker,1,1
rolling-stone-250-guitarists-2023,232,David Williams,David Williams,1,1
rolling-stone-250-guitarists-2023,233,H.E.R.,H.E.R.,1,1
rolling-stone-250-guitarists-2023,234,John McGeoch,John McGeoch,1,1
rolling-stone-250-guitarists-2023,235,Laura Marling,Laura Marling,1,1
rolling-stone-250-guitarists-2023,236,Greg Sage,Greg Sage,1,1
rolling-stone-250-guitarists-2023,237,Jennifer Batten,Jennifer Batten,1,1
rolling-stone-250-guitarists-2023,238,Doug Gillard,Doug Gillard,1,1
rolling-stone-250-guitarists-2023,239,Duane Eddy,Duane Eddy,1,1
rolling-stone-250-guitarists-2023,240,Erin Smith,Erin Smith,1,1
rolling-stone-250-guitarists-2023,241,Keith Urban,Keith Urban,1,1
rolling-stone-250-guitarists-2023,242,Lindsey Jordan,Lindsey Jordan,1,1
rolling-stone-250-guitarists-2023,243,Aaron Dessner and Bryce Dessner,Aaron Dessner,1,2
rolling-stone-250-guitarists-2023,243,Aaron Dessner and Bryce Dessner,Bryce Dessner,2,2
rolling-stone-250-guitarists-2023,244,Edilio Paredes,Edilio Paredes,1,1
rolling-stone-250-guitarists-2023,245,Leslie West,Leslie West,1,1
rolling-stone-250-guitarists-2023,246,Paul Simon,Paul Simon,1,1
rolling-stone-250-guitarists-2023,247,Ricky Wilson,Ricky Wilson,1,1
rolling-stone-250-guitarists-2023,248,Robby Krieger,Robby Krieger,1,1
rolling-stone-250-guitarists-2023,249,Brittany Howard,Brittany Howard,1,1
rolling-stone-250-guitarists-2023,250,Andy Summers,Andy Summers,1,1
