source_id,source_page,source_category,category_rank,source_entry_name
guitar-world-100-guitarists,1,rock,1,Brian May
guitar-world-100-guitarists,1,rock,2,Jimi Hendrix
guitar-world-100-guitarists,1,rock,3,Jimmy Page
guitar-world-100-guitarists,1,rock,4,Eddie Van Halen
guitar-world-100-guitarists,1,rock,5,Eric Clapton
guitar-world-100-guitarists,1,rock,6,David Gilmour
guitar-world-100-guitarists,1,rock,7,Ritchie Blackmore
guitar-world-100-guitarists,1,rock,8,Alex Lifeson
guitar-world-100-guitarists,1,rock,9,Jeff Beck
guitar-world-100-guitarists,1,rock,10,Slash
guitar-world-100-guitarists,1,rock,11,Carlos Santana
guitar-world-100-guitarists,1,rock,12,Mark Knopfler
guitar-world-100-guitarists,1,rock,13,Angus & Malcolm Young
guitar-world-100-guitarists,1,rock,14,Gary Moore
guitar-world-100-guitarists,1,rock,15,Billy Gibbons
guitar-world-100-guitarists,1,rock,16,Duane Allman
guitar-world-100-guitarists,1,rock,17,Joe Walsh
guitar-world-100-guitarists,1,rock,18,Keith Richards
guitar-world-100-guitarists,1,rock,19,Frank Zappa
guitar-world-100-guitarists,1,rock,20,George Harrison
guitar-world-100-guitarists,1,rock,21,Pete Townshend
guitar-world-100-guitarists,1,rock,22,Lindsey Buckingham
guitar-world-100-guitarists,1,rock,23,Steve Howe
guitar-world-100-guitarists,1,rock,24,Peter Frampton
guitar-world-100-guitarists,1,rock,25,Joe Perry
guitar-world-100-guitarists,2,blues,1,Stevie Ray Vaughan
guitar-world-100-guitarists,2,blues,2,B.B. King
guitar-world-100-guitarists,2,blues,3,Buddy Guy
guitar-world-100-guitarists,2,blues,4,Albert King
guitar-world-100-guitarists,2,blues,5,Joe Bonamassa
guitar-world-100-guitarists,2,blues,6,Robert Johnson
guitar-world-100-guitarists,2,blues,7,Rory Gallagher
guitar-world-100-guitarists,2,blues,8,Muddy Waters
guitar-world-100-guitarists,2,blues,9,Johnny Winter
guitar-world-100-guitarists,2,blues,10,Freddie King
guitar-world-100-guitarists,3,early_innovators,1,Chuck Berry
guitar-world-100-guitarists,3,early_innovators,2,Hank Marvin
guitar-world-100-guitarists,3,early_innovators,3,Les Paul
guitar-world-100-guitarists,3,early_innovators,4,Scotty Moore
guitar-world-100-guitarists,3,early_innovators,5,Buddy Holly
guitar-world-100-guitarists,4,metal,1,Tony Iommi
guitar-world-100-guitarists,4,metal,2,Dimebag Darrell
guitar-world-100-guitarists,4,metal,3,Randy Rhoads
guitar-world-100-guitarists,4,metal,4,James Hetfield
guitar-world-100-guitarists,4,metal,5,Mark Tremonti
guitar-world-100-guitarists,4,metal,6,Dave Mustaine
guitar-world-100-guitarists,4,metal,7,Zakk Wylde
guitar-world-100-guitarists,4,metal,8,Adrian Smith
guitar-world-100-guitarists,4,metal,9,Synyster Gates
guitar-world-100-guitarists,4,metal,10,Glenn Tipton & KK Downing
guitar-world-100-guitarists,5,shred,1,Steve Vai
guitar-world-100-guitarists,5,shred,2,Yngwie Malmsteen
guitar-world-100-guitarists,5,shred,3,Joe Satriani
guitar-world-100-guitarists,5,shred,4,Paul Gilbert
guitar-world-100-guitarists,5,shred,5,John Petrucci
guitar-world-100-guitarists,5,shred,6,Buckethead
guitar-world-100-guitarists,5,shred,7,Guthrie Govan
guitar-world-100-guitarists,5,shred,8,Jason Becker
guitar-world-100-guitarists,5,shred,9,Eric Johnson
guitar-world-100-guitarists,5,shred,10,Michael Angelo Batio
guitar-world-100-guitarists,6,alternative_indie,1,Johnny Marr
guitar-world-100-guitarists,6,alternative_indie,2,John Frusciante
guitar-world-100-guitarists,6,alternative_indie,3,Jack White
guitar-world-100-guitarists,6,alternative_indie,4,Tom Morello
guitar-world-100-guitarists,6,alternative_indie,5,Jonny Greenwood
guitar-world-100-guitarists,6,alternative_indie,6,J. Mascis
guitar-world-100-guitarists,6,alternative_indie,7,Kurt Cobain
guitar-world-100-guitarists,6,alternative_indie,8,Matt Bellamy
guitar-world-100-guitarists,6,alternative_indie,9,Graham Coxon
guitar-world-100-guitarists,6,alternative_indie,10,Josh Homme
guitar-world-100-guitarists,6,alternative_indie,11,Jerry Cantrell
guitar-world-100-guitarists,6,alternative_indie,12,Billy Corgan
guitar-world-100-guitarists,6,alternative_indie,13,Thurston Moore & Lee Ranaldo
guitar-world-100-guitarists,6,alternative_indie,14,Kevin Shields
guitar-world-100-guitarists,6,alternative_indie,15,Nick Valensi & Albert Hammond Jr.
guitar-world-100-guitarists,7,contemporary,1,Nita Strauss
guitar-world-100-guitarists,7,contemporary,2,Erja Lyytinen
guitar-world-100-guitarists,7,contemporary,3,Mateus Asato
guitar-world-100-guitarists,7,contemporary,4,Plini
guitar-world-100-guitarists,7,contemporary,5,Christone ‘Kingfish’ Ingram
guitar-world-100-guitarists,7,contemporary,6,Tim Henson & Scott LePage
guitar-world-100-guitarists,7,contemporary,7,Jason Richardson
guitar-world-100-guitarists,7,contemporary,8,Ichika Nito
guitar-world-100-guitarists,7,contemporary,9,Nick Johnston
guitar-world-100-guitarists,7,contemporary,10,Yvette Young
guitar-world-100-guitarists,8,trailblazers,1,Prince
guitar-world-100-guitarists,9,punk,1,Johnny Ramone
guitar-world-100-guitarists,9,punk,2,Steve Jones
guitar-world-100-guitarists,9,punk,3,Mick Jones
guitar-world-100-guitarists,9,punk,4,Ian MacKaye & Guy Pucciotto
guitar-world-100-guitarists,9,punk,5,Billie Joe Armstrong
guitar-world-100-guitarists,10,acoustic,1,Bert Jansch
guitar-world-100-guitarists,10,acoustic,2,Richard Thompson
guitar-world-100-guitarists,10,acoustic,3,Joni Mitchell
guitar-world-100-guitarists,10,acoustic,4,Nick Drake
guitar-world-100-guitarists,11,jazz_fusion,1,Django Reinhardt
guitar-world-100-guitarists,11,jazz_fusion,2,Allan Holdsworth
guitar-world-100-guitarists,11,jazz_fusion,3,Wes Montgomery
guitar-world-100-guitarists,11,jazz_fusion,4,John McLaughlin
guitar-world-100-guitarists,11,jazz_fusion,5,Larry Carlton
