source_id,source_rank,source_entry_name,musician_name
bass_player_100_best_bass_players,1,James Jamerson,James Jamerson
bass_player_100_best_bass_players,2,Jaco Pastorius,Jaco Pastorius
bass_player_100_best_bass_players,3,Paul McCartney,Paul McCartney
bass_player_100_best_bass_players,4,Larry Graham,Larry Graham
bass_player_100_best_bass_players,5,Stanley Clarke,Stanley Clarke
bass_player_100_best_bass_players,6,Ron Carter,Ron Carter
bass_player_100_best_bass_players,7,John Entwistle,John Entwistle
bass_player_100_best_bass_players,8,Anthony Jackson,Anthony Jackson
bass_player_100_best_bass_players,9,Ray Brown,Ray Brown
bass_player_100_best_bass_players,10,Marcus Miller,Marcus Miller
bass_player_100_best_bass_players,11,Jack Bruce,Jack Bruce
bass_player_100_best_bass_players,12,Charles Mingus,Charles Mingus
bass_player_100_best_bass_players,13,Geddy Lee,Geddy Lee
bass_player_100_best_bass_players,14,Victor Wooten,Victor Wooten
bass_player_100_best_bass_players,15,Pino Palladino,Pino Palladino
bass_player_100_best_bass_players,16,Scott LaFaro,Scott LaFaro
bass_player_100_best_bass_players,17,Chuck Rainey,Chuck Rainey
bass_player_100_best_bass_players,18,Bootsy Collins,Bootsy Collins
bass_player_100_best_bass_players,19,Rocco Prestia,Rocco Prestia
bass_player_100_best_bass_players,20,John Patitucci,John Patitucci
bass_player_100_best_bass_players,21,John Paul Jones,John Paul Jones
bass_player_100_best_bass_players,22,Paul Chambers,Paul Chambers
bass_player_100_best_bass_players,23,Jack Casady,Jack Casady
bass_player_100_best_bass_players,24,Israel 'Cachao' López,Israel 'Cachao' López
bass_player_100_best_bass_players,25,Carol Kaye,Carol Kaye
bass_player_100_best_bass_players,26,Chris Squire,Chris Squire
bass_player_100_best_bass_players,27,Verdine White,Verdine White
bass_player_100_best_bass_players,28,George Porter Jr.,George Porter Jr.
bass_player_100_best_bass_players,29,Billy Sheehan,Billy Sheehan
bass_player_100_best_bass_players,30,Flea,Flea
bass_player_100_best_bass_players,31,Leland Sklar,Leland Sklar
bass_player_100_best_bass_players,32,Will Lee,Will Lee
bass_player_100_best_bass_players,33,Les Claypool,Les Claypool
bass_player_100_best_bass_players,34,Oscar Pettiford,Oscar Pettiford
bass_player_100_best_bass_players,35,Aston 'Family Man' Barrett,Aston 'Family Man' Barrett
bass_player_100_best_bass_players,36,Tony Levin,Tony Levin
bass_player_100_best_bass_players,37,Jimmie Blanton,Jimmie Blanton
bass_player_100_best_bass_players,38,Louis Johnson,Louis Johnson
bass_player_100_best_bass_players,39,Nathan East,Nathan East
bass_player_100_best_bass_players,40,Donald 'Duck' Dunn,Donald 'Duck' Dunn
bass_player_100_best_bass_players,41,Charlie Haden,Charlie Haden
bass_player_100_best_bass_players,42,Abraham Laboriel,Abraham Laboriel
bass_player_100_best_bass_players,43,Joe Osborn,Joe Osborn
bass_player_100_best_bass_players,44,Paul Jackson,Paul Jackson
bass_player_100_best_bass_players,45,Geezer Butler,Geezer Butler
bass_player_100_best_bass_players,46,Berry Oakley,Berry Oakley
bass_player_100_best_bass_players,47,Eddie Gomez,Eddie Gomez
bass_player_100_best_bass_players,48,Andrew Gouché,Andrew Gouché
bass_player_100_best_bass_players,49,Willie Weeks,Willie Weeks
bass_player_100_best_bass_players,50,Bakithi Kumalo,Bakithi Kumalo
bass_player_100_best_bass_players,51,Steve Harris,Steve Harris
bass_player_100_best_bass_players,52,Gary Willis,Gary Willis
bass_player_100_best_bass_players,53,Bernard Edwards,Bernard Edwards
bass_player_100_best_bass_players,54,Jeff Berlin,Jeff Berlin
bass_player_100_best_bass_players,55,Cliff Burton,Cliff Burton
bass_player_100_best_bass_players,56,Steve Swallow,Steve Swallow
bass_player_100_best_bass_players,57,Phil Lesh,Phil Lesh
bass_player_100_best_bass_players,58,Edgar Meyer,Edgar Meyer
bass_player_100_best_bass_players,59,Bob Babbitt,Bob Babbitt
bass_player_100_best_bass_players,60,Meshell Ndegeocello,Meshell Ndegeocello
bass_player_100_best_bass_players,61,Jerry Jemmott,Jerry Jemmott
bass_player_100_best_bass_players,62,Matt Garrison,Matt Garrison
bass_player_100_best_bass_players,63,Lemmy Kilmister,Lemmy Kilmister
bass_player_100_best_bass_players,64,Oteil Burbridge,Oteil Burbridge
bass_player_100_best_bass_players,65,Richard Bona,Richard Bona
bass_player_100_best_bass_players,66,Niels-Henning Ørsted Pedersen,Niels-Henning Ørsted Pedersen
bass_player_100_best_bass_players,67,Doug Wimbish,Doug Wimbish
bass_player_100_best_bass_players,68,Dave Holland,Dave Holland
bass_player_100_best_bass_players,69,Robbie Shakespeare,Robbie Shakespeare
bass_player_100_best_bass_players,70,Jimmy Johnson,Jimmy Johnson
bass_player_100_best_bass_players,71,Christian McBride,Christian McBride
bass_player_100_best_bass_players,72,Victor Bailey,Victor Bailey
bass_player_100_best_bass_players,73,Michael Manring,Michael Manring
bass_player_100_best_bass_players,74,Dee Murray,Dee Murray
bass_player_100_best_bass_players,75,Sting,Sting
bass_player_100_best_bass_players,76,Esperanza Spalding,Esperanza Spalding
bass_player_100_best_bass_players,77,Peter Hook,Peter Hook
bass_player_100_best_bass_players,78,Mark King,Mark King
bass_player_100_best_bass_players,79,Justin Chancellor,Justin Chancellor
bass_player_100_best_bass_players,80,Tim Bogert,Tim Bogert
bass_player_100_best_bass_players,81,Stuart Hamm,Stuart Hamm
bass_player_100_best_bass_players,82,David Hood,David Hood
bass_player_100_best_bass_players,83,Jonas Hellborg,Jonas Hellborg
bass_player_100_best_bass_players,84,John Deacon,John Deacon
bass_player_100_best_bass_players,85,Bill Black,Bill Black
bass_player_100_best_bass_players,86,Red Mitchell,Red Mitchell
bass_player_100_best_bass_players,87,Michael Rhodes,Michael Rhodes
bass_player_100_best_bass_players,88,Bobby Rodriguez,Bobby Rodriguez
bass_player_100_best_bass_players,89,Mike Watt,Mike Watt
bass_player_100_best_bass_players,90,Stephen 'Thundercat' Bruner,Stephen 'Thundercat' Bruner
bass_player_100_best_bass_players,91,Hadrien Feraud,Hadrien Feraud
bass_player_100_best_bass_players,92,Bobby Vega,Bobby Vega
bass_player_100_best_bass_players,93,Bill Laswell,Bill Laswell
bass_player_100_best_bass_players,94,Willie Dixon,Willie Dixon
bass_player_100_best_bass_players,95,Mick Karn,Mick Karn
bass_player_100_best_bass_players,96,Bob Moore,Bob Moore
bass_player_100_best_bass_players,97,Ron Baker,Ron Baker
bass_player_100_best_bass_players,98,Leroy 'Slam' Stewart,Leroy 'Slam' Stewart
bass_player_100_best_bass_players,99,Walter Page,Walter Page
bass_player_100_best_bass_players,100,Percy Jones,Percy Jones
