source_id,source_page,source_category,category_rank,source_entry_name,musician_name,source_member_index,source_member_count
guitar-world-100-guitarists,1,rock,1,Brian May,Brian May,1,1
guitar-world-100-guitarists,1,rock,2,Jimi Hendrix,Jimi Hendrix,1,1
guitar-world-100-guitarists,1,rock,3,Jimmy Page,Jimmy Page,1,1
guitar-world-100-guitarists,1,rock,4,Eddie Van Halen,Eddie Van Halen,1,1
guitar-world-100-guitarists,1,rock,5,Eric Clapton,Eric Clapton,1,1
guitar-world-100-guitarists,1,rock,6,David Gilmour,David Gilmour,1,1
guitar-world-100-guitarists,1,rock,7,Ritchie Blackmore,Ritchie Blackmore,1,1
guitar-world-100-guitarists,1,rock,8,Alex Lifeson,Alex Lifeson,1,1
guitar-world-100-guitarists,1,rock,9,Jeff Beck,Jeff Beck,1,1
guitar-world-100-guitarists,1,rock,10,Slash,Slash,1,1
guitar-world-100-guitarists,1,rock,11,Carlos Santana,Carlos Santana,1,1
guitar-world-100-guitarists,1,rock,12,Mark Knopfler,Mark Knopfler,1,1
guitar-world-100-guitarists,1,rock,13,Angus & Malcolm Young,Angus Young,1,2
guitar-world-100-guitarists,1,rock,13,Angus & Malcolm Young,Malcolm Young,2,2
guitar-world-100-guitarists,1,rock,14,Gary Moore,Gary Moore,1,1
guitar-world-100-guitarists,1,rock,15,Billy Gibbons,Billy Gibbons,1,1
guitar-world-100-guitarists,1,rock,16,Duane Allman,Duane Allman,1,1
guitar-world-100-guitarists,1,rock,17,Joe Walsh,Joe Walsh,1,1
guitar-world-100-guitarists,1,rock,18,Keith Richards,Keith Richards,1,1
guitar-world-100-guitarists,1,rock,19,Frank Zappa,Frank Zappa,1,1
guitar-world-100-guitarists,1,rock,20,George Harrison,George Harrison,1,1
guitar-world-100-guitarists,1,rock,21,Pete Townshend,Pete Townshend,1,1
guitar-world-100-guitarists,1,rock,22,Lindsey Buckingham,Lindsey Buckingham,1,1
guitar-world-100-guitarists,1,rock,23,Steve Howe,Steve Howe,1,1
guitar-world-100-guitarists,1,rock,24,Peter Frampton,Peter Frampton,1,1
guitar-world-100-guitarists,1,rock,25,Joe Perry,Joe Perry,1,1
guitar-world-100-guitarists,2,blues,1,Stevie Ray Vaughan,Stevie Ray Vaughan,1,1
guitar-world-100-guitarists,2,blues,2,B.B. King,B.B. King,1,1
guitar-world-100-guitarists,2,blues,3,Buddy Guy,Buddy Guy,1,1
guitar-world-100-guitarists,2,blues,4,Albert King,Albert King,1,1
guitar-world-100-guitarists,2,blues,5,Joe Bonamassa,Joe Bonamassa,1,1
guitar-world-100-guitarists,2,blues,6,Robert Johnson,Robert Johnson,1,1
guitar-world-100-guitarists,2,blues,7,Rory Gallagher,Rory Gallagher,1,1
guitar-world-100-guitarists,2,blues,8,Muddy Waters,Muddy Waters,1,1
guitar-world-100-guitarists,2,blues,9,Johnny Winter,Johnny Winter,1,1
guitar-world-100-guitarists,2,blues,10,Freddie King,Freddie King,1,1
guitar-world-100-guitarists,3,early_innovators,1,Chuck Berry,Chuck Berry,1,1
guitar-world-100-guitarists,3,early_innovators,2,Hank Marvin,Hank Marvin,1,1
guitar-world-100-guitarists,3,early_innovators,3,Les Paul,Les Paul,1,1
guitar-world-100-guitarists,3,early_innovators,4,Scotty Moore,Scotty Moore,1,1
guitar-world-100-guitarists,3,early_innovators,5,Buddy Holly,Buddy Holly,1,1
guitar-world-100-guitarists,4,metal,1,Tony Iommi,Tony Iommi,1,1
guitar-world-100-guitarists,4,metal,2,Dimebag Darrell,Dimebag Darrell,1,1
guitar-world-100-guitarists,4,metal,3,Randy Rhoads,Randy Rhoads,1,1
guitar-world-100-guitarists,4,metal,4,James Hetfield,James Hetfield,1,1
guitar-world-100-guitarists,4,metal,5,Mark Tremonti,Mark Tremonti,1,1
guitar-world-100-guitarists,4,metal,6,Dave Mustaine,Dave Mustaine,1,1
guitar-world-100-guitarists,4,metal,7,Zakk Wylde,Zakk Wylde,1,1
guitar-world-100-guitarists,4,metal,8,Adrian Smith,Adrian Smith,1,1
guitar-world-100-guitarists,4,metal,9,Synyster Gates,Synyster Gates,1,1
guitar-world-100-guitarists,4,metal,10,Glenn Tipton & KK Downing,Glenn Tipton,1,2
guitar-world-100-guitarists,4,metal,10,Glenn Tipton & KK Downing,KK Downing,2,2
guitar-world-100-guitarists,5,shred,1,Steve Vai,Steve Vai,1,1
guitar-world-100-guitarists,5,shred,2,Yngwie Malmsteen,Yngwie Malmsteen,1,1
guitar-world-100-guitarists,5,shred,3,Joe Satriani,Joe Satriani,1,1
guitar-world-100-guitarists,5,shred,4,Paul Gilbert,Paul Gilbert,1,1
guitar-world-100-guitarists,5,shred,5,John Petrucci,John Petrucci,1,1
guitar-world-100-guitarists,5,shred,6,Buckethead,Buckethead,1,1
guitar-world-100-guitarists,5,shred,7,Guthrie Govan,Guthrie Govan,1,1
guitar-world-100-guitarists,5,shred,8,Jason Becker,Jason Becker,1,1
guitar-world-100-guitarists,5,shred,9,Eric Johnson,Eric Johnson,1,1
guitar-world-100-guitarists,5,shred,10,Michael Angelo Batio,Michael Angelo Batio,1,1
guitar-world-100-guitarists,6,alternative_indie,1,Johnny Marr,Johnny Marr,1,1
guitar-world-100-guitarists,6,alternative_indie,2,John Frusciante,John Frusciante,1,1
guitar-world-100-guitarists,6,alternative_indie,3,Jack White,Jack White,1,1
guitar-world-100-guitarists,6,alternative_indie,4,Tom Morello,Tom Morello,1,1
guitar-world-100-guitarists,6,alternative_indie,5,Jonny Greenwood,Jonny Greenwood,1,1
guitar-world-100-guitarists,6,alternative_indie,6,J. Mascis,J. Mascis,1,1
guitar-world-100-guitarists,6,alternative_indie,7,Kurt Cobain,Kurt Cobain,1,1
guitar-world-100-guitarists,6,alternative_indie,8,Matt Bellamy,Matt Bellamy,1,1
guitar-world-100-guitarists,6,alternative_indie,9,Graham Coxon,Graham Coxon,1,1
guitar-world-100-guitarists,6,alternative_indie,10,Josh Homme,Josh Homme,1,1
guitar-world-100-guitarists,6,alternative_indie,11,Jerry Cantrell,Jerry Cantrell,1,1
guitar-world-100-guitarists,6,alternative_indie,12,Billy Corgan,Billy Corgan,1,1
guitar-world-100-guitarists,6,alternative_indie,13,Thurston Moore & Lee Ranaldo,Thurston Moore,1,2
guitar-world-100-guitarists,6,alternative_indie,13,Thurston Moore & Lee Ranaldo,Lee Ranaldo,2,2
guitar-world-100-guitarists,6,alternative_indie,14,Kevin Shields,Kevin Shields,1,1
guitar-world-100-guitarists,6,alternative_indie,15,Nick Valensi & Albert Hammond Jr.,Nick Valensi,1,2
guitar-world-100-guitarists,6,alternative_indie,15,Nick Valensi & Albert Hammond Jr.,Albert Hammond Jr.,2,2
guitar-world-100-guitarists,7,contemporary,1,Nita Strauss,Nita Strauss,1,1
guitar-world-100-guitarists,7,contemporary,2,Erja Lyytinen,Erja Lyytinen,1,1
guitar-world-100-guitarists,7,contemporary,3,Mateus Asato,Mateus Asato,1,1
guitar-world-100-guitarists,7,contemporary,4,Plini,Plini,1,1
guitar-world-100-guitarists,7,contemporary,5,Christone ‘Kingfish’ Ingram,Christone ‘Kingfish’ Ingram,1,1
guitar-world-100-guitarists,7,contemporary,6,Tim Henson & Scott LePage,Tim Henson,1,2
guitar-world-100-guitarists,7,contemporary,6,Tim Henson & Scott LePage,Scott LePage,2,2
guitar-world-100-guitarists,7,contemporary,7,Jason Richardson,Jason Richardson,1,1
guitar-world-100-guitarists,7,contemporary,8,Ichika Nito,Ichika Nito,1,1
guitar-world-100-guitarists,7,contemporary,9,Nick Johnston,Nick Johnston,1,1
guitar-world-100-guitarists,7,contemporary,10,Yvette Young,Yvette Young,1,1
guitar-world-100-guitarists,8,trailblazers,1,Prince,Prince,1,1
guitar-world-100-guitarists,9,punk,1,Johnny Ramone,Johnny Ramone,1,1
guitar-world-100-guitarists,9,punk,2,Steve Jones,Steve Jones,1,1
guitar-world-100-guitarists,9,punk,3,Mick Jones,Mick Jones,1,1
guitar-world-100-guitarists,9,punk,4,Ian MacKaye & Guy Pucciotto,Ian MacKaye,1,2
guitar-world-100-guitarists,9,punk,4,Ian MacKaye & Guy Pucciotto,Guy Pucciotto,2,2
guitar-world-100-guitarists,9,punk,5,Billie Joe Armstrong,Billie Joe Armstrong,1,1
guitar-world-100-guitarists,10,acoustic,1,Bert Jansch,Bert Jansch,1,1
guitar-world-100-guitarists,10,acoustic,2,Richard Thompson,Richard Thompson,1,1
guitar-world-100-guitarists,10,acoustic,3,Joni Mitchell,Joni Mitchell,1,1
guitar-world-100-guitarists,10,acoustic,4,Nick Drake,Nick Drake,1,1
guitar-world-100-guitarists,11,jazz_fusion,1,Django Reinhardt,Django Reinhardt,1,1
guitar-world-100-guitarists,11,jazz_fusion,2,Allan Holdsworth,Allan Holdsworth,1,1
guitar-world-100-guitarists,11,jazz_fusion,3,Wes Montgomery,Wes Montgomery,1,1
guitar-world-100-guitarists,11,jazz_fusion,4,John McLaughlin,John McLaughlin,1,1
guitar-world-100-guitarists,11,jazz_fusion,5,Larry Carlton,Larry Carlton,1,1
