source_id,source_rank,source_entry_name,musician_name,source_member_index,source_member_count,match_status,wikidata_id,canonical_name,musicbrainz_id,apple_music_artist_id
rolling-stone-250-guitarists-2023,1,Jimi Hendrix,Jimi Hendrix,1,1,matched,Q5928,Jimi Hendrix,06fb1c8b-566e-4cb2-985b-b467c90781d4,62852
rolling-stone-250-guitarists-2023,2,Chuck Berry,Chuck Berry,1,1,matched,Q5921,Chuck Berry,592a3b6d-c42b-4567-99c9-ecf63bd66499,343170
rolling-stone-250-guitarists-2023,3,Jimmy Page,Jimmy Page,1,1,matched,Q165467,Jimmy Page,519774a4-3b18-4042-b8c0-927845a616c9,
rolling-stone-250-guitarists-2023,4,Eddie Van Halen,Eddie Van Halen,1,1,matched,Q272012,Eddie Van Halen,2a66baa5-9832-4fbc-8365-c9f607a89e47,3249922
rolling-stone-250-guitarists-2023,5,Jeff Beck,Jeff Beck,1,1,matched,Q192474,Jeff Beck,14a4bc78-1c2d-4ca7-8d1b-9b58076a2a17,476310
rolling-stone-250-guitarists-2023,6,Sister Rosetta Tharpe,Sister Rosetta Tharpe,1,1,matched,Q438106,Sister Rosetta Tharpe,f5625c87-5a62-4b3b-a375-fe08a71acddc,83567
rolling-stone-250-guitarists-2023,7,Nile Rodgers,Nile Rodgers,1,1,matched,Q497759,Nile Rodgers,c6d571dd-c0ae-4ac8-9500-780b1b9b25e5,722791
rolling-stone-250-guitarists-2023,8,B.B. King,B.B. King,1,1,unmatched,,,,
rolling-stone-250-guitarists-2023,9,Joni Mitchell,Joni Mitchell,1,1,matched,Q205721,Joni Mitchell,a6de8ef9-b1a1-4756-97aa-481bbb8a4069,203373
rolling-stone-250-guitarists-2023,10,Duane Allman,Duane Allman,1,1,matched,Q313820,Duane Allman,bb45bbe4-172e-4d1d-9d43-9708504f150f,
rolling-stone-250-guitarists-2023,11,Carlos Santana,Carlos Santana,1,1,matched,Q819016,Carlos Santana,f7fda030-0ba1-42e9-a385-3deebc939bc9,217174
rolling-stone-250-guitarists-2023,12,Jimmy Nolen,Jimmy Nolen,1,1,unmatched,,,,
rolling-stone-250-guitarists-2023,13,Tony Iommi,Tony Iommi,1,1,matched,Q202733,Tony Iommi,e5fa0175-2e93-4ca7-90c3-33f239381252,462585
rolling-stone-250-guitarists-2023,14,Prince,Prince,1,1,matched,Q7542,Prince,070d193a-845c-479f-980e-bef15710653e,155814
rolling-stone-250-guitarists-2023,15,Keith Richards,Keith Richards,1,1,matched,Q189599,Keith Richards,f0ed72a3-ae8f-4cf7-b51d-2696a2330230,241666
rolling-stone-250-guitarists-2023,16,Robert Johnson,Robert Johnson,1,1,matched,Q192133,Robert Johnson,8a8bbba6-72f7-4900-a306-c40b94f2631b,1222685588
rolling-stone-250-guitarists-2023,17,Mother Maybelle Carter,Mother Maybelle Carter,1,1,unmatched,,,,
rolling-stone-250-guitarists-2023,18,Tom Morello,Tom Morello,1,1,matched,Q297552,Tom Morello,42a636a0-dbe4-4d0c-abe2-1590fad9531b,466357
rolling-stone-250-guitarists-2023,19,Freddy King,Freddy King,1,1,unmatched,,,,
rolling-stone-250-guitarists-2023,20,Stevie Ray Vaughan,Stevie Ray Vaughan,1,1,matched,Q202937,Stevie Ray Vaughan,f5426431-f490-4678-ad44-a75c71097bb4,484957
rolling-stone-250-guitarists-2023,21,Randy Rhoads,Randy Rhoads,1,1,matched,Q312276,Randy Rhoads,19dccaac-efa8-413f-9042-28006792e0f2,
rolling-stone-250-guitarists-2023,22,Albert King,Albert King,1,1,unmatched,,,,
rolling-stone-250-guitarists-2023,23,James Hetfield and Kirk Hammett,James Hetfield,1,2,matched,Q484302,James Hetfield,68c34082-c1d5-4399-af9b-3921ca0a6a1f,
rolling-stone-250-guitarists-2023,23,James Hetfield and Kirk Hammett,Kirk Hammett,2,2,matched,Q484030,Kirk Hammett,4c45495f-b9f3-4d03-9fac-d44c8a77f5de,48917375
rolling-stone-250-guitarists-2023,24,James Burton,James Burton,1,1,matched,Q326937,James Burton,85234d2c-599e-46a3-b3f0-a349a5a7266e,
rolling-stone-250-guitarists-2023,25,John Frusciante,John Frusciante,1,1,matched,Q188980,John Frusciante,f1571db1-c672-4a54-a2cf-aaa329f26f0b,
rolling-stone-250-guitarists-2023,26,St. Vincent,St. Vincent,1,1,matched,Q238795,St. Vincent,a76e1638-fe14-4b5a-a191-d216dd2312e9,198271209
rolling-stone-250-guitarists-2023,27,Buddy Guy,Buddy Guy,1,1,matched,Q314208,Buddy Guy,4336a134-d091-4e54-9967-c7c433db6d4e,97577
rolling-stone-250-guitarists-2023,28,David Gilmour,David Gilmour,1,1,matched,Q178517,David Gilmour,1dce970e-34bc-48b2-ab51-48d87544a4c2,638538
rolling-stone-250-guitarists-2023,29,Eddie Hazel,Eddie Hazel,1,1,matched,Q540533,Eddie Hazel,98f3e150-95c3-4fa3-8f76-0f6cba4431aa,
rolling-stone-250-guitarists-2023,30,Neil Young,Neil Young,1,1,matched,Q633,Neil Young,75167b8b-44e4-407b-9d35-effe87b223cf,147370
rolling-stone-250-guitarists-2023,31,George Harrison,George Harrison,1,1,matched,Q2643,George Harrison,42a8f507-8412-4611-854f-926571049fa0,255233
rolling-stone-250-guitarists-2023,32,Jack White,Jack White,1,1,matched,Q272031,Jack White,3ae2fb37-8a23-429d-9920-bac811c4fc22,826980
rolling-stone-250-guitarists-2023,33,Brian May,Brian May,1,1,matched,Q15873,Brian May,6d24f102-5c43-453a-8664-4ee092f441cf,
rolling-stone-250-guitarists-2023,34,Jerry Garcia,Jerry Garcia,1,1,matched,Q312870,Jerry Garcia,1ecff755-607d-4130-9a8a-8873f27e5de5,931545
rolling-stone-250-guitarists-2023,35,Eric Clapton,Eric Clapton,1,1,matched,Q48187,Eric Clapton,618b6900-0618-4f1e-b835-bccb17f84294,123853
rolling-stone-250-guitarists-2023,36,Elizabeth Cotten,Elizabeth Cotten,1,1,matched,Q454320,Elizabeth Cotten,907f53c2-f7d1-406a-8071-30262ba472ca,
rolling-stone-250-guitarists-2023,37,Pete Townshend,Pete Townshend,1,1,matched,Q26933,Pete Townshend,fb147b8f-0144-4418-acaa-90b2d9779840,320553
rolling-stone-250-guitarists-2023,38,Angus Young and Malcolm Young,Angus Young,1,2,matched,Q43932,Angus Young,a0a54c69-b0d2-4d2a-bcf8-994b8846b0d8,
rolling-stone-250-guitarists-2023,38,Angus Young and Malcolm Young,Malcolm Young,2,2,matched,Q44653,Malcolm Young,ea719716-da05-46f8-bbd5-cc5803db3d0e,
rolling-stone-250-guitarists-2023,39,Chet Atkins,Chet Atkins,1,1,matched,Q72096,Chet Atkins,5810667a-9db6-4fd0-abac-667cdac5d415,212083
rolling-stone-250-guitarists-2023,40,John Fahey,John Fahey,1,1,unmatched,,,,
rolling-stone-250-guitarists-2023,41,Bo Diddley,Bo Diddley,1,1,matched,Q208881,Bo Diddley,bf659d74-0b61-488c-8a7d-594f43bed9e0,
rolling-stone-250-guitarists-2023,42,Vernon Reid,Vernon Reid,1,1,matched,Q587628,Vernon Reid,6b429638-0cb7-44b1-8b2c-691ee0e52ef7,
rolling-stone-250-guitarists-2023,43,Jonny Greenwood and Ed O’Brien,Jonny Greenwood,1,2,matched,Q286410,Jonny Greenwood,e9fcfbbf-1743-4f73-8744-ada8da7394ea,
rolling-stone-250-guitarists-2023,43,Jonny Greenwood and Ed O’Brien,Ed O’Brien,2,2,matched,Q842850,Ed O'Brien,309d9809-cf74-493a-b56b-1378258f20fd,
rolling-stone-250-guitarists-2023,44,Johnny Ramone,Johnny Ramone,1,1,matched,Q317262,Johnny Ramone,d0fbf734-a7cb-41f2-9194-2cad1220f962,
rolling-stone-250-guitarists-2023,45,Steve Cropper,Steve Cropper,1,1,matched,Q471811,Steve Cropper,4387a8ed-8a80-453c-a863-73dc0b23900c,436538413
rolling-stone-250-guitarists-2023,46,Frank Zappa,Frank Zappa,1,1,matched,Q127330,Frank Zappa,e20747e7-55a4-452e-8766-7b985585082d,458712
rolling-stone-250-guitarists-2023,47,The Edge,The Edge,1,1,matched,Q714845,The Edge,a94e530f-4e9f-40e6-b44b-ebec06f7900e,4410452
rolling-stone-250-guitarists-2023,48,Curtis Mayfield,Curtis Mayfield,1,1,matched,Q310170,Curtis Mayfield,4dca4bb2-23ba-4103-97e6-5810311db33a,
rolling-stone-250-guitarists-2023,49,PJ Harvey,PJ Harvey,1,1,matched,Q219772,PJ Harvey,e795e03d-b5d5-4a5f-834d-162cfb308a2c,252623
rolling-stone-250-guitarists-2023,50,Elmore James,Elmore James,1,1,matched,Q356598,Elmore James,6fbd2cfb-5f9c-497c-8e06-3c6668367681,
rolling-stone-250-guitarists-2023,51,Tom Verlaine,Tom Verlaine,1,1,matched,Q285312,Tom Verlaine,b54065f0-61b3-4f6f-ba4a-ce15564fbd59,
rolling-stone-250-guitarists-2023,52,John Lee Hooker,John Lee Hooker,1,1,matched,Q44570,John Lee Hooker,b0122194-c49a-46a1-ade7-84d1d76bd8e9,97536
rolling-stone-250-guitarists-2023,53,Trey Anastasio,Trey Anastasio,1,1,unmatched,,,,
rolling-stone-250-guitarists-2023,54,Bonnie Raitt,Bonnie Raitt,1,1,matched,Q234693,Bonnie Raitt,0f0da09c-3940-4cb5-879f-4cea28907810,22677
rolling-stone-250-guitarists-2023,55,Mick Taylor,Mick Taylor,1,1,matched,Q312696,Mick Taylor,c7a99436-6da3-4190-8ce7-9cd44d62fcd4,
rolling-stone-250-guitarists-2023,56,Johnny Marr,Johnny Marr,1,1,matched,Q317742,Johnny Marr,ff621094-2a76-401f-8398-b75b5fd2be24,
rolling-stone-250-guitarists-2023,57,Thurston Moore and Lee Ranaldo,Thurston Moore,1,2,matched,Q505677,Thurston Moore,8ba48525-d922-42ee-9775-97b7b8f9712e,19843217
rolling-stone-250-guitarists-2023,57,Thurston Moore and Lee Ranaldo,Lee Ranaldo,2,2,matched,Q352087,Lee Ranaldo,6eb1f3f8-5c5a-41c2-a390-f397a2b824a3,
rolling-stone-250-guitarists-2023,58,Alex Lifeson,Alex Lifeson,1,1,matched,Q348177,Alex Lifeson,3ccd2160-2d09-4835-8782-0aa68faa278e,
rolling-stone-250-guitarists-2023,59,Robert Fripp,Robert Fripp,1,1,matched,Q203185,Robert Fripp,898b645e-eed2-490a-8ce2-0e7a4d2d5bc8,613849
rolling-stone-250-guitarists-2023,60,Scotty Moore,Scotty Moore,1,1,matched,Q430932,Scotty Moore,874219f5-21d4-4fca-be69-02421e638c16,81032673
rolling-stone-250-guitarists-2023,61,John Mayer,John Mayer,1,1,matched,Q215215,John Mayer,144ef525-85e9-40c3-8335-02c32d0861f3,472054
rolling-stone-250-guitarists-2023,62,Peter Green,Peter Green,1,1,matched,Q315408,Peter Green,9a6adb63-10a9-417a-8cd9-3b0fcf5475c5,
rolling-stone-250-guitarists-2023,63,Richard Thompson,Richard Thompson,1,1,matched,Q539955,Richard Thompson,ecfeacaf-0399-470f-8207-d1c646569fd0,
rolling-stone-250-guitarists-2023,64,Carrie Brownstein,Carrie Brownstein,1,1,matched,Q2940239,Carrie Brownstein,2b7d41d8-21d4-4410-a57b-5ddaeb131094,
rolling-stone-250-guitarists-2023,65,T-Bone Walker,T-Bone Walker,1,1,matched,Q358538,T-Bone Walker,f1a3fb4a-fff6-4556-a290-3704b109da90,533197
rolling-stone-250-guitarists-2023,66,Ry Cooder,Ry Cooder,1,1,matched,Q318374,Ry Cooder,a4e2650b-938b-4b72-95bc-6e229cd34601,
rolling-stone-250-guitarists-2023,67,Kevin Shields,Kevin Shields,1,1,unmatched,,,,
rolling-stone-250-guitarists-2023,68,Les Paul,Les Paul,1,1,matched,Q262399,Les Paul,f671ebd2-917d-466f-b7bc-07c60e4d8990,
rolling-stone-250-guitarists-2023,69,Robbie Robertson,Robbie Robertson,1,1,matched,Q117249,Robbie Robertson,a0920ae6-2968-4f92-ac14-67448452bd18,
rolling-stone-250-guitarists-2023,70,Django Reinhardt,Django Reinhardt,1,1,matched,Q44122,Django Reinhardt,650bf385-6f6d-4992-a3b9-779d144920a4,104576
rolling-stone-250-guitarists-2023,71,Franco Luambo,Franco Luambo,1,1,unmatched,,,,
rolling-stone-250-guitarists-2023,72,John McLaughlin,John McLaughlin,1,1,matched,Q164757,John McLaughlin,fcbc2086-5863-4659-b03d-44be704697d2,41406758
rolling-stone-250-guitarists-2023,73,Hubert Sumlin,Hubert Sumlin,1,1,matched,Q629761,Hubert Sumlin,5bfa36d8-b208-400d-bfa1-8463c93c24ff,
rolling-stone-250-guitarists-2023,74,J Mascis,J Mascis,1,1,matched,Q739681,J Mascis,82315599-2215-4c3e-a36f-87be58d06ec0,
rolling-stone-250-guitarists-2023,75,Ritchie Blackmore,Ritchie Blackmore,1,1,matched,Q192183,Ritchie Blackmore,fc5f555c-dfa2-4f16-9da5-98342105c23a,
rolling-stone-250-guitarists-2023,76,Joan Jett,Joan Jett,1,1,matched,Q231106,Joan Jett,f376828a-b438-4fda-bb2e-dcd5fbe81f83,1282872765
rolling-stone-250-guitarists-2023,77,Willie Nelson,Willie Nelson,1,1,matched,Q206112,Willie Nelson,668fd73c-bf54-4310-a139-305517f05311,71676
rolling-stone-250-guitarists-2023,78,Charlie Christian,Charlie Christian,1,1,unmatched,,,,
rolling-stone-250-guitarists-2023,79,Ernie Isley,Ernie Isley,1,1,unmatched,,,,
rolling-stone-250-guitarists-2023,80,Derek Trucks,Derek Trucks,1,1,matched,Q370726,Derek Trucks,954a45e0-5e21-44ae-8d56-44b79b4f1cb3,
rolling-stone-250-guitarists-2023,81,Bert Jansch,Bert Jansch,1,1,matched,Q332953,Bert Jansch,d7f95537-2b48-403d-9ac2-f1fc7aad0960,
rolling-stone-250-guitarists-2023,82,Wes Montgomery,Wes Montgomery,1,1,matched,Q298601,Wes Montgomery,663f8232-8c46-4851-803f-a91d31593b14,
rolling-stone-250-guitarists-2023,83,Adrian Smith and Dave Murray,Adrian Smith,1,2,unmatched,,,,
rolling-stone-250-guitarists-2023,83,Adrian Smith and Dave Murray,Dave Murray,2,2,unmatched,,,,
rolling-stone-250-guitarists-2023,84,Muddy Waters,Muddy Waters,1,1,matched,Q220707,Muddy Waters,f86f1f07-d182-45ce-ae93-ef610880ca72,26643
rolling-stone-250-guitarists-2023,85,Larry Carlton,Larry Carlton,1,1,matched,Q452227,Larry Carlton,f1f81989-dfa9-4bd3-805e-dcf3900c43e3,29989
rolling-stone-250-guitarists-2023,86,Sonny Sharrock,Sonny Sharrock,1,1,unmatched,,,,
rolling-stone-250-guitarists-2023,87,Poison Ivy,Poison Ivy,1,1,unmatched,,,,
rolling-stone-250-guitarists-2023,88,Kurt Cobain,Kurt Cobain,1,1,matched,Q8446,Kurt Cobain,3c9b356d-d1db-4f4e-a7a3-2d00c1d70255,526647
rolling-stone-250-guitarists-2023,89,Lou Reed,Lou Reed,1,1,matched,Q189080,Lou Reed,9d1ebcfe-4c15-4d18-95d3-d919898638a1,
rolling-stone-250-guitarists-2023,90,Mdou Moctar,Mdou Moctar,1,1,unmatched,,,,
rolling-stone-250-guitarists-2023,91,Cat Coore,Cat Coore,1,1,unmatched,,,,
rolling-stone-250-guitarists-2023,92,Wata,Wata,1,1,unmatched,,,,
rolling-stone-250-guitarists-2023,93,Leo Nocentelli,Leo Nocentelli,1,1,unmatched,,,,
rolling-stone-250-guitarists-2023,94,Joe Satriani,Joe Satriani,1,1,matched,Q194287,Joe Satriani,29762c82-bb92-4acd-b1fb-09cc4da250d2,466941
rolling-stone-250-guitarists-2023,95,Mary Timony,Mary Timony,1,1,unmatched,,,,
rolling-stone-250-guitarists-2023,96,Mark Knopfler,Mark Knopfler,1,1,matched,Q185343,Mark Knopfler,e49f69da-17d5-4c5c-bac0-dadcb0e588f5,156766
rolling-stone-250-guitarists-2023,97,Stephen Malkmus,Stephen Malkmus,1,1,unmatched,,,,
rolling-stone-250-guitarists-2023,98,Link Wray,Link Wray,1,1,matched,Q252248,Link Wray,1c1c86a2-7850-47ac-8771-ae6359bae2b7,
rolling-stone-250-guitarists-2023,99,Tosin Abasi,Tosin Abasi,1,1,unmatched,,,,
rolling-stone-250-guitarists-2023,100,Kerry King,Kerry King,1,1,matched,Q297210,Kerry King,6545b2a5-bbdd-408d-9169-3d7aeade8093,
rolling-stone-250-guitarists-2023,101,John Fogerty,John Fogerty,1,1,matched,Q326538,John Fogerty,c3649208-0ebe-449b-b1d7-4bd6c560f109,147445
rolling-stone-250-guitarists-2023,102,Billy Gibbons,Billy Gibbons,1,1,matched,Q369898,Billy Gibbons,f2c2f494-c2c3-42f9-85a8-576da85f9b90,185563
rolling-stone-250-guitarists-2023,103,Nancy Wilson,Nancy Wilson,1,1,matched,Q263772,Nancy Wilson,d1153c78-ade9-44bb-b85c-1880dc7687f2,
rolling-stone-250-guitarists-2023,104,Ali Farka Touré,Ali Farka Touré,1,1,unmatched,,,,
rolling-stone-250-guitarists-2023,105,Slash,Slash,1,1,matched,Q34166,Slash,5e7a7026-dfc5-4aba-8496-95140716f3db,115556
rolling-stone-250-guitarists-2023,106,Peter Buck,Peter Buck,1,1,matched,Q346801,Peter Buck,2bab20bf-8dab-4af8-b7b0-ba8e30860261,
rolling-stone-250-guitarists-2023,107,Clarence White,Clarence White,1,1,matched,Q1095533,Clarence White,88970b96-d093-4ab8-b194-c91479b4387e,
rolling-stone-250-guitarists-2023,108,Merle Travis,Merle Travis,1,1,matched,Q1276598,Merle Travis,13da4ed2-7344-49aa-aa73-004826896c5c,
rolling-stone-250-guitarists-2023,109,Mick Ronson,Mick Ronson,1,1,matched,Q361677,Mick Ronson,5a150caa-fe13-4590-a50e-7778ee29b587,
rolling-stone-250-guitarists-2023,110,Lindsey Buckingham,Lindsey Buckingham,1,1,matched,Q435306,Lindsey Buckingham,5d12875c-a197-43b2-8f29-41dc0ad895c3,201419
rolling-stone-250-guitarists-2023,111,Kelley Johnson,Kelley Johnson,1,1,unmatched,,,,
rolling-stone-250-guitarists-2023,112,Rowland S. Howard,Rowland S. Howard,1,1,unmatched,,,,
rolling-stone-250-guitarists-2023,113,Allen Collins and Gary Rossington,Allen Collins,1,2,matched,Q463185,Allen Collins,3e8f2f3e-25d9-425e-9bd7-ee0b47bb1785,
rolling-stone-250-guitarists-2023,113,Allen Collins and Gary Rossington,Gary Rossington,2,2,matched,Q445448,Gary Rossington,15a5032b-70f2-4c00-bab9-5072b6fbba02,
rolling-stone-250-guitarists-2023,114,Robert Quine,Robert Quine,1,1,unmatched,,,,
rolling-stone-250-guitarists-2023,115,Nels Cline,Nels Cline,1,1,unmatched,,,,
rolling-stone-250-guitarists-2023,116,Ana da Silva,Ana da Silva,1,1,unmatched,,,,
rolling-stone-250-guitarists-2023,117,Albert Collins,Albert Collins,1,1,matched,Q741119,Albert Collins,73b8dddb-ec29-4d11-b449-d97fde73f07b,
rolling-stone-250-guitarists-2023,118,Adrian Belew,Adrian Belew,1,1,matched,Q363019,Adrian Belew,73c3f499-60e2-44e1-81dd-7fe2191461fa,
rolling-stone-250-guitarists-2023,119,Donita Sparks,Donita Sparks,1,1,unmatched,,,,
rolling-stone-250-guitarists-2023,120,Warren Haynes,Warren Haynes,1,1,unmatched,,,,
rolling-stone-250-guitarists-2023,121,Dick Dale,Dick Dale,1,1,matched,Q346785,Dick Dale,cc6115aa-379c-4133-9f46-5743a4a341d0,
rolling-stone-250-guitarists-2023,122,King Sunny Ade,King Sunny Ade,1,1,unmatched,,,,
rolling-stone-250-guitarists-2023,123,Steve Howe,Steve Howe,1,1,matched,Q312691,Steve Howe,9a4f2c10-60d6-4f78-9f8c-c0162424c41f,
rolling-stone-250-guitarists-2023,124,Mike McCready and Stone Gossard,Mike McCready,1,2,matched,Q381797,Mike McCready,16cb4a74-225a-4262-a885-628083f12460,
rolling-stone-250-guitarists-2023,124,Mike McCready and Stone Gossard,Stone Gossard,2,2,matched,Q366777,Stone Gossard,ca7e6e03-4973-45ef-8833-98774a2d4138,472487
rolling-stone-250-guitarists-2023,125,Viv Albertine,Viv Albertine,1,1,unmatched,,,,
rolling-stone-250-guitarists-2023,126,Kim Thayil,Kim Thayil,1,1,matched,Q464619,Kim Thayil,dd676aae-658e-42f3-b3d9-8660ea29198d,
rolling-stone-250-guitarists-2023,127,Steve Vai,Steve Vai,1,1,matched,Q193397,Steve Vai,5e7ccd92-6277-451a-aab9-1efd587c50f3,465118
rolling-stone-250-guitarists-2023,128,Bob Stinson,Bob Stinson,1,1,unmatched,,,,
rolling-stone-250-guitarists-2023,129,Nita Strauss,Nita Strauss,1,1,unmatched,,,,
rolling-stone-250-guitarists-2023,130,Joe Walsh,Joe Walsh,1,1,matched,Q354033,Joe Walsh,c6f5969f-1f65-465c-8603-ec2d1e31e39d,34507
rolling-stone-250-guitarists-2023,131,Dimebag Darrell,Dimebag Darrell,1,1,matched,Q311050,Dimebag Darrell,bded4d70-f13f-41ee-86b9-8c4514086acf,
rolling-stone-250-guitarists-2023,132,Nils Lofgren,Nils Lofgren,1,1,matched,Q504954,Nils Lofgren,a1ef6bc8-2644-4b6d-aa21-27b630acf751,361703
rolling-stone-250-guitarists-2023,133,Robert Cray,Robert Cray,1,1,matched,Q455723,Robert Cray,7112c4bc-5b15-4180-bfd5-2ca76745e87c,38265
rolling-stone-250-guitarists-2023,134,Bob Mould,Bob Mould,1,1,unmatched,,,,
rolling-stone-250-guitarists-2023,135,Roger McGuinn,Roger McGuinn,1,1,matched,Q449140,Roger McGuinn,6ec7336b-a56a-4b5d-bcec-575d2b8ed4e1,
rolling-stone-250-guitarists-2023,136,Joe Perry,Joe Perry,1,1,matched,Q313378,Joe Perry,be797221-0117-45e3-81da-996f8d29db62,
rolling-stone-250-guitarists-2023,137,Liz Phair,Liz Phair,1,1,matched,Q258761,Liz Phair,149326c2-b8a3-48e3-b3d2-9b5b9593127f,
rolling-stone-250-guitarists-2023,138,Teenie Hodges,Teenie Hodges,1,1,unmatched,,,,
rolling-stone-250-guitarists-2023,139,Susan Tedeschi,Susan Tedeschi,1,1,matched,Q275625,Susan Tedeschi,deabe097-2a03-49ce-9ae3-c9645bc778c7,217132
rolling-stone-250-guitarists-2023,140,Stephen Stills,Stephen Stills,1,1,matched,Q354496,Stephen Stills,5642774a-72c0-4099-8da4-7c1ab36378a8,199959
rolling-stone-250-guitarists-2023,141,Fredrik Thordendal,Fredrik Thordendal,1,1,unmatched,,,,
rolling-stone-250-guitarists-2023,142,João Gilberto,João Gilberto,1,1,matched,Q192359,João Gilberto,286ec4c2-b5ca-4f85-b331-280a6d73dd14,43976
rolling-stone-250-guitarists-2023,143,Ira Kaplan,Ira Kaplan,1,1,unmatched,,,,
rolling-stone-250-guitarists-2023,144,Odetta,Odetta,1,1,matched,Q237633,Odetta,e81906c6-cba2-44ec-9e39-29737754d809,
rolling-stone-250-guitarists-2023,145,Dickey Betts,Dickey Betts,1,1,matched,Q935983,Dickey Betts,e4d2dfe4-35f2-4427-ad49-57c6d7b93e26,469818
rolling-stone-250-guitarists-2023,146,Mike Bloomfield,Mike Bloomfield,1,1,matched,Q919156,Mike Bloomfield,1be2e508-905c-4d90-9bf2-7ab55f78b3e6,897260
rolling-stone-250-guitarists-2023,147,Memphis Minnie,Memphis Minnie,1,1,matched,Q464728,Memphis Minnie,ff748426-8873-4725-bdc7-c2b18b510d41,
rolling-stone-250-guitarists-2023,148,Ike Turner,Ike Turner,1,1,matched,Q208871,Ike Turner,b66fa5c1-ebab-402a-865d-26acaf8de3d5,642502
rolling-stone-250-guitarists-2023,149,Ron Asheton,Ron Asheton,1,1,matched,Q335807,Ron Asheton,a10c8616-cdc3-4fd1-a0fa-bc35a6514168,
rolling-stone-250-guitarists-2023,150,Marissa Paternoster,Marissa Paternoster,1,1,unmatched,,,,
rolling-stone-250-guitarists-2023,151,Pete Cosey,Pete Cosey,1,1,unmatched,,,,
rolling-stone-250-guitarists-2023,152,Ani DiFranco,Ani DiFranco,1,1,matched,Q232462,Ani DiFranco,a7bdc71f-697a-45d9-92b2-a01fbbe50272,3627568
rolling-stone-250-guitarists-2023,153,Otis Rush,Otis Rush,1,1,matched,Q711197,Otis Rush,40ee7c92-f44a-4d14-9aee-f87244465ee4,
rolling-stone-250-guitarists-2023,154,Bill Frisell,Bill Frisell,1,1,matched,Q434968,Bill Frisell,a21318db-f228-4a4d-8bce-6947a62985a5,160518
rolling-stone-250-guitarists-2023,155,Yvette Young,Yvette Young,1,1,unmatched,,,,
rolling-stone-250-guitarists-2023,156,Carl Perkins,Carl Perkins,1,1,matched,Q310339,Carl Perkins,068bd7ab-c38e-4fae-8ed2-cb0c153ed68f,251646
rolling-stone-250-guitarists-2023,157,Pat Metheny,Pat Metheny,1,1,matched,Q213887,Pat Metheny,7daac7f9-8fcc-485f-a14f-f8091d98cf25,
rolling-stone-250-guitarists-2023,158,Johnny Thunders,Johnny Thunders,1,1,matched,Q505072,Johnny Thunders,3b14b1a7-2235-4fcf-a718-383beb79e856,
rolling-stone-250-guitarists-2023,159,<strong>John Lennon</strong>,John Lennon,1,1,matched,Q1203,John Lennon,4d5447d7-c61c-4120-ba1b-d7f471d385b9,4416594
rolling-stone-250-guitarists-2023,160,Kim and Kelley Deal,Kim Deal,1,2,matched,Q240509,Kim Deal,760e4df4-e851-46c8-b34d-afa2e9706831,
rolling-stone-250-guitarists-2023,160,Kim and Kelley Deal,Kelley Deal,2,2,unmatched,,,,
rolling-stone-250-guitarists-2023,161,Tim Henson,Tim Henson,1,1,unmatched,,,,
rolling-stone-250-guitarists-2023,162,Rosinha de Valença,Rosinha de Valença,1,1,unmatched,,,,
rolling-stone-250-guitarists-2023,163,Wah Wah Watson,Wah Wah Watson,1,1,unmatched,,,,
rolling-stone-250-guitarists-2023,164,Dave Davies,Dave Davies,1,1,matched,Q364890,Dave Davies,65710ace-d0ea-45eb-afb7-291e6b13bee5,
rolling-stone-250-guitarists-2023,165,Rokia Traoré,Rokia Traoré,1,1,matched,Q256065,Rokia Traoré,900fb180-4427-4e56-a99f-84adb74bd3bd,
rolling-stone-250-guitarists-2023,166,Johnny Winter,Johnny Winter,1,1,matched,Q332635,Johnny Winter,8300d0fa-d120-47f6-a84e-91f140c74767,474961
rolling-stone-250-guitarists-2023,167,James Williamson,James Williamson,1,1,unmatched,,,,
rolling-stone-250-guitarists-2023,168,John Cipollina,John Cipollina,1,1,unmatched,,,,
rolling-stone-250-guitarists-2023,169,Jessie Mae Hemphill,Jessie Mae Hemphill,1,1,unmatched,,,,
rolling-stone-250-guitarists-2023,170,Phil Manzanera,Phil Manzanera,1,1,matched,Q362333,Phil Manzanera,0d2cf864-5e99-472e-845f-5d1579979eee,
rolling-stone-250-guitarists-2023,171,D. Boon,D. Boon,1,1,unmatched,,,,
rolling-stone-250-guitarists-2023,172,Chrissie Hynde,Chrissie Hynde,1,1,matched,Q239202,Chrissie Hynde,a5d79c54-81c3-4a73-af6a-ad5c143d3f21,
rolling-stone-250-guitarists-2023,173,Paul McCartney,Paul McCartney,1,1,matched,Q2599,Paul McCartney,ba550d0e-adac-4864-b88b-407cab5e76af,12224
rolling-stone-250-guitarists-2023,174,Marty Stuart,Marty Stuart,1,1,unmatched,,,,
rolling-stone-250-guitarists-2023,175,Rory Gallagher,Rory Gallagher,1,1,matched,Q331922,Rory Gallagher,933fdeae-ec68-48e9-a752-8bcfd44bc429,2415529
rolling-stone-250-guitarists-2023,176,Sadie Dupuis,Sadie Dupuis,1,1,unmatched,,,,
rolling-stone-250-guitarists-2023,177,Rodrigo y Gabriela,Rodrigo Sánchez,1,2,unmatched,,,,
rolling-stone-250-guitarists-2023,177,Rodrigo y Gabriela,Gabriela Quintero,2,2,unmatched,,,,
rolling-stone-250-guitarists-2023,178,Skip James,Skip James,1,1,matched,Q380289,Skip James,f205743d-4441-471d-a3af-66f584738e29,
rolling-stone-250-guitarists-2023,179,Ernest Ranglin,Ernest Ranglin,1,1,unmatched,,,,
rolling-stone-250-guitarists-2023,180,Mike Campbell,Mike Campbell,1,1,unmatched,,,,
rolling-stone-250-guitarists-2023,181,Larissa Strickland,Larissa Strickland,1,1,unmatched,,,,
rolling-stone-250-guitarists-2023,182,Earl ‘Chinna’ Smith,Earl ‘Chinna’ Smith,1,1,unmatched,,,,
rolling-stone-250-guitarists-2023,183,Roy Buchanan,Roy Buchanan,1,1,matched,Q561053,Roy Buchanan,82ad256f-8036-4318-98cb-e9b1e36c39e6,
rolling-stone-250-guitarists-2023,184,Eldon Shamblin,Eldon Shamblin,1,1,unmatched,,,,
rolling-stone-250-guitarists-2023,185,Peggy Jones,Peggy Jones,1,1,unmatched,,,,
rolling-stone-250-guitarists-2023,186,Steve Lukather,Steve Lukather,1,1,matched,Q318483,Steve Lukather,bd268536-b428-4e8f-b358-77b0622b62ff,
rolling-stone-250-guitarists-2023,187,Marc Ribot,Marc Ribot,1,1,unmatched,,,,
rolling-stone-250-guitarists-2023,188,Marnie Stern,Marnie Stern,1,1,unmatched,,,,
rolling-stone-250-guitarists-2023,189,Jerry Cantrell,Jerry Cantrell,1,1,matched,Q313559,Jerry Cantrell,960eb93f-e73c-4df8-864d-08a06c2dcc11,462225
rolling-stone-250-guitarists-2023,190,Lightnin’ Hopkins,Lightnin’ Hopkins,1,1,matched,Q435552,Lightnin' Hopkins,d5c55b61-78b8-40c9-be1b-de7517c3aebb,179321
rolling-stone-250-guitarists-2023,191,Chalmers Edward ‘Spanky’ Alford,Chalmers Edward ‘Spanky’ Alford,1,1,unmatched,,,,
rolling-stone-250-guitarists-2023,192,Lita Ford,Lita Ford,1,1,matched,Q163211,Lita Ford,f20ba447-269a-445a-9347-c1ec8632c455,31253
rolling-stone-250-guitarists-2023,193,David Lindley,David Lindley,1,1,unmatched,,,,
rolling-stone-250-guitarists-2023,194,Brian Robertson and Scott Gorham,Brian Robertson,1,2,unmatched,,,,
rolling-stone-250-guitarists-2023,194,Brian Robertson and Scott Gorham,Scott Gorham,2,2,matched,Q518289,Scott Gorham,fd5b04d7-bc16-4893-8cd3-5a3ae5cadce9,
rolling-stone-250-guitarists-2023,195,Greg Ginn,Greg Ginn,1,1,unmatched,,,,
rolling-stone-250-guitarists-2023,196,James Taylor,James Taylor,1,1,matched,Q310300,James Taylor,107d0c22-d051-4d98-8206-4e14de02132a,207815
rolling-stone-250-guitarists-2023,197,Nuno Bettencourt,Nuno Bettencourt,1,1,matched,Q372278,Nuno Bettencourt,4ec9e51f-0467-4137-b2e7-f70402cb5565,
rolling-stone-250-guitarists-2023,198,Jerry Reed,Jerry Reed,1,1,matched,Q712914,Jerry Reed,44419ff2-0251-49ba-933b-b09733ff9adb,
rolling-stone-250-guitarists-2023,199,Bombino,Bombino,1,1,unmatched,,,,
rolling-stone-250-guitarists-2023,200,Christone ‘Kingfish’ Ingram,Christone ‘Kingfish’ Ingram,1,1,unmatched,,,,
rolling-stone-250-guitarists-2023,201,Garry ‘Diaper Man’ Shider,Garry ‘Diaper Man’ Shider,1,1,unmatched,,,,
rolling-stone-250-guitarists-2023,202,Vince Gill,Vince Gill,1,1,matched,Q924232,Vince Gill,ec37ecfe-65b4-49a4-83c7-ee1ccaeec2e3,27175
rolling-stone-250-guitarists-2023,203,Grant Green,Grant Green,1,1,matched,Q601427,Grant Green,1a88b270-d763-48d5-a62c-2bb9cabb140c,44688
rolling-stone-250-guitarists-2023,204,Lynn Taitt,Lynn Taitt,1,1,unmatched,,,,
rolling-stone-250-guitarists-2023,205,Eric Johnson,Eric Johnson,1,1,matched,Q311580,Eric Johnson,b53868c8-3654-41d3-91db-3c5a1237f0c3,
rolling-stone-250-guitarists-2023,206,Hugh McCracken,Hugh McCracken,1,1,unmatched,,,,
rolling-stone-250-guitarists-2023,207,Justin Broadrick,Justin Broadrick,1,1,unmatched,,,,
rolling-stone-250-guitarists-2023,208,Amadou Bagayoko,Amadou Bagayoko,1,1,unmatched,,,,
rolling-stone-250-guitarists-2023,209,Gary Clark Jr.,Gary Clark Jr.,1,1,matched,Q1153310,Gary Clark Jr.,c733c4e6-22a2-499d-ace7-17b832356aff,266463936
rolling-stone-250-guitarists-2023,210,Kaki King,Kaki King,1,1,unmatched,,,,
rolling-stone-250-guitarists-2023,211,Nick Zinner,Nick Zinner,1,1,unmatched,,,,
rolling-stone-250-guitarists-2023,212,José Feliciano,José Feliciano,1,1,matched,Q315784,José Feliciano,3c004c98-aab6-4b63-a2df-e07c98e73b0a,249044
rolling-stone-250-guitarists-2023,213,Lucy Dacus,Lucy Dacus,1,1,unmatched,,,,
rolling-stone-250-guitarists-2023,214,Keiji Haino,Keiji Haino,1,1,unmatched,,,,
rolling-stone-250-guitarists-2023,215,Kurt Vile,Kurt Vile,1,1,matched,Q984331,Kurt Vile,e07a111e-4e8a-4651-a849-01ac60551ab2,274234314
rolling-stone-250-guitarists-2023,216,Steve Hackett,Steve Hackett,1,1,matched,Q315811,Steve Hackett,f4eb8346-052d-4a5c-8393-cba3aeadb4d9,14551412
rolling-stone-250-guitarists-2023,217,Thomas McClary,Thomas McClary,1,1,unmatched,,,,
rolling-stone-250-guitarists-2023,218,Lzzy Hale,Lzzy Hale,1,1,unmatched,,,,
rolling-stone-250-guitarists-2023,219,Glenn Tipton and K.K. Downing,Glenn Tipton,1,2,matched,Q317469,Glenn Tipton,13b14a2e-470c-434c-8f89-c8763f849e2c,
rolling-stone-250-guitarists-2023,219,Glenn Tipton and K.K. Downing,K.K. Downing,2,2,matched,Q355397,K. K. Downing,e6fbb8f7-9545-4f3f-b835-2fed39022f89,
rolling-stone-250-guitarists-2023,220,Courtney Barnett,Courtney Barnett,1,1,matched,Q16390683,Courtney Barnett,55111838-f001-494a-a1b5-9d818db85810,479276137
rolling-stone-250-guitarists-2023,221,James Blood Ulmer,James Blood Ulmer,1,1,unmatched,,,,
rolling-stone-250-guitarists-2023,222,Molly Tuttle,Molly Tuttle,1,1,unmatched,,,,
rolling-stone-250-guitarists-2023,223,Joseph Spence,Joseph Spence,1,1,unmatched,,,,
rolling-stone-250-guitarists-2023,224,Marv Tarplin,Marv Tarplin,1,1,unmatched,,,,
rolling-stone-250-guitarists-2023,225,Fred ‘Sonic’ Smith and Wayne Kramer,Fred ‘Sonic’ Smith,1,2,unmatched,,,,
rolling-stone-250-guitarists-2023,225,Fred ‘Sonic’ Smith and Wayne Kramer,Wayne Kramer,2,2,unmatched,,,,
rolling-stone-250-guitarists-2023,226,El Kempner,El Kempner,1,1,unmatched,,,,
rolling-stone-250-guitarists-2023,227,Glenn Branca,Glenn Branca,1,1,matched,Q433661,Glenn Branca,7c0735b8-6444-47a3-a244-522fa7925834,
rolling-stone-250-guitarists-2023,228,Steve Jones,Steve Jones,1,1,matched,Q347986,Steve Jones,0719f327-24e8-468e-bed0-44214a55a19c,
rolling-stone-250-guitarists-2023,229,Barbara Lynn,Barbara Lynn,1,1,unmatched,,,,
rolling-stone-250-guitarists-2023,230,Gustavo Cerati,Gustavo Cerati,1,1,matched,Q533284,Gustavo Cerati,979d01bc-a4da-4c80-8cc1-be40bd35cd5e,
rolling-stone-250-guitarists-2023,231,Etta Baker,Etta Baker,1,1,unmatched,,,,
rolling-stone-250-guitarists-2023,232,David Williams,David Williams,1,1,unmatched,,,,
rolling-stone-250-guitarists-2023,233,H.E.R.,H.E.R.,1,1,unmatched,,,,
rolling-stone-250-guitarists-2023,234,John McGeoch,John McGeoch,1,1,unmatched,,,,
rolling-stone-250-guitarists-2023,235,Laura Marling,Laura Marling,1,1,matched,Q236735,Laura Marling,cd9713d6-6e5f-4143-9412-4d12b7bd47f2,267087057
rolling-stone-250-guitarists-2023,236,Greg Sage,Greg Sage,1,1,unmatched,,,,
rolling-stone-250-guitarists-2023,237,Jennifer Batten,Jennifer Batten,1,1,unmatched,,,,
rolling-stone-250-guitarists-2023,238,Doug Gillard,Doug Gillard,1,1,unmatched,,,,
rolling-stone-250-guitarists-2023,239,Duane Eddy,Duane Eddy,1,1,matched,Q455818,Duane Eddy,efc0ee36-ad69-45af-8602-991b254b7529,216289
rolling-stone-250-guitarists-2023,240,Erin Smith,Erin Smith,1,1,unmatched,,,,
rolling-stone-250-guitarists-2023,241,Keith Urban,Keith Urban,1,1,matched,Q315547,Keith Urban,f45da029-7b00-4bf3-962c-0eeb20309cc4,549836
rolling-stone-250-guitarists-2023,242,Lindsey Jordan,Lindsey Jordan,1,1,unmatched,,,,
rolling-stone-250-guitarists-2023,243,Aaron Dessner and Bryce Dessner,Aaron Dessner,1,2,matched,Q4661964,Aaron Dessner,1890e726-4817-42f4-92e7-ca78bef6692a,
rolling-stone-250-guitarists-2023,243,Aaron Dessner and Bryce Dessner,Bryce Dessner,2,2,unmatched,,,,
rolling-stone-250-guitarists-2023,244,Edilio Paredes,Edilio Paredes,1,1,unmatched,,,,
rolling-stone-250-guitarists-2023,245,Leslie West,Leslie West,1,1,matched,Q1344554,Leslie West,a415f8c5-3b22-43bb-a1a8-cf9646ea21e0,
rolling-stone-250-guitarists-2023,246,Paul Simon,Paul Simon,1,1,matched,Q4028,Paul Simon,05517043-ff78-4988-9c22-88c68588ebb9,152016
rolling-stone-250-guitarists-2023,247,Ricky Wilson,Ricky Wilson,1,1,unmatched,,,,
rolling-stone-250-guitarists-2023,248,Robby Krieger,Robby Krieger,1,1,matched,Q311900,Robby Krieger,b553f0ad-4543-46f2-88ea-1dc94a11c91a,
rolling-stone-250-guitarists-2023,249,Brittany Howard,Brittany Howard,1,1,unmatched,,,,
rolling-stone-250-guitarists-2023,250,Andy Summers,Andy Summers,1,1,matched,Q315758,Andy Summers,7d81816f-200c-47d3-a71d-4421b3185d45,271685
