source_id,source_rank,source_entry_name
rolling-stone-250-guitarists-2023,1,Jimi Hendrix
rolling-stone-250-guitarists-2023,2,Chuck Berry
rolling-stone-250-guitarists-2023,3,Jimmy Page
rolling-stone-250-guitarists-2023,4,Eddie Van Halen
rolling-stone-250-guitarists-2023,5,Jeff Beck
rolling-stone-250-guitarists-2023,6,Sister Rosetta Tharpe
rolling-stone-250-guitarists-2023,7,Nile Rodgers
rolling-stone-250-guitarists-2023,8,B.B. King
rolling-stone-250-guitarists-2023,9,Joni Mitchell
rolling-stone-250-guitarists-2023,10,Duane Allman
rolling-stone-250-guitarists-2023,11,Carlos Santana
rolling-stone-250-guitarists-2023,12,Jimmy Nolen
rolling-stone-250-guitarists-2023,13,Tony Iommi
rolling-stone-250-guitarists-2023,14,Prince
rolling-stone-250-guitarists-2023,15,Keith Richards
rolling-stone-250-guitarists-2023,16,Robert Johnson
rolling-stone-250-guitarists-2023,17,Mother Maybelle Carter
rolling-stone-250-guitarists-2023,18,Tom Morello
rolling-stone-250-guitarists-2023,19,Freddy King
rolling-stone-250-guitarists-2023,20,Stevie Ray Vaughan
rolling-stone-250-guitarists-2023,21,Randy Rhoads
rolling-stone-250-guitarists-2023,22,Albert King
rolling-stone-250-guitarists-2023,23,James Hetfield and Kirk Hammett
rolling-stone-250-guitarists-2023,24,James Burton
rolling-stone-250-guitarists-2023,25,John Frusciante
rolling-stone-250-guitarists-2023,26,St. Vincent
rolling-stone-250-guitarists-2023,27,Buddy Guy
rolling-stone-250-guitarists-2023,28,David Gilmour
rolling-stone-250-guitarists-2023,29,Eddie Hazel
rolling-stone-250-guitarists-2023,30,Neil Young
rolling-stone-250-guitarists-2023,31,George Harrison
rolling-stone-250-guitarists-2023,32,Jack White
rolling-stone-250-guitarists-2023,33,Brian May
rolling-stone-250-guitarists-2023,34,Jerry Garcia
rolling-stone-250-guitarists-2023,35,Eric Clapton
rolling-stone-250-guitarists-2023,36,Elizabeth Cotten
rolling-stone-250-guitarists-2023,37,Pete Townshend
rolling-stone-250-guitarists-2023,38,Angus Young and Malcolm Young
rolling-stone-250-guitarists-2023,39,Chet Atkins
rolling-stone-250-guitarists-2023,40,John Fahey
rolling-stone-250-guitarists-2023,41,Bo Diddley
rolling-stone-250-guitarists-2023,42,Vernon Reid
rolling-stone-250-guitarists-2023,43,Jonny Greenwood and Ed O’Brien
rolling-stone-250-guitarists-2023,44,Johnny Ramone
rolling-stone-250-guitarists-2023,45,Steve Cropper
rolling-stone-250-guitarists-2023,46,Frank Zappa
rolling-stone-250-guitarists-2023,47,The Edge
rolling-stone-250-guitarists-2023,48,Curtis Mayfield
rolling-stone-250-guitarists-2023,49,PJ Harvey
rolling-stone-250-guitarists-2023,50,Elmore James
rolling-stone-250-guitarists-2023,51,Tom Verlaine
rolling-stone-250-guitarists-2023,52,John Lee Hooker
rolling-stone-250-guitarists-2023,53,Trey Anastasio
rolling-stone-250-guitarists-2023,54,Bonnie Raitt
rolling-stone-250-guitarists-2023,55,Mick Taylor
rolling-stone-250-guitarists-2023,56,Johnny Marr
rolling-stone-250-guitarists-2023,57,Thurston Moore and Lee Ranaldo
rolling-stone-250-guitarists-2023,58,Alex Lifeson
rolling-stone-250-guitarists-2023,59,Robert Fripp
rolling-stone-250-guitarists-2023,60,Scotty Moore
rolling-stone-250-guitarists-2023,61,John Mayer
rolling-stone-250-guitarists-2023,62,Peter Green
rolling-stone-250-guitarists-2023,63,Richard Thompson
rolling-stone-250-guitarists-2023,64,Carrie Brownstein
rolling-stone-250-guitarists-2023,65,T-Bone Walker
rolling-stone-250-guitarists-2023,66,Ry Cooder
rolling-stone-250-guitarists-2023,67,Kevin Shields
rolling-stone-250-guitarists-2023,68,Les Paul
rolling-stone-250-guitarists-2023,69,Robbie Robertson
rolling-stone-250-guitarists-2023,70,Django Reinhardt
rolling-stone-250-guitarists-2023,71,Franco Luambo
rolling-stone-250-guitarists-2023,72,John McLaughlin
rolling-stone-250-guitarists-2023,73,Hubert Sumlin
rolling-stone-250-guitarists-2023,74,J Mascis
rolling-stone-250-guitarists-2023,75,Ritchie Blackmore
rolling-stone-250-guitarists-2023,76,Joan Jett
rolling-stone-250-guitarists-2023,77,Willie Nelson
rolling-stone-250-guitarists-2023,78,Charlie Christian
rolling-stone-250-guitarists-2023,79,Ernie Isley
rolling-stone-250-guitarists-2023,80,Derek Trucks
rolling-stone-250-guitarists-2023,81,Bert Jansch
rolling-stone-250-guitarists-2023,82,Wes Montgomery
rolling-stone-250-guitarists-2023,83,Adrian Smith and Dave Murray
rolling-stone-250-guitarists-2023,84,Muddy Waters
rolling-stone-250-guitarists-2023,85,Larry Carlton
rolling-stone-250-guitarists-2023,86,Sonny Sharrock
rolling-stone-250-guitarists-2023,87,Poison Ivy
rolling-stone-250-guitarists-2023,88,Kurt Cobain
rolling-stone-250-guitarists-2023,89,Lou Reed
rolling-stone-250-guitarists-2023,90,Mdou Moctar
rolling-stone-250-guitarists-2023,91,Cat Coore
rolling-stone-250-guitarists-2023,92,Wata
rolling-stone-250-guitarists-2023,93,Leo Nocentelli
rolling-stone-250-guitarists-2023,94,Joe Satriani
rolling-stone-250-guitarists-2023,95,Mary Timony
rolling-stone-250-guitarists-2023,96,Mark Knopfler
rolling-stone-250-guitarists-2023,97,Stephen Malkmus
rolling-stone-250-guitarists-2023,98,Link Wray
rolling-stone-250-guitarists-2023,99,Tosin Abasi
rolling-stone-250-guitarists-2023,100,Kerry King
rolling-stone-250-guitarists-2023,101,John Fogerty
rolling-stone-250-guitarists-2023,102,Billy Gibbons
rolling-stone-250-guitarists-2023,103,Nancy Wilson
rolling-stone-250-guitarists-2023,104,Ali Farka Touré
rolling-stone-250-guitarists-2023,105,Slash
rolling-stone-250-guitarists-2023,106,Peter Buck
rolling-stone-250-guitarists-2023,107,Clarence White
rolling-stone-250-guitarists-2023,108,Merle Travis
rolling-stone-250-guitarists-2023,109,Mick Ronson
rolling-stone-250-guitarists-2023,110,Lindsey Buckingham
rolling-stone-250-guitarists-2023,111,Kelley Johnson
rolling-stone-250-guitarists-2023,112,Rowland S. Howard
rolling-stone-250-guitarists-2023,113,Allen Collins and Gary Rossington
rolling-stone-250-guitarists-2023,114,Robert Quine
rolling-stone-250-guitarists-2023,115,Nels Cline
rolling-stone-250-guitarists-2023,116,Ana da Silva
rolling-stone-250-guitarists-2023,117,Albert Collins
rolling-stone-250-guitarists-2023,118,Adrian Belew
rolling-stone-250-guitarists-2023,119,Donita Sparks
rolling-stone-250-guitarists-2023,120,Warren Haynes
rolling-stone-250-guitarists-2023,121,Dick Dale
rolling-stone-250-guitarists-2023,122,King Sunny Ade
rolling-stone-250-guitarists-2023,123,Steve Howe
rolling-stone-250-guitarists-2023,124,Mike McCready and Stone Gossard
rolling-stone-250-guitarists-2023,125,Viv Albertine
rolling-stone-250-guitarists-2023,126,Kim Thayil
rolling-stone-250-guitarists-2023,127,Steve Vai
rolling-stone-250-guitarists-2023,128,Bob Stinson
rolling-stone-250-guitarists-2023,129,Nita Strauss
rolling-stone-250-guitarists-2023,130,Joe Walsh
rolling-stone-250-guitarists-2023,131,Dimebag Darrell
rolling-stone-250-guitarists-2023,132,Nils Lofgren
rolling-stone-250-guitarists-2023,133,Robert Cray
rolling-stone-250-guitarists-2023,134,Bob Mould
rolling-stone-250-guitarists-2023,135,Roger McGuinn
rolling-stone-250-guitarists-2023,136,Joe Perry
rolling-stone-250-guitarists-2023,137,Liz Phair
rolling-stone-250-guitarists-2023,138,Teenie Hodges
rolling-stone-250-guitarists-2023,139,Susan Tedeschi
rolling-stone-250-guitarists-2023,140,Stephen Stills
rolling-stone-250-guitarists-2023,141,Fredrik Thordendal
rolling-stone-250-guitarists-2023,142,João Gilberto
rolling-stone-250-guitarists-2023,143,Ira Kaplan
rolling-stone-250-guitarists-2023,144,Odetta
rolling-stone-250-guitarists-2023,145,Dickey Betts
rolling-stone-250-guitarists-2023,146,Mike Bloomfield
rolling-stone-250-guitarists-2023,147,Memphis Minnie
rolling-stone-250-guitarists-2023,148,Ike Turner
rolling-stone-250-guitarists-2023,149,Ron Asheton
rolling-stone-250-guitarists-2023,150,Marissa Paternoster
rolling-stone-250-guitarists-2023,151,Pete Cosey
rolling-stone-250-guitarists-2023,152,Ani DiFranco
rolling-stone-250-guitarists-2023,153,Otis Rush
rolling-stone-250-guitarists-2023,154,Bill Frisell
rolling-stone-250-guitarists-2023,155,Yvette Young
rolling-stone-250-guitarists-2023,156,Carl Perkins
rolling-stone-250-guitarists-2023,157,Pat Metheny
rolling-stone-250-guitarists-2023,158,Johnny Thunders
rolling-stone-250-guitarists-2023,159,<strong>John Lennon</strong>
rolling-stone-250-guitarists-2023,160,Kim and Kelley Deal
rolling-stone-250-guitarists-2023,161,Tim Henson
rolling-stone-250-guitarists-2023,162,Rosinha de Valença
rolling-stone-250-guitarists-2023,163,Wah Wah Watson
rolling-stone-250-guitarists-2023,164,Dave Davies
rolling-stone-250-guitarists-2023,165,Rokia Traoré
rolling-stone-250-guitarists-2023,166,Johnny Winter
rolling-stone-250-guitarists-2023,167,James Williamson
rolling-stone-250-guitarists-2023,168,John Cipollina
rolling-stone-250-guitarists-2023,169,Jessie Mae Hemphill
rolling-stone-250-guitarists-2023,170,Phil Manzanera
rolling-stone-250-guitarists-2023,171,D. Boon
rolling-stone-250-guitarists-2023,172,Chrissie Hynde
rolling-stone-250-guitarists-2023,173,Paul McCartney
rolling-stone-250-guitarists-2023,174,Marty Stuart
rolling-stone-250-guitarists-2023,175,Rory Gallagher
rolling-stone-250-guitarists-2023,176,Sadie Dupuis
rolling-stone-250-guitarists-2023,177,Rodrigo y Gabriela
rolling-stone-250-guitarists-2023,178,Skip James
rolling-stone-250-guitarists-2023,179,Ernest Ranglin
rolling-stone-250-guitarists-2023,180,Mike Campbell
rolling-stone-250-guitarists-2023,181,Larissa Strickland
rolling-stone-250-guitarists-2023,182,Earl ‘Chinna’ Smith
rolling-stone-250-guitarists-2023,183,Roy Buchanan
rolling-stone-250-guitarists-2023,184,Eldon Shamblin
rolling-stone-250-guitarists-2023,185,Peggy Jones
rolling-stone-250-guitarists-2023,186,Steve Lukather
rolling-stone-250-guitarists-2023,187,Marc Ribot
rolling-stone-250-guitarists-2023,188,Marnie Stern
rolling-stone-250-guitarists-2023,189,Jerry Cantrell
rolling-stone-250-guitarists-2023,190,Lightnin’ Hopkins
rolling-stone-250-guitarists-2023,191,Chalmers Edward ‘Spanky’ Alford
rolling-stone-250-guitarists-2023,192,Lita Ford
rolling-stone-250-guitarists-2023,193,David Lindley
rolling-stone-250-guitarists-2023,194,Brian Robertson and Scott Gorham
rolling-stone-250-guitarists-2023,195,Greg Ginn
rolling-stone-250-guitarists-2023,196,James Taylor
rolling-stone-250-guitarists-2023,197,Nuno Bettencourt
rolling-stone-250-guitarists-2023,198,Jerry Reed
rolling-stone-250-guitarists-2023,199,Bombino
rolling-stone-250-guitarists-2023,200,Christone ‘Kingfish’ Ingram
rolling-stone-250-guitarists-2023,201,Garry ‘Diaper Man’ Shider
rolling-stone-250-guitarists-2023,202,Vince Gill
rolling-stone-250-guitarists-2023,203,Grant Green
rolling-stone-250-guitarists-2023,204,Lynn Taitt
rolling-stone-250-guitarists-2023,205,Eric Johnson
rolling-stone-250-guitarists-2023,206,Hugh McCracken
rolling-stone-250-guitarists-2023,207,Justin Broadrick
rolling-stone-250-guitarists-2023,208,Amadou Bagayoko
rolling-stone-250-guitarists-2023,209,Gary Clark Jr.
rolling-stone-250-guitarists-2023,210,Kaki King
rolling-stone-250-guitarists-2023,211,Nick Zinner
rolling-stone-250-guitarists-2023,212,José Feliciano
rolling-stone-250-guitarists-2023,213,Lucy Dacus
rolling-stone-250-guitarists-2023,214,Keiji Haino
rolling-stone-250-guitarists-2023,215,Kurt Vile
rolling-stone-250-guitarists-2023,216,Steve Hackett
rolling-stone-250-guitarists-2023,217,Thomas McClary
rolling-stone-250-guitarists-2023,218,Lzzy Hale
rolling-stone-250-guitarists-2023,219,Glenn Tipton and K.K. Downing
rolling-stone-250-guitarists-2023,220,Courtney Barnett
rolling-stone-250-guitarists-2023,221,James Blood Ulmer
rolling-stone-250-guitarists-2023,222,Molly Tuttle
rolling-stone-250-guitarists-2023,223,Joseph Spence
rolling-stone-250-guitarists-2023,224,Marv Tarplin
rolling-stone-250-guitarists-2023,225,Fred ‘Sonic’ Smith and Wayne Kramer
rolling-stone-250-guitarists-2023,226,El Kempner
rolling-stone-250-guitarists-2023,227,Glenn Branca
rolling-stone-250-guitarists-2023,228,Steve Jones
rolling-stone-250-guitarists-2023,229,Barbara Lynn
rolling-stone-250-guitarists-2023,230,Gustavo Cerati
rolling-stone-250-guitarists-2023,231,Etta Baker
rolling-stone-250-guitarists-2023,232,David Williams
rolling-stone-250-guitarists-2023,233,H.E.R.
rolling-stone-250-guitarists-2023,234,John McGeoch
rolling-stone-250-guitarists-2023,235,Laura Marling
rolling-stone-250-guitarists-2023,236,Greg Sage
rolling-stone-250-guitarists-2023,237,Jennifer Batten
rolling-stone-250-guitarists-2023,238,Doug Gillard
rolling-stone-250-guitarists-2023,239,Duane Eddy
rolling-stone-250-guitarists-2023,240,Erin Smith
rolling-stone-250-guitarists-2023,241,Keith Urban
rolling-stone-250-guitarists-2023,242,Lindsey Jordan
rolling-stone-250-guitarists-2023,243,Aaron Dessner and Bryce Dessner
rolling-stone-250-guitarists-2023,244,Edilio Paredes
rolling-stone-250-guitarists-2023,245,Leslie West
rolling-stone-250-guitarists-2023,246,Paul Simon
rolling-stone-250-guitarists-2023,247,Ricky Wilson
rolling-stone-250-guitarists-2023,248,Robby Krieger
rolling-stone-250-guitarists-2023,249,Brittany Howard
rolling-stone-250-guitarists-2023,250,Andy Summers
