source_id,source_rank,source_entry_name,musician_name,source_context,source_page,source_member_index,source_member_count
spin-100-guitarists-2012,1,Lee Ranaldo & Thurston Moore (Sonic Youth),Lee Ranaldo,Sonic Youth,10,1,2
spin-100-guitarists-2012,1,Lee Ranaldo & Thurston Moore (Sonic Youth),Thurston Moore,Sonic Youth,10,2,2
spin-100-guitarists-2012,2,Kevin Shields (My Bloody Valentine),Kevin Shields,My Bloody Valentine,9,1,1
spin-100-guitarists-2012,3,John Fahey,John Fahey,,9,1,1
spin-100-guitarists-2012,4,Kurt Cobain,Kurt Cobain,,9,1,1
spin-100-guitarists-2012,5,J Mascis,J Mascis,,9,1,1
spin-100-guitarists-2012,6,Prince,Prince,,9,1,1
spin-100-guitarists-2012,7,Tom Verlaine and Richard Lloyd (Television),Tom Verlaine,Television,9,1,2
spin-100-guitarists-2012,7,Tom Verlaine and Richard Lloyd (Television),Richard Lloyd,Television,9,2,2
spin-100-guitarists-2012,8,Johnny Ramone,Johnny Ramone,,9,1,1
spin-100-guitarists-2012,9,Eddie Hazel (Funkadelic),Eddie Hazel,Funkadelic,9,1,1
spin-100-guitarists-2012,10,Jam Master Jay (Run-DMC),Jam Master Jay,Run-DMC,9,1,1
spin-100-guitarists-2012,11,Ron Asheton (the Stooges),Ron Asheton,the Stooges,8,1,1
spin-100-guitarists-2012,12,Andy Gill,Andy Gill,,8,1,1
spin-100-guitarists-2012,13,The Edge,The Edge,,8,1,1
spin-100-guitarists-2012,14,Kerry King and Jeff Hanneman (Slayer),Kerry King,Slayer,8,1,2
spin-100-guitarists-2012,14,Kerry King and Jeff Hanneman (Slayer),Jeff Hanneman,Slayer,8,2,2
spin-100-guitarists-2012,15,Greg Ginn (Black Flag),Greg Ginn,Black Flag,8,1,1
spin-100-guitarists-2012,16,Frank Zappa,Frank Zappa,,8,1,1
spin-100-guitarists-2012,17,Lou Reed and Sterling Morrison,Lou Reed,,8,1,2
spin-100-guitarists-2012,17,Lou Reed and Sterling Morrison,Sterling Morrison,,8,2,2
spin-100-guitarists-2012,18,Tony Iommi (Black Sabbath),Tony Iommi,Black Sabbath,8,1,1
spin-100-guitarists-2012,19,D. Boon (Minutemen),D. Boon,Minutemen,8,1,1
spin-100-guitarists-2012,20,Neil Young,Neil Young,,8,1,1
spin-100-guitarists-2012,21,Sonny Sharrock,Sonny Sharrock,,7,1,1
spin-100-guitarists-2012,22,Jimmy Nolen (James Brown),Jimmy Nolen,James Brown,7,1,1
spin-100-guitarists-2012,23,"Robin Guthrie (Cocteau Twins, This Mortal Coil)",Robin Guthrie,"Cocteau Twins, This Mortal Coil",7,1,1
spin-100-guitarists-2012,24,"Steve Albini (Big Black, Shellac)",Steve Albini,"Big Black, Shellac",7,1,1
spin-100-guitarists-2012,25,Robert Fripp (King Crimson),Robert Fripp,King Crimson,7,1,1
spin-100-guitarists-2012,26,Johnny Marr,Johnny Marr,,7,1,1
spin-100-guitarists-2012,27,PJ Harvey,PJ Harvey,,7,1,1
spin-100-guitarists-2012,28,Glenn Branca,Glenn Branca,,7,1,1
spin-100-guitarists-2012,29,Jonny Greenwood (Radiohead),Jonny Greenwood,Radiohead,7,1,1
spin-100-guitarists-2012,30,King Buzzo (Melvins),King Buzzo,Melvins,7,1,1
spin-100-guitarists-2012,31,Derek Bailey,Derek Bailey,,6,1,1
spin-100-guitarists-2012,32,Robert Quine,Robert Quine,,6,1,1
spin-100-guitarists-2012,33,Jack White,Jack White,,6,1,1
spin-100-guitarists-2012,34,"Justin Broadrick (Napalm Death, Godflesh, Jesu)",Justin Broadrick,"Napalm Death, Godflesh, Jesu",6,1,1
spin-100-guitarists-2012,35,Dr. Know (Bad Brains),Dr. Know,Bad Brains,6,1,1
spin-100-guitarists-2012,36,James Blood Ulmer,James Blood Ulmer,,6,1,1
spin-100-guitarists-2012,37,Ali Farka Touré,Ali Farka Touré,,6,1,1
spin-100-guitarists-2012,38,"Stephen Malkmus (Pavement, the Jicks)",Stephen Malkmus,"Pavement, the Jicks",6,1,1
spin-100-guitarists-2012,39,"Carrie Brownstein (Sleater-Kinney, Wild Flag)",Carrie Brownstein,"Sleater-Kinney, Wild Flag",6,1,1
spin-100-guitarists-2012,40,Tom Morello (Rage Against the Machine),Tom Morello,Rage Against the Machine,6,1,1
spin-100-guitarists-2012,41,Nile Rodgers (Chic),Nile Rodgers,Chic,5,1,1
spin-100-guitarists-2012,42,King Sunny Ade,King Sunny Ade,,5,1,1
spin-100-guitarists-2012,43,Nels Cline,Nels Cline,,5,1,1
spin-100-guitarists-2012,44,John McLaughlin,John McLaughlin,,5,1,1
spin-100-guitarists-2012,45,Rhys Chatham,Rhys Chatham,,5,1,1
spin-100-guitarists-2012,46,Dimebag Darrell (Pantera),Dimebag Darrell,Pantera,5,1,1
spin-100-guitarists-2012,47,Marc Ribot,Marc Ribot,,5,1,1
spin-100-guitarists-2012,48,Bob Mould,Bob Mould,,5,1,1
spin-100-guitarists-2012,49,Zoot Horn Rollo (the Magic Band),Zoot Horn Rollo,the Magic Band,5,1,1
spin-100-guitarists-2012,50,Wayne Kramer and Fred “Sonic” Smith (MC5),Wayne Kramer,MC5,5,1,2
spin-100-guitarists-2012,50,Wayne Kramer and Fred “Sonic” Smith (MC5),Fred “Sonic” Smith,MC5,5,2,2
spin-100-guitarists-2012,51,Robbie Basho,Robbie Basho,,4,1,1
spin-100-guitarists-2012,52,Johnny Thunders,Johnny Thunders,,4,1,1
spin-100-guitarists-2012,53,Greg Sage (Wipers),Greg Sage,Wipers,4,1,1
spin-100-guitarists-2012,54,Euronymous (Mayhem),Euronymous,Mayhem,4,1,1
spin-100-guitarists-2012,55,Fred Frith,Fred Frith,,4,1,1
spin-100-guitarists-2012,56,Kim and Kelley Deal (the Breeders),Kim Deal,the Breeders,4,1,2
spin-100-guitarists-2012,56,Kim and Kelley Deal (the Breeders),Kelley Deal,the Breeders,4,2,2
spin-100-guitarists-2012,57,Doug Martsch (Built to Spill),Doug Martsch,Built to Spill,4,1,1
spin-100-guitarists-2012,58,Syd Barrett,Syd Barrett,,4,1,1
spin-100-guitarists-2012,59,Curt Kirkwood (Meat Puppets),Curt Kirkwood,Meat Puppets,4,1,1
spin-100-guitarists-2012,60,Chuck Schuldiner (Death),Chuck Schuldiner,Death,4,1,1
spin-100-guitarists-2012,61,Shuggie Otis,Shuggie Otis,,3,1,1
spin-100-guitarists-2012,62,Tony Maiden (Rufus),Tony Maiden,Rufus,3,1,1
spin-100-guitarists-2012,63,Billy Corgan (Smashing Pumpkins),Billy Corgan,Smashing Pumpkins,3,1,1
spin-100-guitarists-2012,64,Wino,Wino,,3,1,1
spin-100-guitarists-2012,65,"Mick Ronson (David Bowie, Morrissey)",Mick Ronson,"David Bowie, Morrissey",3,1,1
spin-100-guitarists-2012,66,Rowland S. Howard and Mick Harvey (the Birthday Party),Rowland S. Howard,the Birthday Party,3,1,2
spin-100-guitarists-2012,66,Rowland S. Howard and Mick Harvey (the Birthday Party),Mick Harvey,the Birthday Party,3,2,2
spin-100-guitarists-2012,67,Kim Thayil (Soundgarden),Kim Thayil,Soundgarden,3,1,1
spin-100-guitarists-2012,68,Ben Weinman (Dillinger Escape Plan),Ben Weinman,Dillinger Escape Plan,3,1,1
spin-100-guitarists-2012,69,Eugene Chadbourne,Eugene Chadbourne,,3,1,1
spin-100-guitarists-2012,70,Jerry Harrison,Jerry Harrison,,3,1,1
spin-100-guitarists-2012,71,Adrian Belew,Adrian Belew,,2,1,1
spin-100-guitarists-2012,72,Arto Lindsay,Arto Lindsay,,2,1,1
spin-100-guitarists-2012,73,"Mick Barr (Orthrelm, Krallice)",Mick Barr,"Orthrelm, Krallice",2,1,1
spin-100-guitarists-2012,74,Lenny Kaye (Patti Smith Group),Lenny Kaye,Patti Smith Group,2,1,1
spin-100-guitarists-2012,75,Bert Jansch,Bert Jansch,,2,1,1
spin-100-guitarists-2012,76,"Bernard Sumner (Joy Division, New Order)",Bernard Sumner,"Joy Division, New Order",2,1,1
spin-100-guitarists-2012,77,Marissa Paternoster (Screaming Females),Marissa Paternoster,Screaming Females,2,1,1
spin-100-guitarists-2012,78,Vernon Reid (Living Colour),Vernon Reid,Living Colour,2,1,1
spin-100-guitarists-2012,79,Duane Denison (the Jesus Lizard),Duane Denison,the Jesus Lizard,2,1,1
spin-100-guitarists-2012,80,"Dave Navarro (Jane’s Addiction, Red Hot Chili Peppers)",Dave Navarro,"Jane’s Addiction, Red Hot Chili Peppers",2,1,1
spin-100-guitarists-2012,81,Keiji Haino,Keiji Haino,,1,1,1
spin-100-guitarists-2012,82,Kristin Hersh (Throwing Muses),Kristin Hersh,Throwing Muses,1,1,1
spin-100-guitarists-2012,83,Josh Homme,Josh Homme,,1,1,1
spin-100-guitarists-2012,84,Lydia Lunch,Lydia Lunch,,1,1,1
spin-100-guitarists-2012,85,Stone Gossard (Pearl Jam),Stone Gossard,Pearl Jam,1,1,1
spin-100-guitarists-2012,86,Ian MacKaye and Guy Picciotto (Fugazi),Ian MacKaye,Fugazi,1,1,2
spin-100-guitarists-2012,86,Ian MacKaye and Guy Picciotto (Fugazi),Guy Picciotto,Fugazi,1,2,2
spin-100-guitarists-2012,87,Marnie Stern,Marnie Stern,,1,1,1
spin-100-guitarists-2012,88,Dylan Carlson (Earth),Dylan Carlson,Earth,1,1,1
spin-100-guitarists-2012,89,Nick Zinner (Yeah Yeah Yeahs),Nick Zinner,Yeah Yeah Yeahs,1,1,1
spin-100-guitarists-2012,90,Trey Azagthoth (Morbid Angel),Trey Azagthoth,Morbid Angel,1,1,1
spin-100-guitarists-2012,91,Viv Albertine (the Slits),Viv Albertine,the Slits,1,1,1
spin-100-guitarists-2012,92,James Blackshaw,James Blackshaw,,1,1,1
spin-100-guitarists-2012,93,Annie Clark (St. Vincent),Annie Clark,St. Vincent,1,1,1
spin-100-guitarists-2012,94,Ibrahim Ag Alhabib (Tinariwen),Ibrahim Ag Alhabib,Tinariwen,1,1,1
spin-100-guitarists-2012,95,"Bill Steer (Napalm Death, Carcass)",Bill Steer,"Napalm Death, Carcass",1,1,1
spin-100-guitarists-2012,96,David Pajo (Slint),David Pajo,Slint,1,1,1
spin-100-guitarists-2012,97,Ira Kaplan (Yo La Tengo),Ira Kaplan,Yo La Tengo,1,1,1
spin-100-guitarists-2012,98,Mark Morgan (Sightings),Mark Morgan,Sightings,1,1,1
spin-100-guitarists-2012,99,Paul Saulnier (PS I Love You),Paul Saulnier,PS I Love You,1,1,1
spin-100-guitarists-2012,100,SKRILLEX,SKRILLEX,,1,1,1
