source_id,source_rank,musician_name,candidate_rank,wikidata_id,wikidata_label,wikidata_description
rolling-stone-250-guitarists-2023,8,B.B. King,1,Q188969,B. B. King,"American blues guitarist, singer, and songwriter (1925–2015)"
rolling-stone-250-guitarists-2023,8,B.B. King,2,Q76439276,B.B. King,print in the National Gallery of Art (NGA 141907)
rolling-stone-250-guitarists-2023,8,B.B. King,3,Q99430125,B.B. King Blues Band concert,B.B. King Blues Band concert performed during Montreux Jazz Festival the 1982-07-22
rolling-stone-250-guitarists-2023,8,B.B. King,4,Q62267628,B.B. King's albums in chronological order,Wikimedia albums discography
rolling-stone-250-guitarists-2023,8,B.B. King,5,Q3029874,B.B. King discography,Wikimedia artist discography
rolling-stone-250-guitarists-2023,12,Jimmy Nolen,1,Q1689413,Jimmy Nolen,American guitarist (1934-1983)
rolling-stone-250-guitarists-2023,17,Mother Maybelle Carter,1,Q106629270,Maybelle Carter discography,Wikimedia artist discography
rolling-stone-250-guitarists-2023,17,Mother Maybelle Carter,2,Q442398,Maybelle Carter,American country musician (1909–1978)
rolling-stone-250-guitarists-2023,19,Freddy King,1,Q436209,Freddie King,American blues guitarist and singer (1934–1976)
rolling-stone-250-guitarists-2023,19,Freddy King,2,Q5496878,Freddy King Sings,album by Freddie King
rolling-stone-250-guitarists-2023,19,Freddy King,3,Q99429713,Freddy King concert,Freddy King concert performed during Montreux Jazz Festival the 1973-06-29
rolling-stone-250-guitarists-2023,19,Freddy King,4,Q141202997,Freddy King Goes Surfin',
rolling-stone-250-guitarists-2023,22,Albert King,1,Q44809,Albert King,American blues musician (1923–1992)
rolling-stone-250-guitarists-2023,22,Albert King,2,Q3608060,Albert King,American basketball player (born 1959)
rolling-stone-250-guitarists-2023,22,Albert King,3,Q96316893,Albert King,1828-? father of Ada Alberta King
rolling-stone-250-guitarists-2023,22,Albert King,4,Q100529677,Albert King,Scottish data scientist
rolling-stone-250-guitarists-2023,22,Albert King,5,Q4710637,Albert King,Wikimedia disambiguation page
rolling-stone-250-guitarists-2023,40,John Fahey,1,Q1339380,John Fahey,American fingerstyle guitarist (1939–2001)
rolling-stone-250-guitarists-2023,40,John Fahey,2,Q1700035,John Fahey,Australian politician and Premier of New South Wales (1945–2020)
rolling-stone-250-guitarists-2023,40,John Fahey,3,Q91937869,John Fahey,Australian equestrian
rolling-stone-250-guitarists-2023,40,John Fahey,4,Q6116323,Jackie Fahey,Irish politician (1928-2019)
rolling-stone-250-guitarists-2023,40,John Fahey,5,Q6245795,"John M. Fahey, Jr.",American editor (born 1953)
rolling-stone-250-guitarists-2023,53,Trey Anastasio,1,Q466302,Trey Anastasio,American guitarist
rolling-stone-250-guitarists-2023,53,Trey Anastasio,2,Q7839571,Trey Anastasio,album by Trey Anastasio
rolling-stone-250-guitarists-2023,53,Trey Anastasio,3,Q7839572,Trey Anastasio backing band,American musical group
rolling-stone-250-guitarists-2023,53,Trey Anastasio,4,Q7839573,Trey Anastasio with Special Guest Carlos Santana,2004 live album by Trey Anastasio
rolling-stone-250-guitarists-2023,53,Trey Anastasio,5,Q123752010,Trey Anastasio's albums in chronological order,Wikimedia albums discography
rolling-stone-250-guitarists-2023,67,Kevin Shields,1,Q1382495,Kevin Shields,Irish musician and record producer
rolling-stone-250-guitarists-2023,67,Kevin Shields,2,Q6397495,Kevin Shields discography,"Irish musician, songwriter, composer, and producer"
rolling-stone-250-guitarists-2023,71,Franco Luambo,1,Q1378892,Luambo Makiadi,Congolese lingala musician (1938-1989)
rolling-stone-250-guitarists-2023,78,Charlie Christian,1,Q356490,Charlie Christian,American swing and jazz guitarist (1916-1942)
rolling-stone-250-guitarists-2023,78,Charlie Christian,2,Q3312017,Charlie Christian pickup,
rolling-stone-250-guitarists-2023,78,Charlie Christian,3,Q140387540,Charlie Christianstraat,"street in Amersfoort, the Netherlands"
rolling-stone-250-guitarists-2023,79,Ernie Isley,1,Q5394549,Ernie Isley,"American musician, songwriter"
rolling-stone-250-guitarists-2023,79,Ernie Isley,2,Q5394541,Ernie Isley,Canadian politician
rolling-stone-250-guitarists-2023,83,Adrian Smith,1,Q212070,Adrian Smith,English guitarist
rolling-stone-250-guitarists-2023,83,Adrian Smith,2,Q373443,Adrian Smith,American politician
rolling-stone-250-guitarists-2023,83,Adrian Smith,3,Q2419803,Adrian Smith,American basketball player
rolling-stone-250-guitarists-2023,83,Adrian Smith,4,Q106828130,Adrian Smith,British judge
rolling-stone-250-guitarists-2023,83,Adrian Smith,5,Q102443027,Adrian Smith,Ph.D. Arizona State University 2016
rolling-stone-250-guitarists-2023,83,Dave Murray,1,Q210159,Dave Murray,English guitarist
rolling-stone-250-guitarists-2023,83,Dave Murray,2,Q100889439,Dave Murray,college basketball player (1988–1988) New Hampshire
rolling-stone-250-guitarists-2023,83,Dave Murray,3,Q126847782,Dave Murray,candidate in the 2024 United Kingdom general election
rolling-stone-250-guitarists-2023,83,Dave Murray,4,Q112679737,David Murray,"hydrologist in geography department, University of Otago, New Zealand"
rolling-stone-250-guitarists-2023,83,Dave Murray,5,Q1173301,Dave Murray,Canadian alpine ski racer (1953-1990)
rolling-stone-250-guitarists-2023,86,Sonny Sharrock,1,Q1361909,Sonny Sharrock,American guitarist (1940-1995)
rolling-stone-250-guitarists-2023,87,Poison Ivy,1,Q7218532,Toxicodendron radicans,species of plant
rolling-stone-250-guitarists-2023,87,Poison Ivy,2,Q136784395,Poison Ivy,Dutch band
rolling-stone-250-guitarists-2023,87,Poison Ivy,3,Q375671,Poison Ivy,fictional character throughout the DC Universe
rolling-stone-250-guitarists-2023,87,Poison Ivy,4,Q2100881,Poison Ivy,1992 film by Katt Shea
rolling-stone-250-guitarists-2023,87,Poison Ivy,5,Q2230919,Poison Ivy,Popular song by The Coasters
rolling-stone-250-guitarists-2023,90,Mdou Moctar,1,Q16732408,Mdou Moctar,Nigerien musician
rolling-stone-250-guitarists-2023,91,Cat Coore,,,,
rolling-stone-250-guitarists-2023,92,Wata,1,Q12524190,Wata,"village in Morowali Regency, Central Sulawesi, Indonesia"
rolling-stone-250-guitarists-2023,92,Wata,2,Q577,year,the orbital period of the Earth: the estimated period of time for the Earth's orbit around the Sun and observed at a fixed geographic point (averaging 365.24 days); base later modified to define or adjust various calendars
rolling-stone-250-guitarists-2023,92,Wata,3,Q113844674,Wataru Okamura,Japanese particle physicist
rolling-stone-250-guitarists-2023,92,Wata,4,Q118074566,Wata,family name
rolling-stone-250-guitarists-2023,92,Wata,5,Q106114427,Wataru Higuchi,
rolling-stone-250-guitarists-2023,93,Leo Nocentelli,1,Q6524093,Leo Nocentelli,"guitarist, musician"
rolling-stone-250-guitarists-2023,95,Mary Timony,1,Q6780839,Mary Timony,American musician and songwriter
rolling-stone-250-guitarists-2023,97,Stephen Malkmus,1,Q282877,Stephen Malkmus,American musician
rolling-stone-250-guitarists-2023,97,Stephen Malkmus,2,Q7609882,Stephen Malkmus,album by Stephen Malkmus
rolling-stone-250-guitarists-2023,97,Stephen Malkmus,3,Q2344956,Stephen Malkmus and the Jicks,American rock band
rolling-stone-250-guitarists-2023,97,Stephen Malkmus,4,Q66706961,Stephen Malkmus,Wikimedia disambiguation page
rolling-stone-250-guitarists-2023,99,Tosin Abasi,1,Q2019960,Tosin Abasi,American guitarist
rolling-stone-250-guitarists-2023,99,Tosin Abasi,2,Q547666,Animals as Leaders,American instrumental metal band
rolling-stone-250-guitarists-2023,104,Ali Farka Touré,1,Q4724789,Ali Farka Touré,1987 studio album by Ali Farka Touré
rolling-stone-250-guitarists-2023,104,Ali Farka Touré,2,Q334947,Ali Farka Touré,Malian musician (1939–2006)
rolling-stone-250-guitarists-2023,104,Ali Farka Touré,3,Q2836213,"Ali Farka Touré, le miel n'est jamais bon dans une seule bouche",2001 film
rolling-stone-250-guitarists-2023,104,Ali Farka Touré,4,Q2836209,Ali Farka Touré: Springing from the Roots,1999 film by Yves Billon
rolling-stone-250-guitarists-2023,111,Kelley Johnson,1,Q123361483,Kelley Johnson,"American painter (b. 1973, Houston, Texas, United States)"
rolling-stone-250-guitarists-2023,111,Kelley Johnson,2,Q112467901,Kelley Johnson,
rolling-stone-250-guitarists-2023,111,Kelley Johnson,3,Q108054148,Kelley Johnson,football player (born 1962)
rolling-stone-250-guitarists-2023,111,Kelley Johnson,4,Q20710792,Kelley Johnson,Miss Colorado 2015
rolling-stone-250-guitarists-2023,111,Kelley Johnson,5,Q27942203,Kelley Johnson,Puerto Rican soccer player
rolling-stone-250-guitarists-2023,112,Rowland S. Howard,1,Q1362555,Rowland S. Howard,Australian musician and songwriter (1959–2009)
rolling-stone-250-guitarists-2023,114,Robert Quine,1,Q1931415,Robert Quine,American guitarist (1942–2004)
rolling-stone-250-guitarists-2023,114,Robert Quine,2,Q7340482,Rob Quiney,Australian cricketer
rolling-stone-250-guitarists-2023,115,Nels Cline,1,Q617368,Nels Cline,American guitarist and composer
rolling-stone-250-guitarists-2023,115,Nels Cline,2,Q6990280,Nels Cline Trio,US musical group
rolling-stone-250-guitarists-2023,115,Nels Cline,3,Q134069678,Nels Cline discography,
rolling-stone-250-guitarists-2023,116,Ana da Silva,1,Q108681929,Ana da Silva,Quebecois political candidate
rolling-stone-250-guitarists-2023,116,Ana da Silva,2,Q97460050,Ana da Silva,Portuguese singer
rolling-stone-250-guitarists-2023,116,Ana da Silva,3,Q91956897,Ana Da Silva,researcher (ORCID 0000-0001-7262-0215)
rolling-stone-250-guitarists-2023,116,Ana da Silva,4,Q102393448,Ana da Silva Soares,Ph.D. Université Libre de Bruxelles 2005
rolling-stone-250-guitarists-2023,116,Ana da Silva,5,Q123697978,Ana Cassama Da Silva,rugby league footballer
rolling-stone-250-guitarists-2023,119,Donita Sparks,1,Q628151,Donita Sparks,American singer and guitarist
rolling-stone-250-guitarists-2023,119,Donita Sparks,2,Q5296139,Donita Sparks and the Stellar Moments,US musical group
rolling-stone-250-guitarists-2023,120,Warren Haynes,1,Q599341,Warren Haynes,"American guitarist, singer and songwriter (born 1960)"
rolling-stone-250-guitarists-2023,122,King Sunny Ade,,,,
rolling-stone-250-guitarists-2023,125,Viv Albertine,,,,
rolling-stone-250-guitarists-2023,128,Bob Stinson,,,,
rolling-stone-250-guitarists-2023,129,Nita Strauss,,,,
rolling-stone-250-guitarists-2023,134,Bob Mould,,,,
rolling-stone-250-guitarists-2023,138,Teenie Hodges,,,,
rolling-stone-250-guitarists-2023,141,Fredrik Thordendal,,,,
rolling-stone-250-guitarists-2023,143,Ira Kaplan,,,,
rolling-stone-250-guitarists-2023,150,Marissa Paternoster,,,,
rolling-stone-250-guitarists-2023,151,Pete Cosey,,,,
rolling-stone-250-guitarists-2023,155,Yvette Young,,,,
rolling-stone-250-guitarists-2023,160,Kelley Deal,,,,
rolling-stone-250-guitarists-2023,161,Tim Henson,,,,
rolling-stone-250-guitarists-2023,162,Rosinha de Valença,,,,
rolling-stone-250-guitarists-2023,163,Wah Wah Watson,,,,
rolling-stone-250-guitarists-2023,167,James Williamson,,,,
rolling-stone-250-guitarists-2023,168,John Cipollina,,,,
rolling-stone-250-guitarists-2023,169,Jessie Mae Hemphill,,,,
rolling-stone-250-guitarists-2023,171,D. Boon,,,,
rolling-stone-250-guitarists-2023,174,Marty Stuart,,,,
rolling-stone-250-guitarists-2023,176,Sadie Dupuis,,,,
rolling-stone-250-guitarists-2023,177,Rodrigo Sánchez,,,,
rolling-stone-250-guitarists-2023,177,Gabriela Quintero,,,,
rolling-stone-250-guitarists-2023,179,Ernest Ranglin,,,,
rolling-stone-250-guitarists-2023,180,Mike Campbell,,,,
rolling-stone-250-guitarists-2023,181,Larissa Strickland,,,,
rolling-stone-250-guitarists-2023,182,Earl ‘Chinna’ Smith,,,,
rolling-stone-250-guitarists-2023,184,Eldon Shamblin,,,,
rolling-stone-250-guitarists-2023,185,Peggy Jones,,,,
rolling-stone-250-guitarists-2023,187,Marc Ribot,,,,
rolling-stone-250-guitarists-2023,188,Marnie Stern,,,,
rolling-stone-250-guitarists-2023,191,Chalmers Edward ‘Spanky’ Alford,,,,
rolling-stone-250-guitarists-2023,193,David Lindley,,,,
rolling-stone-250-guitarists-2023,194,Brian Robertson,,,,
rolling-stone-250-guitarists-2023,195,Greg Ginn,,,,
rolling-stone-250-guitarists-2023,199,Bombino,,,,
rolling-stone-250-guitarists-2023,200,Christone ‘Kingfish’ Ingram,,,,
rolling-stone-250-guitarists-2023,201,Garry ‘Diaper Man’ Shider,,,,
rolling-stone-250-guitarists-2023,204,Lynn Taitt,,,,
rolling-stone-250-guitarists-2023,206,Hugh McCracken,,,,
rolling-stone-250-guitarists-2023,207,Justin Broadrick,,,,
rolling-stone-250-guitarists-2023,208,Amadou Bagayoko,,,,
rolling-stone-250-guitarists-2023,210,Kaki King,,,,
rolling-stone-250-guitarists-2023,211,Nick Zinner,,,,
rolling-stone-250-guitarists-2023,213,Lucy Dacus,,,,
rolling-stone-250-guitarists-2023,214,Keiji Haino,,,,
rolling-stone-250-guitarists-2023,217,Thomas McClary,,,,
rolling-stone-250-guitarists-2023,218,Lzzy Hale,,,,
rolling-stone-250-guitarists-2023,221,James Blood Ulmer,,,,
rolling-stone-250-guitarists-2023,222,Molly Tuttle,,,,
rolling-stone-250-guitarists-2023,223,Joseph Spence,,,,
rolling-stone-250-guitarists-2023,224,Marv Tarplin,,,,
rolling-stone-250-guitarists-2023,225,Fred ‘Sonic’ Smith,,,,
rolling-stone-250-guitarists-2023,225,Wayne Kramer,,,,
rolling-stone-250-guitarists-2023,226,El Kempner,,,,
rolling-stone-250-guitarists-2023,229,Barbara Lynn,,,,
rolling-stone-250-guitarists-2023,231,Etta Baker,,,,
rolling-stone-250-guitarists-2023,232,David Williams,,,,
rolling-stone-250-guitarists-2023,233,H.E.R.,,,,
rolling-stone-250-guitarists-2023,234,John McGeoch,,,,
rolling-stone-250-guitarists-2023,236,Greg Sage,1,Q5606212,Greg Sage,American musician
rolling-stone-250-guitarists-2023,237,Jennifer Batten,1,Q292261,Jennifer Batten,American musician
rolling-stone-250-guitarists-2023,237,Jennifer Batten,2,Q76093268,Jennifer Batten,Peerage person ID=525755
rolling-stone-250-guitarists-2023,237,Jennifer Batten,3,Q6178108,Jennifer Batten's Tribal Rage: Momentum,album by Jennifer Batten
rolling-stone-250-guitarists-2023,238,Doug Gillard,1,Q2739268,Doug Gillard,American musician (born 1965)
rolling-stone-250-guitarists-2023,240,Erin Smith,1,Q79254656,Erin Smith,paramedicine researcher
rolling-stone-250-guitarists-2023,240,Erin Smith,2,Q89941524,Erin R Smith,researcher
rolling-stone-250-guitarists-2023,240,Erin Smith,3,Q58345009,Erin F Smith,"researcher, ORCID id # 0000-0002-3217-2590"
rolling-stone-250-guitarists-2023,240,Erin Smith,4,Q90802864,Erin P Smith,researcher (ORCID 0000-0003-4822-476X)
rolling-stone-250-guitarists-2023,240,Erin Smith,5,Q66686322,Erin Smith,American entrepreneur (born 1999)
rolling-stone-250-guitarists-2023,242,Lindsey Jordan,,,,
rolling-stone-250-guitarists-2023,243,Bryce Dessner,1,Q4980674,Bryce Dessner,American composer and guitarist
rolling-stone-250-guitarists-2023,244,Edilio Paredes,1,Q5338083,Edilio Paredes,Dominican Republic musician
rolling-stone-250-guitarists-2023,247,Ricky Wilson,1,Q100987511,Ricky Wilson,college basketball player (1992–1993) Idaho
rolling-stone-250-guitarists-2023,247,Ricky Wilson,2,Q2297319,Ricky Wilson,British singer
rolling-stone-250-guitarists-2023,247,Ricky Wilson,3,Q4348620,Ricky Wilson,American guitarist (1953–1985)
rolling-stone-250-guitarists-2023,247,Ricky Wilson,4,Q1393488,Ricky Wilson,American basketball player (born 1964)
rolling-stone-250-guitarists-2023,247,Ricky Wilson,5,Q1207379,Ricky Wilson,Wikimedia disambiguation page
rolling-stone-250-guitarists-2023,249,Brittany Howard,1,Q19572136,Brittany Howard,American singer
rolling-stone-250-guitarists-2023,249,Brittany Howard,2,Q85639923,Brittany E Howard,researcher
rolling-stone-250-guitarists-2023,249,Brittany Howard,3,Q30122809,Brittany Howard,ice hockey player (1995-)
