source_id,source_rank,source_entry_name,musician_name,source_context
udiscover-75-guitarists-2026,1,Jimi Hendrix,Jimi Hendrix,
udiscover-75-guitarists-2026,2,Chuck Berry,Chuck Berry,
udiscover-75-guitarists-2026,3,Wes Montgomery,Wes Montgomery,
udiscover-75-guitarists-2026,4,BB King,BB King,
udiscover-75-guitarists-2026,5,"Eric Clapton (Cream, Blind Faith, Derek And The Dominos)",Eric Clapton,"Cream, Blind Faith, Derek And The Dominos"
udiscover-75-guitarists-2026,6,Sister Rosetta Tharpe,Sister Rosetta Tharpe,
udiscover-75-guitarists-2026,7,Jimmy Page (Led Zeppelin),Jimmy Page,Led Zeppelin
udiscover-75-guitarists-2026,8,Steve Cropper (Booker T And The MGs),Steve Cropper,Booker T And The MGs
udiscover-75-guitarists-2026,9,Jeff Beck (The Yardbirds),Jeff Beck,The Yardbirds
udiscover-75-guitarists-2026,10,George Harrison,George Harrison,
udiscover-75-guitarists-2026,11,Brian May (Queen),Brian May,Queen
udiscover-75-guitarists-2026,12,Duane Allman (The Allman Brothers),Duane Allman,The Allman Brothers
udiscover-75-guitarists-2026,13,Slash (Guns N’ Roses),Slash,Guns N’ Roses
udiscover-75-guitarists-2026,14,Charlie Christian,Charlie Christian,
udiscover-75-guitarists-2026,15,Steve Howe (Yes),Steve Howe,Yes
udiscover-75-guitarists-2026,16,Martin Carthy,Martin Carthy,
udiscover-75-guitarists-2026,17,Eddie Van Halen (Van Halen),Eddie Van Halen,Van Halen
udiscover-75-guitarists-2026,18,Chet Atkins,Chet Atkins,
udiscover-75-guitarists-2026,19,Link Wray,Link Wray,
udiscover-75-guitarists-2026,20,Robert White (The Funk Brothers),Robert White,The Funk Brothers
udiscover-75-guitarists-2026,21,Albert Lee,Albert Lee,
udiscover-75-guitarists-2026,22,Stevie Ray Vaughan,Stevie Ray Vaughan,
udiscover-75-guitarists-2026,23,Keith Richards (The Rolling Stones),Keith Richards,The Rolling Stones
udiscover-75-guitarists-2026,24,Junior Marvin,Junior Marvin,
udiscover-75-guitarists-2026,25,Glen Campbell,Glen Campbell,
udiscover-75-guitarists-2026,26,George Benson,George Benson,
udiscover-75-guitarists-2026,27,Dick Dale,Dick Dale,
udiscover-75-guitarists-2026,28,Scotty Moore,Scotty Moore,
udiscover-75-guitarists-2026,29,Eddie Hazel (Parliament-Funkadelic),Eddie Hazel,Parliament-Funkadelic
udiscover-75-guitarists-2026,30,Rory Gallagher,Rory Gallagher,
udiscover-75-guitarists-2026,31,Neil Young,Neil Young,
udiscover-75-guitarists-2026,32,Pete Townshend (The Who),Pete Townshend,The Who
udiscover-75-guitarists-2026,33,Buddy Guy,Buddy Guy,
udiscover-75-guitarists-2026,34,Carlos Santana,Carlos Santana,
udiscover-75-guitarists-2026,35,Robert Johnson,Robert Johnson,
udiscover-75-guitarists-2026,36,Elizabeth Cotton,Elizabeth Cotton,
udiscover-75-guitarists-2026,37,Les Paul,Les Paul,
udiscover-75-guitarists-2026,38,Richard Thompson (Fairport Convention),Richard Thompson,Fairport Convention
udiscover-75-guitarists-2026,39,Big Jim Sullivan,Big Jim Sullivan,
udiscover-75-guitarists-2026,40,Albert Collins,Albert Collins,
udiscover-75-guitarists-2026,41,Peter Green (Fleetwood Mac),Peter Green,Fleetwood Mac
udiscover-75-guitarists-2026,42,Pat Metheny,Pat Metheny,
udiscover-75-guitarists-2026,43,Frank Zappa,Frank Zappa,
udiscover-75-guitarists-2026,44,Robert Fripp (King Crimson),Robert Fripp,King Crimson
udiscover-75-guitarists-2026,45,Ry Cooder,Ry Cooder,
udiscover-75-guitarists-2026,46,Prince,Prince,
udiscover-75-guitarists-2026,47,Django Reinhardt,Django Reinhardt,
udiscover-75-guitarists-2026,48,Kurt Cobain (Nirvana),Kurt Cobain,Nirvana
udiscover-75-guitarists-2026,49,Roger McGuinn and Clarence White (The Byrds),Roger McGuinn and Clarence White,The Byrds
udiscover-75-guitarists-2026,50,Rick Nielsen (Cheap Trick),Rick Nielsen,Cheap Trick
udiscover-75-guitarists-2026,51,Bob Mould (Hüsker Dü),Bob Mould,Hüsker Dü
udiscover-75-guitarists-2026,52,James Burton (The Wrecking Crew),James Burton,The Wrecking Crew
udiscover-75-guitarists-2026,53,David Gilmour (Pink Floyd),David Gilmour,Pink Floyd
udiscover-75-guitarists-2026,54,"Mark Knopfler (Dire Straits, solo)",Mark Knopfler,"Dire Straits, solo"
udiscover-75-guitarists-2026,55,Alex Lifeson (Rush),Alex Lifeson,Rush
udiscover-75-guitarists-2026,56,Hank Marvin (The Shadows),Hank Marvin,The Shadows
udiscover-75-guitarists-2026,57,"Thurston Moore (Sonic Youth, solo)",Thurston Moore,"Sonic Youth, solo"
udiscover-75-guitarists-2026,58,John Fogerty (Creedence Clearwater Revival),John Fogerty,Creedence Clearwater Revival
udiscover-75-guitarists-2026,59,Adrian Belew (King Crimson),Adrian Belew,King Crimson
udiscover-75-guitarists-2026,60,Leo Nocentelli (The Meters),Leo Nocentelli,The Meters
udiscover-75-guitarists-2026,61,"Ritchie Blackmore (Deep Purple, Rainbow)",Ritchie Blackmore,"Deep Purple, Rainbow"
udiscover-75-guitarists-2026,62,The Edge (U2),The Edge,U2
udiscover-75-guitarists-2026,63,Steve Hackett (Genesis),Steve Hackett,Genesis
udiscover-75-guitarists-2026,64,Warren Haynes (Gov’t Mule),Warren Haynes,Gov’t Mule
udiscover-75-guitarists-2026,65,Tony Iommi (Black Sabbath),Tony Iommi,Black Sabbath
udiscover-75-guitarists-2026,66,Kirk Hammett (Metallica),Kirk Hammett,Metallica
udiscover-75-guitarists-2026,67,Angus Young (AC/DC),Angus Young,AC/DC
udiscover-75-guitarists-2026,68,"Derek Trucks (The Allman Brothers Band, Tedeschi Trucks)",Derek Trucks,"The Allman Brothers Band, Tedeschi Trucks"
udiscover-75-guitarists-2026,69,"Joe Walsh (The Eagles, The James Gang)",Joe Walsh,"The Eagles, The James Gang"
udiscover-75-guitarists-2026,70,Kristin Hersh (Throwing Muses),Kristin Hersh,Throwing Muses
udiscover-75-guitarists-2026,71,Don Felder (The Eagles),Don Felder,The Eagles
udiscover-75-guitarists-2026,72,Steve Vai,Steve Vai,
udiscover-75-guitarists-2026,73,"Nils Lofgren (Crazy Horse, E Street Band)",Nils Lofgren,"Crazy Horse, E Street Band"
udiscover-75-guitarists-2026,74,Joe Satriani,Joe Satriani,
udiscover-75-guitarists-2026,75,Gabor Szabo,Gabor Szabo,
