source_id,source_rank,source_entry_name,musician_name,source_context,source_member_index,source_member_count
udiscover-75-guitarists-2026,1,Jimi Hendrix,Jimi Hendrix,,1,1
udiscover-75-guitarists-2026,2,Chuck Berry,Chuck Berry,,1,1
udiscover-75-guitarists-2026,3,Wes Montgomery,Wes Montgomery,,1,1
udiscover-75-guitarists-2026,4,BB King,BB King,,1,1
udiscover-75-guitarists-2026,5,"Eric Clapton (Cream, Blind Faith, Derek And The Dominos)",Eric Clapton,"Cream, Blind Faith, Derek And The Dominos",1,1
udiscover-75-guitarists-2026,6,Sister Rosetta Tharpe,Sister Rosetta Tharpe,,1,1
udiscover-75-guitarists-2026,7,Jimmy Page (Led Zeppelin),Jimmy Page,Led Zeppelin,1,1
udiscover-75-guitarists-2026,8,Steve Cropper (Booker T And The MGs),Steve Cropper,Booker T And The MGs,1,1
udiscover-75-guitarists-2026,9,Jeff Beck (The Yardbirds),Jeff Beck,The Yardbirds,1,1
udiscover-75-guitarists-2026,10,George Harrison,George Harrison,,1,1
udiscover-75-guitarists-2026,11,Brian May (Queen),Brian May,Queen,1,1
udiscover-75-guitarists-2026,12,Duane Allman (The Allman Brothers),Duane Allman,The Allman Brothers,1,1
udiscover-75-guitarists-2026,13,Slash (Guns N’ Roses),Slash,Guns N’ Roses,1,1
udiscover-75-guitarists-2026,14,Charlie Christian,Charlie Christian,,1,1
udiscover-75-guitarists-2026,15,Steve Howe (Yes),Steve Howe,Yes,1,1
udiscover-75-guitarists-2026,16,Martin Carthy,Martin Carthy,,1,1
udiscover-75-guitarists-2026,17,Eddie Van Halen (Van Halen),Eddie Van Halen,Van Halen,1,1
udiscover-75-guitarists-2026,18,Chet Atkins,Chet Atkins,,1,1
udiscover-75-guitarists-2026,19,Link Wray,Link Wray,,1,1
udiscover-75-guitarists-2026,20,Robert White (The Funk Brothers),Robert White,The Funk Brothers,1,1
udiscover-75-guitarists-2026,21,Albert Lee,Albert Lee,,1,1
udiscover-75-guitarists-2026,22,Stevie Ray Vaughan,Stevie Ray Vaughan,,1,1
udiscover-75-guitarists-2026,23,Keith Richards (The Rolling Stones),Keith Richards,The Rolling Stones,1,1
udiscover-75-guitarists-2026,24,Junior Marvin,Junior Marvin,,1,1
udiscover-75-guitarists-2026,25,Glen Campbell,Glen Campbell,,1,1
udiscover-75-guitarists-2026,26,George Benson,George Benson,,1,1
udiscover-75-guitarists-2026,27,Dick Dale,Dick Dale,,1,1
udiscover-75-guitarists-2026,28,Scotty Moore,Scotty Moore,,1,1
udiscover-75-guitarists-2026,29,Eddie Hazel (Parliament-Funkadelic),Eddie Hazel,Parliament-Funkadelic,1,1
udiscover-75-guitarists-2026,30,Rory Gallagher,Rory Gallagher,,1,1
udiscover-75-guitarists-2026,31,Neil Young,Neil Young,,1,1
udiscover-75-guitarists-2026,32,Pete Townshend (The Who),Pete Townshend,The Who,1,1
udiscover-75-guitarists-2026,33,Buddy Guy,Buddy Guy,,1,1
udiscover-75-guitarists-2026,34,Carlos Santana,Carlos Santana,,1,1
udiscover-75-guitarists-2026,35,Robert Johnson,Robert Johnson,,1,1
udiscover-75-guitarists-2026,36,Elizabeth Cotton,Elizabeth Cotton,,1,1
udiscover-75-guitarists-2026,37,Les Paul,Les Paul,,1,1
udiscover-75-guitarists-2026,38,Richard Thompson (Fairport Convention),Richard Thompson,Fairport Convention,1,1
udiscover-75-guitarists-2026,39,Big Jim Sullivan,Big Jim Sullivan,,1,1
udiscover-75-guitarists-2026,40,Albert Collins,Albert Collins,,1,1
udiscover-75-guitarists-2026,41,Peter Green (Fleetwood Mac),Peter Green,Fleetwood Mac,1,1
udiscover-75-guitarists-2026,42,Pat Metheny,Pat Metheny,,1,1
udiscover-75-guitarists-2026,43,Frank Zappa,Frank Zappa,,1,1
udiscover-75-guitarists-2026,44,Robert Fripp (King Crimson),Robert Fripp,King Crimson,1,1
udiscover-75-guitarists-2026,45,Ry Cooder,Ry Cooder,,1,1
udiscover-75-guitarists-2026,46,Prince,Prince,,1,1
udiscover-75-guitarists-2026,47,Django Reinhardt,Django Reinhardt,,1,1
udiscover-75-guitarists-2026,48,Kurt Cobain (Nirvana),Kurt Cobain,Nirvana,1,1
udiscover-75-guitarists-2026,49,Roger McGuinn and Clarence White (The Byrds),Roger McGuinn,The Byrds,1,2
udiscover-75-guitarists-2026,49,Roger McGuinn and Clarence White (The Byrds),Clarence White,The Byrds,2,2
udiscover-75-guitarists-2026,50,Rick Nielsen (Cheap Trick),Rick Nielsen,Cheap Trick,1,1
udiscover-75-guitarists-2026,51,Bob Mould (Hüsker Dü),Bob Mould,Hüsker Dü,1,1
udiscover-75-guitarists-2026,52,James Burton (The Wrecking Crew),James Burton,The Wrecking Crew,1,1
udiscover-75-guitarists-2026,53,David Gilmour (Pink Floyd),David Gilmour,Pink Floyd,1,1
udiscover-75-guitarists-2026,54,"Mark Knopfler (Dire Straits, solo)",Mark Knopfler,"Dire Straits, solo",1,1
udiscover-75-guitarists-2026,55,Alex Lifeson (Rush),Alex Lifeson,Rush,1,1
udiscover-75-guitarists-2026,56,Hank Marvin (The Shadows),Hank Marvin,The Shadows,1,1
udiscover-75-guitarists-2026,57,"Thurston Moore (Sonic Youth, solo)",Thurston Moore,"Sonic Youth, solo",1,1
udiscover-75-guitarists-2026,58,John Fogerty (Creedence Clearwater Revival),John Fogerty,Creedence Clearwater Revival,1,1
udiscover-75-guitarists-2026,59,Adrian Belew (King Crimson),Adrian Belew,King Crimson,1,1
udiscover-75-guitarists-2026,60,Leo Nocentelli (The Meters),Leo Nocentelli,The Meters,1,1
udiscover-75-guitarists-2026,61,"Ritchie Blackmore (Deep Purple, Rainbow)",Ritchie Blackmore,"Deep Purple, Rainbow",1,1
udiscover-75-guitarists-2026,62,The Edge (U2),The Edge,U2,1,1
udiscover-75-guitarists-2026,63,Steve Hackett (Genesis),Steve Hackett,Genesis,1,1
udiscover-75-guitarists-2026,64,Warren Haynes (Gov’t Mule),Warren Haynes,Gov’t Mule,1,1
udiscover-75-guitarists-2026,65,Tony Iommi (Black Sabbath),Tony Iommi,Black Sabbath,1,1
udiscover-75-guitarists-2026,66,Kirk Hammett (Metallica),Kirk Hammett,Metallica,1,1
udiscover-75-guitarists-2026,67,Angus Young (AC/DC),Angus Young,AC/DC,1,1
udiscover-75-guitarists-2026,68,"Derek Trucks (The Allman Brothers Band, Tedeschi Trucks)",Derek Trucks,"The Allman Brothers Band, Tedeschi Trucks",1,1
udiscover-75-guitarists-2026,69,"Joe Walsh (The Eagles, The James Gang)",Joe Walsh,"The Eagles, The James Gang",1,1
udiscover-75-guitarists-2026,70,Kristin Hersh (Throwing Muses),Kristin Hersh,Throwing Muses,1,1
udiscover-75-guitarists-2026,71,Don Felder (The Eagles),Don Felder,The Eagles,1,1
udiscover-75-guitarists-2026,72,Steve Vai,Steve Vai,,1,1
udiscover-75-guitarists-2026,73,"Nils Lofgren (Crazy Horse, E Street Band)",Nils Lofgren,"Crazy Horse, E Street Band",1,1
udiscover-75-guitarists-2026,74,Joe Satriani,Joe Satriani,,1,1
udiscover-75-guitarists-2026,75,Gabor Szabo,Gabor Szabo,,1,1
