source_id,source_rank,source_position,source_entry_name,musician_name
musicradar_20_greatest_djs,,1,David Mancuso,David Mancuso
musicradar_20_greatest_djs,,2,DJ Alfredo,DJ Alfredo
musicradar_20_greatest_djs,,3,DJ Chuckie,DJ Chuckie
musicradar_20_greatest_djs,,4,Solid Steel DJs,Solid Steel DJs
musicradar_20_greatest_djs,,5,DJ Andy Smith,DJ Andy Smith
musicradar_20_greatest_djs,,6,DJ Marky,DJ Marky
musicradar_20_greatest_djs,,7,The Chemical Brothers,The Chemical Brothers
musicradar_20_greatest_djs,,8,David Rodigan,David Rodigan
musicradar_20_greatest_djs,,9,Kid Koala,Kid Koala
musicradar_20_greatest_djs,,10,DJ Cash Money,DJ Cash Money
musicradar_20_greatest_djs,,11,Carl Cox,Carl Cox
musicradar_20_greatest_djs,,12,Norman Jay MBE,Norman Jay MBE
musicradar_20_greatest_djs,,13,Jam Master Jay,Jam Master Jay
musicradar_20_greatest_djs,,14,Cut Chemist,Cut Chemist
musicradar_20_greatest_djs,,15,DJ Yoda,DJ Yoda
musicradar_20_greatest_djs,,16,Mr. Scruff,Mr. Scruff
musicradar_20_greatest_djs,,17,DJ Qbert,DJ Qbert
musicradar_20_greatest_djs,,18,Coldcut,Coldcut
musicradar_20_greatest_djs,,19,DJ Z-Trip,DJ Z-Trip
musicradar_20_greatest_djs,,20,Grandmaster Flash,Grandmaster Flash
