source_id,source_rank,source_entry_name,musician_name,source_correction_note
beats_rhymes_lists_top_100_rappers,1,Nas,Nas,
beats_rhymes_lists_top_100_rappers,2,Jay-Z,Jay-Z,
beats_rhymes_lists_top_100_rappers,3,Tupac,Tupac,
beats_rhymes_lists_top_100_rappers,4,André 3000,André 3000,
beats_rhymes_lists_top_100_rappers,5,Eminem,Eminem,
beats_rhymes_lists_top_100_rappers,6,Biggie,Biggie,
beats_rhymes_lists_top_100_rappers,7,Rakim,Rakim,
beats_rhymes_lists_top_100_rappers,8,Ice Cube,Ice Cube,
beats_rhymes_lists_top_100_rappers,9,KRS-One,KRS-One,
beats_rhymes_lists_top_100_rappers,10,Kendrick Lamar,Kendrick Lamar,
beats_rhymes_lists_top_100_rappers,11,Scarface,Scarface,
beats_rhymes_lists_top_100_rappers,12,Lupe Fiasco,Lupe Fiasco,
beats_rhymes_lists_top_100_rappers,13,Lil Wayne,Lil Wayne,
beats_rhymes_lists_top_100_rappers,14,Chuck D,Chuck D,
beats_rhymes_lists_top_100_rappers,15,MF DOOM,MF DOOM,
beats_rhymes_lists_top_100_rappers,16,Black Thought,Black Thought,
beats_rhymes_lists_top_100_rappers,17,Drake,Drake,Source markup incorrectly labels Drake #18; corrected to missing rank #17.
beats_rhymes_lists_top_100_rappers,18,Kool G Rap,Kool G Rap,
beats_rhymes_lists_top_100_rappers,19,Ghostface Killah,Ghostface Killah,
beats_rhymes_lists_top_100_rappers,20,Method Man,Method Man,
beats_rhymes_lists_top_100_rappers,21,LL Cool J,LL Cool J,
beats_rhymes_lists_top_100_rappers,22,Big Daddy Kane,Big Daddy Kane,
beats_rhymes_lists_top_100_rappers,23,Raekwon,Raekwon,
beats_rhymes_lists_top_100_rappers,24,Redman,Redman,
beats_rhymes_lists_top_100_rappers,25,Masta Ace,Masta Ace,
beats_rhymes_lists_top_100_rappers,26,Pusha T,Pusha T,
beats_rhymes_lists_top_100_rappers,27,Common,Common,
beats_rhymes_lists_top_100_rappers,28,DMX,DMX,
beats_rhymes_lists_top_100_rappers,29,Big Boi,Big Boi,
beats_rhymes_lists_top_100_rappers,30,Bun B,Bun B,
beats_rhymes_lists_top_100_rappers,31,Jadakiss,Jadakiss,
beats_rhymes_lists_top_100_rappers,32,J. Cole,J. Cole,
beats_rhymes_lists_top_100_rappers,33,Snoop Dogg,Snoop Dogg,
beats_rhymes_lists_top_100_rappers,34,Kanye West,Kanye West,
beats_rhymes_lists_top_100_rappers,35,50 Cent,50 Cent,
beats_rhymes_lists_top_100_rappers,36,Busta Rhymes,Busta Rhymes,
beats_rhymes_lists_top_100_rappers,37,Prodigy,Prodigy,
beats_rhymes_lists_top_100_rappers,38,Treach,Treach,
beats_rhymes_lists_top_100_rappers,39,Q-Tip,Q-Tip,
beats_rhymes_lists_top_100_rappers,40,Aesop Rock,Aesop Rock,
beats_rhymes_lists_top_100_rappers,41,Ludacris,Ludacris,
beats_rhymes_lists_top_100_rappers,42,El-P,El-P,
beats_rhymes_lists_top_100_rappers,43,Styles P,Styles P,
beats_rhymes_lists_top_100_rappers,44,GZA,GZA,
beats_rhymes_lists_top_100_rappers,45,Pharoahe Monch,Pharoahe Monch,
beats_rhymes_lists_top_100_rappers,46,Gift of Gab,Gift of Gab,
beats_rhymes_lists_top_100_rappers,47,Royce da 5’9″,Royce da 5’9″,
beats_rhymes_lists_top_100_rappers,48,Roc Marciano,Roc Marciano,
beats_rhymes_lists_top_100_rappers,49,Big L,Big L,
beats_rhymes_lists_top_100_rappers,50,Killer Mike,Killer Mike,
beats_rhymes_lists_top_100_rappers,51,T.I.,T.I.,
beats_rhymes_lists_top_100_rappers,52,Kurupt,Kurupt,
beats_rhymes_lists_top_100_rappers,53,MC Eiht,MC Eiht,
beats_rhymes_lists_top_100_rappers,54,Inspectah Deck,Inspectah Deck,
beats_rhymes_lists_top_100_rappers,55,Phonte,Phonte,
beats_rhymes_lists_top_100_rappers,56,Guru,Guru,
beats_rhymes_lists_top_100_rappers,57,Big Pun,Big Pun,
beats_rhymes_lists_top_100_rappers,58,Mos Def,Mos Def,
beats_rhymes_lists_top_100_rappers,59,Kool Keith,Kool Keith,
beats_rhymes_lists_top_100_rappers,60,Tech N9ne,Tech N9ne,
beats_rhymes_lists_top_100_rappers,61,Missy Elliott,Missy Elliott,
beats_rhymes_lists_top_100_rappers,62,Slick Rick,Slick Rick,
beats_rhymes_lists_top_100_rappers,63,DJ Quik,DJ Quik,
beats_rhymes_lists_top_100_rappers,64,Sean Price,Sean Price,
beats_rhymes_lists_top_100_rappers,65,Lauryn Hill,Lauryn Hill,
beats_rhymes_lists_top_100_rappers,66,Phife Dawg,Phife Dawg,
beats_rhymes_lists_top_100_rappers,67,Fabolous,Fabolous,
beats_rhymes_lists_top_100_rappers,68,Beanie Sigel,Beanie Sigel,
beats_rhymes_lists_top_100_rappers,69,E-40,E-40,
beats_rhymes_lists_top_100_rappers,70,AZ,AZ,
beats_rhymes_lists_top_100_rappers,71,Elzhi,Elzhi,
beats_rhymes_lists_top_100_rappers,72,Freddie Gibbs,Freddie Gibbs,
beats_rhymes_lists_top_100_rappers,73,Future,Future,
beats_rhymes_lists_top_100_rappers,74,Canibus,Canibus,
beats_rhymes_lists_top_100_rappers,75,Young Jeezy,Young Jeezy,
beats_rhymes_lists_top_100_rappers,76,Cam’ron,Cam’ron,
beats_rhymes_lists_top_100_rappers,77,Blu,Blu,
beats_rhymes_lists_top_100_rappers,78,Del the Funky Homosapien,Del the Funky Homosapien,
beats_rhymes_lists_top_100_rappers,79,Lil’ Kim,Lil’ Kim,
beats_rhymes_lists_top_100_rappers,80,Ab-Soul,Ab-Soul,
beats_rhymes_lists_top_100_rappers,81,Rapsody,Rapsody,
beats_rhymes_lists_top_100_rappers,82,Talib Kweli,Talib Kweli,
beats_rhymes_lists_top_100_rappers,83,Ice-T,Ice-T,
beats_rhymes_lists_top_100_rappers,84,RZA,RZA,
beats_rhymes_lists_top_100_rappers,85,Krayzie Bone,Krayzie Bone,
beats_rhymes_lists_top_100_rappers,86,Nicki Minaj,Nicki Minaj,
beats_rhymes_lists_top_100_rappers,87,Pimp C,Pimp C,
beats_rhymes_lists_top_100_rappers,88,Juicy J,Juicy J,
beats_rhymes_lists_top_100_rappers,89,The Game,The Game,
beats_rhymes_lists_top_100_rappers,90,Gucci Mane,Gucci Mane,
beats_rhymes_lists_top_100_rappers,91,Too Short,Too Short,
beats_rhymes_lists_top_100_rappers,92,Posdnuos,Posdnuos,
beats_rhymes_lists_top_100_rappers,93,Rick Ross,Rick Ross,
beats_rhymes_lists_top_100_rappers,94,Brother Ali,Brother Ali,
beats_rhymes_lists_top_100_rappers,95,Twista,Twista,
beats_rhymes_lists_top_100_rappers,96,Ras Kass,Ras Kass,
beats_rhymes_lists_top_100_rappers,97,Chief Keef,Chief Keef,
beats_rhymes_lists_top_100_rappers,98,Mase,Mase,
beats_rhymes_lists_top_100_rappers,99,MC Lyte,MC Lyte,
beats_rhymes_lists_top_100_rappers,100,Project Pat,Project Pat,
