source_id,source_rank,source_entry_name,musician_name,source_entity_id
ranker_best_singers_2026,1,Freddie Mercury,Freddie Mercury,1022223
ranker_best_singers_2026,2,Whitney Houston,Whitney Houston,2385097
ranker_best_singers_2026,3,Aretha Franklin,Aretha Franklin,488370
ranker_best_singers_2026,4,Frank Sinatra,Frank Sinatra,1020193
ranker_best_singers_2026,5,Michael Jackson,Michael Jackson,1574447
ranker_best_singers_2026,6,Elvis Presley,Elvis Presley,932239
ranker_best_singers_2026,7,Marvin Gaye,Marvin Gaye,1533954
ranker_best_singers_2026,8,Ella Fitzgerald,Ella Fitzgerald,929650
ranker_best_singers_2026,9,Stevie Wonder,Stevie Wonder,2098707
ranker_best_singers_2026,10,Luciano Pavarotti,Luciano Pavarotti,1482712
ranker_best_singers_2026,11,Nat King Cole,Nat King Cole,1654548
ranker_best_singers_2026,12,Robert Plant,Robert Plant,1922073
ranker_best_singers_2026,13,Johnny Cash,Johnny Cash,1300391
ranker_best_singers_2026,14,Celine Dion,Celine Dion,689840
ranker_best_singers_2026,15,Prince,Prince,1837662
ranker_best_singers_2026,16,Elton John,Elton John,931934
ranker_best_singers_2026,17,Ray Charles,Ray Charles,1878597
ranker_best_singers_2026,18,Paul McCartney,Paul McCartney,1768827
ranker_best_singers_2026,19,David Bowie,David Bowie,821677
ranker_best_singers_2026,20,Steve Perry,Steve Perry,2097967
ranker_best_singers_2026,21,Stevie Nicks,Stevie Nicks,2098684
ranker_best_singers_2026,22,Tina Turner,Tina Turner,2248980
ranker_best_singers_2026,23,Billy Joel,Billy Joel,583753
ranker_best_singers_2026,24,Mariah Carey,Mariah Carey,1519508
ranker_best_singers_2026,25,Sam Cooke,Sam Cooke,1969601
ranker_best_singers_2026,26,John Lennon,John Lennon,1310216
ranker_best_singers_2026,27,Adele,Adele,401136
ranker_best_singers_2026,28,Karen Carpenter,Karen Carpenter,1348584
ranker_best_singers_2026,29,Otis Redding,Otis Redding,1736657
ranker_best_singers_2026,30,Patsy Cline,Patsy Cline,1764038
ranker_best_singers_2026,31,Billie Holiday,Billie Holiday,582962
ranker_best_singers_2026,32,Julie Andrews,Julie Andrews,1333426
ranker_best_singers_2026,33,Roy Orbison,Roy Orbison,1945018
ranker_best_singers_2026,34,Etta James,Etta James,958770
ranker_best_singers_2026,35,Louis Armstrong,Louis Armstrong,1476461
ranker_best_singers_2026,36,Amy Winehouse,Amy Winehouse,453556
ranker_best_singers_2026,37,Andrea Bocelli,Andrea Bocelli,457551
ranker_best_singers_2026,38,Bing Crosby,Bing Crosby,587038
ranker_best_singers_2026,39,Bob Marley,Bob Marley,605064
ranker_best_singers_2026,40,Dolly Parton,Dolly Parton,873111
ranker_best_singers_2026,41,Judy Garland,Judy Garland,1331292
ranker_best_singers_2026,42,Diana Ross,Diana Ross,852979
ranker_best_singers_2026,43,Phil Collins,Phil Collins,1795529
ranker_best_singers_2026,44,Lionel Richie,Lionel Richie,1452660
ranker_best_singers_2026,45,Linda Ronstadt,Linda Ronstadt,1450474
ranker_best_singers_2026,46,Dean Martin,Dean Martin,831281
ranker_best_singers_2026,47,Janis Joplin,Janis Joplin,1267603
ranker_best_singers_2026,48,Jim Morrison,Jim Morrison,1291311
ranker_best_singers_2026,49,Art Garfunkel,Art Garfunkel,498461
ranker_best_singers_2026,50,Tony Bennett,Tony Bennett,2260714
ranker_best_singers_2026,51,John Denver,John Denver,1305432
ranker_best_singers_2026,52,Gladys Knight,Gladys Knight,1075674
ranker_best_singers_2026,53,Neil Diamond,Neil Diamond,1659549
ranker_best_singers_2026,54,Bruno Mars,Bruno Mars,31299119
ranker_best_singers_2026,55,Kelly Clarkson,Kelly Clarkson,1359806
ranker_best_singers_2026,56,Tom Jones,Tom Jones,2258196
ranker_best_singers_2026,57,Alicia Keys,Alicia Keys,432779
ranker_best_singers_2026,58,Barry White,Barry White,546112
ranker_best_singers_2026,59,Steven Tyler,Steven Tyler,2096165
ranker_best_singers_2026,60,Smokey Robinson,Smokey Robinson,2050068
ranker_best_singers_2026,61,Sting,Sting,2099959
ranker_best_singers_2026,62,Ann Wilson,Ann Wilson,470256
ranker_best_singers_2026,63,Bryan Adams,Bryan Adams,637393
ranker_best_singers_2026,64,Pat Benatar,Pat Benatar,1764604
ranker_best_singers_2026,65,Al Green,Al Green,444116
ranker_best_singers_2026,66,Lady Gaga,Lady Gaga,11345473
ranker_best_singers_2026,67,Dionne Warwick,Dionne Warwick,860619
ranker_best_singers_2026,68,Donna Summer,Donna Summer,877643
ranker_best_singers_2026,69,Barry Gibb,Barry Gibb,545635
ranker_best_singers_2026,70,Jon Bon Jovi,Jon Bon Jovi,1319687
ranker_best_singers_2026,71,Luther Vandross,Luther Vandross,1488645
ranker_best_singers_2026,72,Annie Lennox,Annie Lennox,469419
ranker_best_singers_2026,73,P!nk,P!nk,1805620
ranker_best_singers_2026,74,Michael Bublé,Michael Bublé,1572873
ranker_best_singers_2026,75,James Brown,James Brown,1259631
ranker_best_singers_2026,76,Don Henley,Don Henley,879412
ranker_best_singers_2026,77,Frankie Valli,Frankie Valli,1017498
ranker_best_singers_2026,78,Kenny Rogers,Kenny Rogers,1362401
ranker_best_singers_2026,79,Buddy Holly,Buddy Holly,639919
ranker_best_singers_2026,80,Carly Simon,Carly Simon,674510
ranker_best_singers_2026,81,Eric Clapton,Eric Clapton,948820
ranker_best_singers_2026,82,Cher,Cher,711132
ranker_best_singers_2026,83,Cyndi Lauper,Cyndi Lauper,798916
ranker_best_singers_2026,84,Christina Aguilera,Christina Aguilera,725023
ranker_best_singers_2026,85,Shania Twain,Shania Twain,2012859
ranker_best_singers_2026,86,George Harrison,George Harrison,1058005
ranker_best_singers_2026,87,Rod Stewart,Rod Stewart,1929407
ranker_best_singers_2026,88,Carrie Underwood,Carrie Underwood,678602
ranker_best_singers_2026,89,Bob Seger,Bob Seger,605496
ranker_best_singers_2026,90,Carole King,Carole King,676807
ranker_best_singers_2026,91,Doris Day,Doris Day,881369
ranker_best_singers_2026,92,George Michael,George Michael,1059143
ranker_best_singers_2026,93,Chris Cornell,Chris Cornell,728128
ranker_best_singers_2026,94,James Taylor,James Taylor,1264600
ranker_best_singers_2026,95,Brian Wilson,Brian Wilson,627089
ranker_best_singers_2026,96,Roberta Flack,Roberta Flack,1916794
ranker_best_singers_2026,97,Glen Campbell,Glen Campbell,1077580
ranker_best_singers_2026,98,Johnny Mathis,Johnny Mathis,1300937
ranker_best_singers_2026,99,Barbra Streisand,Barbra Streisand,541722
ranker_best_singers_2026,100,Reba McEntire,Reba McEntire,1881353
ranker_best_singers_2026,101,Jim Croce,Jim Croce,1290389
ranker_best_singers_2026,102,Axl Rose,Axl Rose,519316
ranker_best_singers_2026,103,Huey Lewis,Huey Lewis,1187190
ranker_best_singers_2026,104,Mick Jagger,Mick Jagger,1579366
ranker_best_singers_2026,105,Jimi Hendrix,Jimi Hendrix,1288474
ranker_best_singers_2026,106,Kurt Cobain,Kurt Cobain,1398360
ranker_best_singers_2026,107,Dusty Springfield,Dusty Springfield,897893
ranker_best_singers_2026,108,Tom Petty,Tom Petty,62169354
ranker_best_singers_2026,109,Paul Simon,Paul Simon,1769838
ranker_best_singers_2026,110,Van Morrison,Van Morrison,2325249
ranker_best_singers_2026,111,Sarah McLachlan,Sarah McLachlan,1978383
ranker_best_singers_2026,112,Sade Adu,Sade Adu,1958203
ranker_best_singers_2026,113,Enya,Enya,944950
ranker_best_singers_2026,114,Beyoncé,Beyoncé,577168
ranker_best_singers_2026,115,Willie Nelson,Willie Nelson,2398496
ranker_best_singers_2026,116,B.B. King,B.B. King,651860
ranker_best_singers_2026,117,Bruce Springsteen,Bruce Springsteen,635964
ranker_best_singers_2026,118,Meat Loaf,Meat Loaf,1555529
ranker_best_singers_2026,119,Phil Everly,Phil Everly,1795624
ranker_best_singers_2026,120,Nina Simone,Nina Simone,1682249
ranker_best_singers_2026,121,Bobby Darin,Bobby Darin,602829
ranker_best_singers_2026,122,Cass Elliot,Cass Elliot,10885621
ranker_best_singers_2026,123,Joe Cocker,Joe Cocker,1296428
ranker_best_singers_2026,124,Bonnie Tyler,Bonnie Tyler,610327
ranker_best_singers_2026,125,Chuck Berry,Chuck Berry,732726
ranker_best_singers_2026,126,Norah Jones,Norah Jones,1688286
ranker_best_singers_2026,127,Joni Mitchell,Joni Mitchell,1319388
ranker_best_singers_2026,128,Billy Idol,Billy Idol,583727
ranker_best_singers_2026,129,Bette Midler,Bette Midler,575894
ranker_best_singers_2026,130,Debbie Harry,Debbie Harry,832444
ranker_best_singers_2026,131,Shakira,Shakira,2011542
ranker_best_singers_2026,132,Ed Sheeran,Ed Sheeran,62056554
ranker_best_singers_2026,133,Peter Gabriel,Peter Gabriel,1785728
ranker_best_singers_2026,134,Andy Williams,Andy Williams,462381
ranker_best_singers_2026,135,Alanis Morissette,Alanis Morissette,418271
ranker_best_singers_2026,136,Faith Hill,Faith Hill,973976
ranker_best_singers_2026,137,Marie Osmond,Marie Osmond,1521748
ranker_best_singers_2026,138,Roger Daltrey,Roger Daltrey,1930002
ranker_best_singers_2026,139,Daryl Hall,Daryl Hall,817594
ranker_best_singers_2026,140,Natalie Cole,Natalie Cole,1648903
ranker_best_singers_2026,141,Édith Piaf,Édith Piaf,912302
ranker_best_singers_2026,142,Hank Williams,Hank Williams,1125181
ranker_best_singers_2026,143,Patti LaBelle,Patti LaBelle,1764354
ranker_best_singers_2026,144,Garth Brooks,Garth Brooks,1045317
ranker_best_singers_2026,145,Toni Braxton,Toni Braxton,2260074
ranker_best_singers_2026,146,Olivia Newton-John,Olivia Newton-John,1718051
ranker_best_singers_2026,147,Joan Jett,Joan Jett,1293832
ranker_best_singers_2026,148,John Legend,John Legend,1310186
ranker_best_singers_2026,149,Tracy Chapman,Tracy Chapman,2269578
ranker_best_singers_2026,150,Rihanna,Rihanna,1910648
ranker_best_singers_2026,151,Jennifer Hudson,Jennifer Hudson,1281438
ranker_best_singers_2026,152,Bono,Bono,1767030
ranker_best_singers_2026,153,Bonnie Raitt,Bonnie Raitt,610298
ranker_best_singers_2026,154,"Harry Connick, Jr.","Harry Connick, Jr.",1133064
ranker_best_singers_2026,155,Glenn Frey,Glenn Frey,1077051
ranker_best_singers_2026,156,Ariana Grande,Ariana Grande,61989638
ranker_best_singers_2026,157,Sia,Sia,2026061
ranker_best_singers_2026,158,Plácido Domingo,Plácido Domingo,1811318
ranker_best_singers_2026,159,Alison Krauss,Alison Krauss,433506
ranker_best_singers_2026,160,Gloria Estefan,Gloria Estefan,1078998
ranker_best_singers_2026,161,"Sammy Davis, Jr.","Sammy Davis, Jr.",1967051
ranker_best_singers_2026,162,Loretta Lynn,Loretta Lynn,1472030
ranker_best_singers_2026,163,Justin Timberlake,Justin Timberlake,1337602
ranker_best_singers_2026,164,Gordon Lightfoot,Gordon Lightfoot,1088496
ranker_best_singers_2026,165,Amy Lee,Amy Lee,453396
ranker_best_singers_2026,166,Seal,Seal,1993657
ranker_best_singers_2026,167,Anne Murray,Anne Murray,468958
ranker_best_singers_2026,168,Jewel,Jewel,1286898
ranker_best_singers_2026,169,Don Everly,Don Everly,879238
ranker_best_singers_2026,170,Bill Withers,Bill Withers,586433
ranker_best_singers_2026,171,Nancy Wilson,Nancy Wilson,1645449
ranker_best_singers_2026,172,Michael Hutchence,Michael Hutchence,1574388
ranker_best_singers_2026,173,Neil Young,Neil Young,1660007
ranker_best_singers_2026,174,Ben E. King,Ben E. King,568321
ranker_best_singers_2026,175,Little Richard,Little Richard,1457315
ranker_best_singers_2026,176,Bob Dylan,Bob Dylan,604347
ranker_best_singers_2026,177,Peggy Lee,Peggy Lee,1774795
ranker_best_singers_2026,178,Susan Boyle,Susan Boyle,16875828
ranker_best_singers_2026,179,Connie Francis,Connie Francis,768258
ranker_best_singers_2026,180,Eddie Vedder,Eddie Vedder,910614
ranker_best_singers_2026,181,Petula Clark,Petula Clark,1790335
ranker_best_singers_2026,182,Sinéad O'Connor,Sinéad O'Connor,2537150
ranker_best_singers_2026,183,Frankie Avalon,Frankie Avalon,1017334
ranker_best_singers_2026,184,John Fogerty,John Fogerty,1306695
ranker_best_singers_2026,185,Vera Lynn,Vera Lynn,2330217
ranker_best_singers_2026,186,George Strait,George Strait,1060383
ranker_best_singers_2026,187,Robert Palmer,Robert Palmer,1921960
ranker_best_singers_2026,188,Donny Osmond,Donny Osmond,877882
ranker_best_singers_2026,189,Gwen Stefani,Gwen Stefani,1115307
ranker_best_singers_2026,190,Cat Stevens,Cat Stevens,686082
ranker_best_singers_2026,191,Chester Bennington,Chester Bennington,712302
ranker_best_singers_2026,192,Barry Manilow,Barry Manilow,545813
ranker_best_singers_2026,193,Robin Gibb,Robin Gibb,1924032
ranker_best_singers_2026,194,Maria Callas,Maria Callas,1520270
ranker_best_singers_2026,195,Lesley Gore,Lesley Gore,1436248
ranker_best_singers_2026,196,Jerry Lee Lewis,Jerry Lee Lewis,1284272
ranker_best_singers_2026,197,Enrico Caruso,Enrico Caruso,943416
ranker_best_singers_2026,198,David Gilmour,David Gilmour,823195
ranker_best_singers_2026,199,Liza Minnelli,Liza Minnelli,1461809
ranker_best_singers_2026,200,Ritchie Valens,Ritchie Valens,1913367
ranker_best_singers_2026,201,LeAnn Rimes,LeAnn Rimes,1426072
ranker_best_singers_2026,202,Ozzy Osbourne,Ozzy Osbourne,1742531
ranker_best_singers_2026,203,Adam Lambert,Adam Lambert,23866500
ranker_best_singers_2026,204,Brian Johnson,Brian Johnson,626142
ranker_best_singers_2026,205,Christine McVie,Christine McVie,725418
ranker_best_singers_2026,206,Bon Scott,Bon Scott,610592
ranker_best_singers_2026,207,Wilson Pickett,Wilson Pickett,2400238
ranker_best_singers_2026,208,Sarah Vaughan,Sarah Vaughan,1978585
ranker_best_singers_2026,209,Harry Belafonte,Harry Belafonte,1132881
ranker_best_singers_2026,210,Alice Cooper,Alice Cooper,432383
ranker_best_singers_2026,211,Don McLean,Don McLean,879748
ranker_best_singers_2026,212,Lindsey Buckingham,Lindsey Buckingham,1450974
ranker_best_singers_2026,213,Lena Horne,Lena Horne,1431936
ranker_best_singers_2026,214,Sheryl Crow,Sheryl Crow,2018415
ranker_best_singers_2026,215,Michael Bolton,Michael Bolton,1572745
ranker_best_singers_2026,216,Lenny Kravitz,Lenny Kravitz,1432455
ranker_best_singers_2026,217,Taylor Swift,Taylor Swift,2153992
ranker_best_singers_2026,218,Eminem,Eminem,937841
ranker_best_singers_2026,219,Jeff Buckley,Jeff Buckley,1279348
ranker_best_singers_2026,220,Martina McBride,Martina McBride,1531137
ranker_best_singers_2026,221,Sam Smith,Sam Smith,80404061
ranker_best_singers_2026,222,Montserrat Caballé,Montserrat Caballé,1612126
ranker_best_singers_2026,223,Davy Jones,Davy Jones,62013628
ranker_best_singers_2026,224,Josh Groban,Josh Groban,1326538
ranker_best_singers_2026,225,Peter Cetera,Peter Cetera,1785079
ranker_best_singers_2026,226,Dennis Wilson,Dennis Wilson,842406
ranker_best_singers_2026,227,Michael McDonald,Michael McDonald,1575295
ranker_best_singers_2026,228,Lana Del Rey,Lana Del Rey,63420914
ranker_best_singers_2026,229,Chris Isaak,Chris Isaak,728706
ranker_best_singers_2026,230,Waylon Jennings,Waylon Jennings,2365223
ranker_best_singers_2026,231,Adam Levine,Adam Levine,399709
ranker_best_singers_2026,232,Kate Bush,Kate Bush,1352548
ranker_best_singers_2026,233,Kylie Minogue,Kylie Minogue,1400691
ranker_best_singers_2026,234,Paul Young,Paul Young,1770553
ranker_best_singers_2026,235,Laura Branigan,Laura Branigan,1417635
ranker_best_singers_2026,236,Steve Winwood,Steve Winwood,2098583
ranker_best_singers_2026,237,Shirley Bassey,Shirley Bassey,2021159
ranker_best_singers_2026,238,Selena,Selena,1999876
ranker_best_singers_2026,239,Brenda Lee,Brenda Lee,623982
ranker_best_singers_2026,240,A-ha,A-ha,386239
ranker_best_singers_2026,241,Lou Rawls,Lou Rawls,1478300
ranker_best_singers_2026,242,Mario Lanza,Mario Lanza,1523564
ranker_best_singers_2026,243,Roger Waters,Roger Waters,1930837
ranker_best_singers_2026,244,Carl Wilson,Carl Wilson,675664
ranker_best_singers_2026,245,Avril Lavigne,Avril Lavigne,518322
ranker_best_singers_2026,246,Chaka Khan,Chaka Khan,696470
ranker_best_singers_2026,247,Janet Jackson,Janet Jackson,1266607
ranker_best_singers_2026,248,Leona Lewis,Leona Lewis,1433624
ranker_best_singers_2026,249,Richard Marx,Richard Marx,1905554
ranker_best_singers_2026,250,Cliff Richard,Cliff Richard,746569
ranker_best_singers_2026,251,Harry Nilsson,Harry Nilsson,1133791
ranker_best_singers_2026,252,Gloria Gaynor,Gloria Gaynor,1079014
ranker_best_singers_2026,253,Idina Menzel,Idina Menzel,1207749
ranker_best_singers_2026,254,Jackie Wilson,Jackie Wilson,1251377
ranker_best_singers_2026,255,Bobby Vinton,Bobby Vinton,603473
ranker_best_singers_2026,256,Marilyn Horne,Marilyn Horne,1522082
ranker_best_singers_2026,257,Belinda Carlisle,Belinda Carlisle,562794
ranker_best_singers_2026,258,Nancy Wilson,Nancy Wilson,1645451
ranker_best_singers_2026,259,Mary J. Blige,Mary J. Blige,1535741
ranker_best_singers_2026,260,Emmylou Harris,Emmylou Harris,938728
ranker_best_singers_2026,261,Engelbert Humperdinck,Engelbert Humperdinck,941958
ranker_best_singers_2026,262,Israel Kamakawiwo'ole,Israel Kamakawiwo'ole,1242275
ranker_best_singers_2026,263,Marc Bolan,Marc Bolan,1517096
ranker_best_singers_2026,264,Katy Perry,Katy Perry,10865225
ranker_best_singers_2026,265,Darlene Love,Darlene Love,816226
ranker_best_singers_2026,266,David Gray,David Gray,823288
ranker_best_singers_2026,267,Tammy Wynette,Tammy Wynette,2147181
ranker_best_singers_2026,268,Jessie J,Jessie J,62039062
ranker_best_singers_2026,269,Eddie Cochran,Eddie Cochran,910012
ranker_best_singers_2026,270,Gene Vincent,Gene Vincent,61981233
ranker_best_singers_2026,271,Dinah Washington,Dinah Washington,859343
ranker_best_singers_2026,272,Merle Haggard,Merle Haggard,1565940
ranker_best_singers_2026,273,James Blunt,James Blunt,1259464
ranker_best_singers_2026,274,Alison Moyet,Alison Moyet,433536
ranker_best_singers_2026,275,Chrissie Hynde,Chrissie Hynde,723362
ranker_best_singers_2026,276,Leontyne Price,Leontyne Price,1434011
ranker_best_singers_2026,277,Madonna,Madonna,1496822
ranker_best_singers_2026,278,Paul Anka,Paul Anka,1766231
ranker_best_singers_2026,279,Jackson Browne,Jackson Browne,1251598
ranker_best_singers_2026,280,Joan Baez,Joan Baez,1293641
ranker_best_singers_2026,281,David Crosby,David Crosby,822309
ranker_best_singers_2026,282,Grace Slick,Grace Slick,1092159
ranker_best_singers_2026,283,Sarah Brightman,Sarah Brightman,1978058
ranker_best_singers_2026,284,Leonard Cohen,Leonard Cohen,1433196
ranker_best_singers_2026,285,Lisa Stansfield,Lisa Stansfield,1454179
ranker_best_singers_2026,286,k.d. lang,k.d. lang,1401623
ranker_best_singers_2026,287,Conway Twitty,Conway Twitty,771977
ranker_best_singers_2026,288,Tim McGraw,Tim McGraw,2248280
ranker_best_singers_2026,289,Agnetha Fältskog,Agnetha Fältskog,410064
ranker_best_singers_2026,290,Jeff Lynne,Jeff Lynne,1279900
ranker_best_singers_2026,291,Mick Hucknall,Mick Hucknall,1579359
ranker_best_singers_2026,292,Jessye Norman,Jessye Norman,1286044
ranker_best_singers_2026,293,Renée Fleming,Renée Fleming,1892720
ranker_best_singers_2026,294,Muddy Waters,Muddy Waters,1627187
ranker_best_singers_2026,295,Björk,Björk,591225
ranker_best_singers_2026,296,Nancy Sinatra,Nancy Sinatra,1645384
ranker_best_singers_2026,297,Stevie Ray Vaughan,Stevie Ray Vaughan,2098688
ranker_best_singers_2026,298,Lauryn Hill,Lauryn Hill,1419114
ranker_best_singers_2026,299,Curtis Mayfield,Curtis Mayfield,796247
ranker_best_singers_2026,300,Brendon Urie,Brendon Urie,624089
ranker_best_singers_2026,301,Harry Chapin,Harry Chapin,1133025
ranker_best_singers_2026,302,Mahalia Jackson,Mahalia Jackson,1500155
ranker_best_singers_2026,303,Chris Martin,Chris Martin,729040
ranker_best_singers_2026,304,Mark Knopfler,Mark Knopfler,1527045
ranker_best_singers_2026,305,David Lee Roth,David Lee Roth,824455
ranker_best_singers_2026,306,Renata Scotto,Renata Scotto,1892255
ranker_best_singers_2026,307,Gene Kelly,Gene Kelly,1052615
ranker_best_singers_2026,308,Debbie Reynolds,Debbie Reynolds,832485
ranker_best_singers_2026,309,Steve Miller,Steve Miller,2097769
ranker_best_singers_2026,310,Amy Grant,Amy Grant,453332
ranker_best_singers_2026,311,Mary Wells,Mary Wells,1536442
ranker_best_singers_2026,312,Melissa Etheridge,Melissa Etheridge,1560831
ranker_best_singers_2026,313,Ellie Goulding,Ellie Goulding,31795866
ranker_best_singers_2026,314,Iggy Pop,Iggy Pop,1209124
ranker_best_singers_2026,315,Crystal Gayle,Crystal Gayle,792136
ranker_best_singers_2026,316,Alan Jackson,Alan Jackson,418945
ranker_best_singers_2026,317,Wynonna Judd,Wynonna Judd,2417145
ranker_best_singers_2026,318,Boy George,Boy George,617662
ranker_best_singers_2026,319,Neil Sedaka,Neil Sedaka,1659913
ranker_best_singers_2026,320,Ricky Martin,Ricky Martin,1908337
ranker_best_singers_2026,321,Elvis Costello,Elvis Costello,932173
ranker_best_singers_2026,322,Marty Robbins,Marty Robbins,1533596
ranker_best_singers_2026,323,Serge Gainsbourg,Serge Gainsbourg,2005039
ranker_best_singers_2026,324,Gregg Allman,Gregg Allman,1102202
ranker_best_singers_2026,325,Vic Damone,Vic Damone,2336202
ranker_best_singers_2026,326,Michael Stipe,Michael Stipe,1576548
ranker_best_singers_2026,327,Nelson Eddy,Nelson Eddy,1660604
ranker_best_singers_2026,328,Fred Astaire,Fred Astaire,1024279
ranker_best_singers_2026,329,Aaron Neville,Aaron Neville,387728
ranker_best_singers_2026,330,Christopher Cross,Christopher Cross,726259
ranker_best_singers_2026,331,Rosemary Clooney,Rosemary Clooney,1938748
ranker_best_singers_2026,332,Jennifer Warnes,Jennifer Warnes,1281693
ranker_best_singers_2026,333,Rufus Wainwright,Rufus Wainwright,1948487
ranker_best_singers_2026,334,Anita Baker,Anita Baker,466402
ranker_best_singers_2026,335,Jack Johnson,Jack Johnson,1253122
ranker_best_singers_2026,336,KT Tunstall,KT Tunstall,1395976
ranker_best_singers_2026,337,Thomas Hampson,Thomas Hampson,2236648
ranker_best_singers_2026,338,Micky Dolenz,Micky Dolenz,1579193
ranker_best_singers_2026,339,George Benson,George Benson,1056236
ranker_best_singers_2026,340,Bo Diddley,Bo Diddley,617879
ranker_best_singers_2026,341,Demi Lovato,Demi Lovato,839320
ranker_best_singers_2026,342,Eric Burdon,Eric Burdon,948746
ranker_best_singers_2026,343,Grace Bumbry,Grace Bumbry,1091982
ranker_best_singers_2026,344,John Mayer,John Mayer,1311074
ranker_best_singers_2026,345,Lawrence Brownlee,Lawrence Brownlee,32614871
ranker_best_singers_2026,346,Woody Guthrie,Woody Guthrie,2409888
ranker_best_singers_2026,347,Barbara Mandrell,Barbara Mandrell,541061
ranker_best_singers_2026,348,Usher,Usher,2313962
ranker_best_singers_2026,349,George Jones,George Jones,1058488
ranker_best_singers_2026,350,Stephen Stills,Stephen Stills,2094239
ranker_best_singers_2026,351,Paul Rodgers,Paul Rodgers,1769581
ranker_best_singers_2026,352,Lou Gramm,Lou Gramm,1478186
ranker_best_singers_2026,353,Darius Rucker,Darius Rucker,815328
ranker_best_singers_2026,354,Pete Townshend,Pete Townshend,1789306
ranker_best_singers_2026,355,Randy Travis,Randy Travis,1873262
ranker_best_singers_2026,356,Isaac Hayes,Isaac Hayes,1238291
ranker_best_singers_2026,357,Jack White,Jack White,1254160
ranker_best_singers_2026,358,Lotte Lehmann,Lotte Lehmann,1474848
ranker_best_singers_2026,359,Bernadette Peters,Bernadette Peters,570744
ranker_best_singers_2026,360,Vince Gill,Vince Gill,2340772
ranker_best_singers_2026,361,Gene Pitney,Gene Pitney,1052741
ranker_best_singers_2026,362,Ginger Rogers,Ginger Rogers,1072034
ranker_best_singers_2026,363,Ringo Starr,Ringo Starr,1911450
ranker_best_singers_2026,364,Donovan,Donovan,877949
ranker_best_singers_2026,365,Keith Urban,Keith Urban,1359137
ranker_best_singers_2026,366,Tori Amos,Tori Amos,2264028
ranker_best_singers_2026,367,Beverly Sills,Beverly Sills,576916
ranker_best_singers_2026,368,Lou Reed,Lou Reed,1478302
ranker_best_singers_2026,369,Minnie Riperton,Minnie Riperton,1594414
ranker_best_singers_2026,370,Charles Aznavour,Charles Aznavour,700822
ranker_best_singers_2026,371,Brian May,Brian May,626391
ranker_best_singers_2026,372,Rita Coolidge,Rita Coolidge,1913194
ranker_best_singers_2026,373,Sammy Hagar,Sammy Hagar,1967075
ranker_best_singers_2026,374,Natalie Merchant,Natalie Merchant,1648972
ranker_best_singers_2026,375,Lorde,Lorde,76992015
ranker_best_singers_2026,376,Dido,Dido,855323
ranker_best_singers_2026,377,Diana Damrau,Diana Damrau,852815
ranker_best_singers_2026,378,Pete Seeger,Pete Seeger,1789238
ranker_best_singers_2026,379,Julie London,Julie London,1333640
ranker_best_singers_2026,380,Paul Robeson,Paul Robeson,1769565
ranker_best_singers_2026,381,Warren Zevon,Warren Zevon,2361112
ranker_best_singers_2026,382,Chris Daughtry,Chris Daughtry,728209
ranker_best_singers_2026,383,Scott Walker,Scott Walker,1991523
ranker_best_singers_2026,384,Sara Bareilles,Sara Bareilles,1978960
ranker_best_singers_2026,385,Robert Smith,Robert Smith,1922686
ranker_best_singers_2026,386,Big Mama Thornton,Big Mama Thornton,581612
ranker_best_singers_2026,387,Robbie Williams,Robbie Williams,1916594
ranker_best_singers_2026,388,Judy Collins,Judy Collins,1331256
ranker_best_singers_2026,389,Joss Stone,Joss Stone,1327103
ranker_best_singers_2026,390,Jimmy Buffett,Jimmy Buffett,1288807
ranker_best_singers_2026,391,Ray Davies,Ray Davies,1878689
ranker_best_singers_2026,392,Mavis Staples,Mavis Staples,1546041
ranker_best_singers_2026,393,Anni-Frid Lyngstad,Anni-Frid Lyngstad,469628
ranker_best_singers_2026,394,Shirley Manson,Shirley Manson,2021276
ranker_best_singers_2026,395,Bryan Ferry,Bryan Ferry,637507
ranker_best_singers_2026,396,Harry Styles,Harry Styles,63446522
ranker_best_singers_2026,397,Charlotte Church,Charlotte Church,706748
ranker_best_singers_2026,398,Dave Matthews,Dave Matthews,820121
ranker_best_singers_2026,399,The Highwaymen,The Highwaymen,6132800
ranker_best_singers_2026,400,Yves Montand,Yves Montand,2435446
ranker_best_singers_2026,401,David Ruffin,David Ruffin,826184
ranker_best_singers_2026,402,Jim Reeves,Jim Reeves,1291575
ranker_best_singers_2026,403,Jonas Kaufmann,Jonas Kaufmann,10372164
ranker_best_singers_2026,404,Graham Nash,Graham Nash,1093192
ranker_best_singers_2026,405,Paula Abdul,Paula Abdul,1765349
ranker_best_singers_2026,406,Brandon Flowers,Brandon Flowers,620654
ranker_best_singers_2026,407,B. J. Thomas,B. J. Thomas,652183
ranker_best_singers_2026,408,Ian Curtis,Ian Curtis,1204151
ranker_best_singers_2026,409,Nick Cave,Nick Cave,1675939
ranker_best_singers_2026,410,Rob Thomas,Rob Thomas,1925586
ranker_best_singers_2026,411,Marie Fredriksson,Marie Fredriksson,1521577
ranker_best_singers_2026,412,Tim Buckley,Tim Buckley,2247630
ranker_best_singers_2026,413,Mel Tormé,Mel Tormé,1562215
ranker_best_singers_2026,414,Patti Smith,Patti Smith,1764384
ranker_best_singers_2026,415,Ricky Nelson,Ricky Nelson,1908356
ranker_best_singers_2026,416,Paul Weller,Paul Weller,1770376
ranker_best_singers_2026,417,Marianne Faithfull,Marianne Faithfull,1519677
ranker_best_singers_2026,418,Peabo Bryson,Peabo Bryson,1772192
ranker_best_singers_2026,419,Bruce Dickinson,Bruce Dickinson,635415
ranker_best_singers_2026,420,Bret Michaels,Bret Michaels,625018
ranker_best_singers_2026,421,Morrissey,Morrissey,1616277
ranker_best_singers_2026,422,Eva Cassidy,Eva Cassidy,963540
ranker_best_singers_2026,423,Patti Page,Patti Page,1764370
ranker_best_singers_2026,424,Rob Halford,Rob Halford,1925171
ranker_best_singers_2026,425,Brad Delp,Brad Delp,619067
ranker_best_singers_2026,426,Ronnie Spector,Ronnie Spector,1935873
ranker_best_singers_2026,427,Florence Welch,Florence Welch,63525773
ranker_best_singers_2026,428,PJ Harvey,PJ Harvey,1810993
ranker_best_singers_2026,429,Astrud Gilberto,Astrud Gilberto,505435
ranker_best_singers_2026,430,Edie Brickell,Edie Brickell,911870
ranker_best_singers_2026,431,Sandy Denny,Sandy Denny,1972056
ranker_best_singers_2026,432,Dolores O'Riordan,Dolores O'Riordan,873284
ranker_best_singers_2026,433,Britney Spears,Britney Spears,631101
ranker_best_singers_2026,434,Arlo Guthrie,Arlo Guthrie,491282
ranker_best_singers_2026,435,Suzanne Vega,Suzanne Vega,2129344
ranker_best_singers_2026,436,Morten Harket,Morten Harket,1616826
ranker_best_singers_2026,437,"""Weird Al"" Yankovic","""Weird Al"" Yankovic",2368952
ranker_best_singers_2026,438,Bessie Smith,Bessie Smith,573757
ranker_best_singers_2026,439,Joe Jackson,Joe Jackson,1297004
ranker_best_singers_2026,440,Lulu,Lulu,1486861
ranker_best_singers_2026,441,Macy Gray,Macy Gray,1495273
ranker_best_singers_2026,442,Natalie Maines,Natalie Maines,1648966
ranker_best_singers_2026,443,Syd Barrett,Syd Barrett,2134406
ranker_best_singers_2026,444,Jerry Garcia,Jerry Garcia,1284104
ranker_best_singers_2026,445,John Lee Hooker,John Lee Hooker,1310164
ranker_best_singers_2026,446,Geddy Lee,Geddy Lee,1049796
ranker_best_singers_2026,447,Françoise Hardy,Françoise Hardy,1016515
ranker_best_singers_2026,448,Alannah Myles,Alannah Myles,418283
ranker_best_singers_2026,449,Gary Moore,Gary Moore,1046314
ranker_best_singers_2026,450,Howlin' Wolf,Howlin' Wolf,1184500
ranker_best_singers_2026,451,Donald Fagen,Donald Fagen,876002
ranker_best_singers_2026,452,Tom Waits,Tom Waits,2259330
ranker_best_singers_2026,453,Siouxsie Sioux,Siouxsie Sioux,2038287
ranker_best_singers_2026,454,Buddy Guy,Buddy Guy,639901
ranker_best_singers_2026,455,Al Martino,Al Martino,444451
ranker_best_singers_2026,456,Sebastian Bach,Sebastian Bach,1995626
ranker_best_singers_2026,457,Fiona Apple,Fiona Apple,992886
ranker_best_singers_2026,458,Samuel Ramey,Samuel Ramey,1968870
ranker_best_singers_2026,459,Layne Staley,Layne Staley,1420900
ranker_best_singers_2026,460,Albert King,Albert King,422070
ranker_best_singers_2026,461,Jason Mraz,Jason Mraz,1272051
ranker_best_singers_2026,462,Diana Krall,Diana Krall,852902
ranker_best_singers_2026,463,Leon Russell,Leon Russell,1434362
ranker_best_singers_2026,464,David Coverdale,David Coverdale,822265
ranker_best_singers_2026,465,Bobby McFerrin,Bobby McFerrin,603183
ranker_best_singers_2026,466,Dave Gahan,Dave Gahan,823073
ranker_best_singers_2026,467,Sonny Boy Williamson II,Sonny Boy Williamson II,2061345
ranker_best_singers_2026,468,Geoff Tate,Geoff Tate,1054548
ranker_best_singers_2026,469,Burton Cummings,Burton Cummings,648182
ranker_best_singers_2026,470,Billie Eilish,Billie Eilish,85373349
ranker_best_singers_2026,471,Country Joe McDonald,Country Joe McDonald,780349
ranker_best_singers_2026,472,Levon Helm,Levon Helm,1440519
ranker_best_singers_2026,473,Greg Lake,Greg Lake,1103331
ranker_best_singers_2026,474,Joan Osborne,Joan Osborne,1293941
ranker_best_singers_2026,475,Paul Stanley,Paul Stanley,1769929
ranker_best_singers_2026,476,Robert Johnson,Robert Johnson,1920475
ranker_best_singers_2026,477,Joan Sutherland,Joan Sutherland,1293991
ranker_best_singers_2026,478,Loreena McKennitt,Loreena McKennitt,1471587
ranker_best_singers_2026,479,Jennifer Lopez,Jennifer Lopez,1281515
ranker_best_singers_2026,480,Kacey Musgraves,Kacey Musgraves,74331002
ranker_best_singers_2026,481,Richie Havens,Richie Havens,1907264
ranker_best_singers_2026,482,Ian Anderson,Ian Anderson,1203922
ranker_best_singers_2026,483,Boz Scaggs,Boz Scaggs,617838
ranker_best_singers_2026,484,Hayley Williams,Hayley Williams,1138814
ranker_best_singers_2026,485,Tupac Shakur,Tupac Shakur,2286941
ranker_best_singers_2026,486,Nick Drake,Nick Drake,1676052
ranker_best_singers_2026,487,Jerry Lewis,Jerry Lewis,1284280
ranker_best_singers_2026,488,Jerry Vale,Jerry Vale,1284582
ranker_best_singers_2026,489,Roger Taylor,Roger Taylor,17207179
ranker_best_singers_2026,490,Big Joe Turner,Big Joe Turner,581463
ranker_best_singers_2026,491,Joe Williams,Joe Williams,1298130
ranker_best_singers_2026,492,Paula Cole,Paula Cole,1765370
ranker_best_singers_2026,493,Paolo Nutini,Paolo Nutini,1752436
ranker_best_singers_2026,494,Corinne Bailey Rae,Corinne Bailey Rae,775106
ranker_best_singers_2026,495,Klaus Meine,Klaus Meine,1383193
ranker_best_singers_2026,496,Ian Gillan,Ian Gillan,1204270
ranker_best_singers_2026,497,Jessica Simpson,Jessica Simpson,1285857
ranker_best_singers_2026,498,Donny Hathaway,Donny Hathaway,877868
ranker_best_singers_2026,499,Anita O'Day,Anita O'Day,466522
ranker_best_singers_2026,500,Thom Yorke,Thom Yorke,2239675
ranker_best_singers_2026,501,Miley Cyrus,Miley Cyrus,1588503
ranker_best_singers_2026,502,Franco Corelli,Franco Corelli,6415864
ranker_best_singers_2026,503,Dorothy Dandridge,Dorothy Dandridge,61981468
ranker_best_singers_2026,504,Jacques Brel,Jacques Brel,1255376
ranker_best_singers_2026,505,Erykah Badu,Erykah Badu,953633
ranker_best_singers_2026,506,Jon Anderson,Jon Anderson,1319619
ranker_best_singers_2026,507,Jussi Björling,Jussi Björling,1336873
ranker_best_singers_2026,508,Mike Patton,Mike Patton,1586268
ranker_best_singers_2026,509,Rosanne Cash,Rosanne Cash,1938057
ranker_best_singers_2026,510,Brandi Carlile,Brandi Carlile,620541
ranker_best_singers_2026,511,R. Kelly,R. Kelly,1955529
ranker_best_singers_2026,512,Sherrill Milnes,Sherrill Milnes,61981548
ranker_best_singers_2026,513,Nico,Nico,1676808
ranker_best_singers_2026,514,Zayn Malik,Zayn Malik,63432498
ranker_best_singers_2026,515,Snoop Dogg,Snoop Dogg,2051727
ranker_best_singers_2026,516,Lightnin' Hopkins,Lightnin' Hopkins,1446962
ranker_best_singers_2026,517,Tarja Turunen,Tarja Turunen,2150769
ranker_best_singers_2026,518,Bobby Bland,Bobby Bland,602699
ranker_best_singers_2026,519,Amos Lee,Amos Lee,451648
ranker_best_singers_2026,520,Margaret Price,Margaret Price,1518700
ranker_best_singers_2026,521,Gerard Way,Gerard Way,9630081
ranker_best_singers_2026,522,Ryan Adams,Ryan Adams,1953601
ranker_best_singers_2026,523,Tori Kelly,Tori Kelly,2264044
ranker_best_singers_2026,524,Barbara Frittoli,Barbara Frittoli,540884
ranker_best_singers_2026,525,Cecilia Bartoli,Cecilia Bartoli,688308
ranker_best_singers_2026,526,Ben Harper,Ben Harper,568472
ranker_best_singers_2026,527,Suzy Bogguss,Suzy Bogguss,2129589
ranker_best_singers_2026,528,Gary Morris,Gary Morris,1046321
ranker_best_singers_2026,529,Peter Breinholt,Peter Breinholt,6306459
ranker_best_singers_2026,530,Koko Taylor,Koko Taylor,1387331
ranker_best_singers_2026,531,Joe Tex,Joe Tex,1297967
ranker_best_singers_2026,532,Justin Bieber,Justin Bieber,32489978
ranker_best_singers_2026,533,Damien Rice,Damien Rice,807086
ranker_best_singers_2026,534,Jimmy Reed,Jimmy Reed,1289561
ranker_best_singers_2026,535,Jacqui McShee,Jacqui McShee,1255953
ranker_best_singers_2026,536,Lara Fabian,Lara Fabian,1412377
ranker_best_singers_2026,537,Sara Watkins,Sara Watkins,1979184
ranker_best_singers_2026,538,Liam Gallagher,Liam Gallagher,1443461
ranker_best_singers_2026,539,Joey Ramone,Joey Ramone,1295933
ranker_best_singers_2026,540,Molly O'Day,Molly O'Day,6276414
ranker_best_singers_2026,541,Feist,Feist,1436435
ranker_best_singers_2026,542,Jackie Evancho,Jackie Evancho,32368327
ranker_best_singers_2026,543,Tom Chaplin,Tom Chaplin,2257435
ranker_best_singers_2026,544,Gretchen Wilson,Gretchen Wilson,1104071
ranker_best_singers_2026,545,Allan Jones,Allan Jones,435117
ranker_best_singers_2026,546,Joe Dassin,Joe Dassin,1296531
ranker_best_singers_2026,547,Mireille Mathieu,Mireille Mathieu,1595827
