final_rank,role,musician_name,normalized_name,source_count,sources,selection_basis,priority_score,rolling_stone_rank,guitar_world_category,guitar_world_category_rank,udiscover_rank,spin_rank,name_variants,notes
1,guitarist,Prince,prince,4,Guitar World | Rolling Stone | SPIN | uDiscover,multi_source_core,0.88153,14,trailblazers,1,46,6,Prince,
2,guitarist,Jimi Hendrix,jimi hendrix,3,Guitar World | Rolling Stone | uDiscover,multi_source_core,0.875,1,rock,2,1,,Jimi Hendrix,
3,guitarist,Chuck Berry,chuck berry,3,Guitar World | Rolling Stone | uDiscover,multi_source_core,0.870618,2,early_innovators,1,2,,Chuck Berry,
4,guitarist,B.B. King,bb king,3,Guitar World | Rolling Stone | uDiscover,multi_source_core,0.857837,8,blues,2,4,,B.B. King | BB King,
5,guitarist,Jimmy Page,jimmy page,3,Guitar World | Rolling Stone | uDiscover,multi_source_core,0.852722,3,rock,3,7,,Jimmy Page,
6,guitarist,Frank Zappa,frank zappa,4,Guitar World | Rolling Stone | SPIN | uDiscover,multi_source_core,0.850032,46,rock,19,43,16,Frank Zappa,
7,guitarist,Jeff Beck,jeff beck,3,Guitar World | Rolling Stone | uDiscover,multi_source_core,0.843957,5,rock,9,9,,Jeff Beck,
8,guitarist,Thurston Moore,thurston moore,4,Guitar World | Rolling Stone | SPIN | uDiscover,multi_source_core,0.836391,57,alternative_indie,13,57,1,Thurston Moore,
9,guitarist,Kurt Cobain,kurt cobain,4,Guitar World | Rolling Stone | SPIN | uDiscover,multi_source_core,0.830861,88,alternative_indie,7,48,4,Kurt Cobain,
10,guitarist,Duane Allman,duane allman,3,Guitar World | Rolling Stone | uDiscover,multi_source_core,0.828802,10,rock,16,12,,Duane Allman,
11,guitarist,Eric Clapton,eric clapton,3,Guitar World | Rolling Stone | uDiscover,multi_source_core,0.82735,35,rock,5,5,,Eric Clapton,
12,guitarist,Tony Iommi,tony iommi,4,Guitar World | Rolling Stone | SPIN | uDiscover,multi_source_core,0.819204,13,metal,1,65,18,Tony Iommi,
13,guitarist,Lee Ranaldo,lee ranaldo,3,Guitar World | Rolling Stone | SPIN,multi_source_core,0.818775,57,alternative_indie,13,,1,Lee Ranaldo,
14,guitarist,Eddie Van Halen,eddie van halen,3,Guitar World | Rolling Stone | uDiscover,multi_source_core,0.817934,4,rock,4,17,,Eddie Van Halen,
15,guitarist,George Harrison,george harrison,3,Guitar World | Rolling Stone | uDiscover,multi_source_core,0.814474,31,rock,20,10,,George Harrison,
16,guitarist,Johnny Ramone,johnny ramone,3,Guitar World | Rolling Stone | SPIN,multi_source_core,0.814151,44,punk,1,,8,Johnny Ramone,
17,guitarist,Brian May,brian may,3,Guitar World | Rolling Stone | uDiscover,multi_source_core,0.809088,33,rock,1,11,,Brian May,
18,guitarist,Kevin Shields,kevin shields,3,Guitar World | Rolling Stone | SPIN,multi_source_core,0.80621,67,alternative_indie,14,,2,Kevin Shields,
19,guitarist,J Mascis,j mascis,3,Guitar World | Rolling Stone | SPIN,multi_source_core,0.791606,74,alternative_indie,6,,5,J Mascis | J. Mascis,
20,guitarist,Wes Montgomery,wes montgomery,3,Guitar World | Rolling Stone | uDiscover,multi_source_core,0.786918,82,jazz_fusion,3,3,,Wes Montgomery,
21,guitarist,Keith Richards,keith richards,3,Guitar World | Rolling Stone | uDiscover,multi_source_core,0.786619,15,rock,18,23,,Keith Richards,
22,guitarist,Stevie Ray Vaughan,stevie ray vaughan,3,Guitar World | Rolling Stone | uDiscover,multi_source_core,0.784978,20,blues,1,22,,Stevie Ray Vaughan,
23,guitarist,Eddie Hazel,eddie hazel,3,Rolling Stone | SPIN | uDiscover,multi_source_core,0.779727,29,,,29,9,Eddie Hazel,
24,guitarist,Jack White,jack white,3,Guitar World | Rolling Stone | SPIN,multi_source_core,0.763067,32,alternative_indie,3,,33,Jack White,
25,guitarist,Jonny Greenwood,jonny greenwood,3,Guitar World | Rolling Stone | SPIN,multi_source_core,0.762124,43,alternative_indie,5,,29,Jonny Greenwood,
26,guitarist,Tom Morello,tom morello,3,Guitar World | Rolling Stone | SPIN,multi_source_core,0.759447,18,alternative_indie,4,,40,Tom Morello,
27,guitarist,Johnny Marr,johnny marr,3,Guitar World | Rolling Stone | SPIN,multi_source_core,0.756648,56,alternative_indie,1,,26,Johnny Marr,
28,guitarist,Neil Young,neil young,3,Rolling Stone | SPIN | uDiscover,multi_source_core,0.756035,30,,,31,20,Neil Young,
29,guitarist,Carlos Santana,carlos santana,3,Guitar World | Rolling Stone | uDiscover,multi_source_core,0.753473,11,rock,11,34,,Carlos Santana,
30,guitarist,Robert Johnson,robert johnson,3,Guitar World | Rolling Stone | uDiscover,multi_source_core,0.745075,16,blues,6,35,,Robert Johnson,
31,guitarist,Buddy Guy,buddy guy,3,Guitar World | Rolling Stone | uDiscover,multi_source_core,0.740787,27,blues,3,33,,Buddy Guy,
32,guitarist,Pete Townshend,pete townshend,3,Guitar World | Rolling Stone | uDiscover,multi_source_core,0.734126,37,rock,21,32,,Pete Townshend,
33,guitarist,Joni Mitchell,joni mitchell,2,Guitar World | Rolling Stone,multi_source_core,0.733936,9,acoustic,3,,,Joni Mitchell,
34,guitarist,Slash,slash,3,Guitar World | Rolling Stone | uDiscover,multi_source_core,0.730042,105,rock,10,13,,Slash,
35,guitarist,Sister Rosetta Tharpe,sister rosetta tharpe,2,Rolling Stone | uDiscover,multi_source_core,0.728088,6,,,6,,Sister Rosetta Tharpe,
36,guitarist,Scotty Moore,scotty moore,3,Guitar World | Rolling Stone | uDiscover,multi_source_core,0.724547,60,early_innovators,4,28,,Scotty Moore,
37,guitarist,Freddie King,freddie king,2,Guitar World | Rolling Stone,multi_source_core,0.713855,19,blues,10,,,Freddie King | Freddy King,
38,guitarist,Randy Rhoads,randy rhoads,2,Guitar World | Rolling Stone,multi_source_core,0.709839,21,metal,3,,,Randy Rhoads,
39,guitarist,Albert King,albert king,2,Guitar World | Rolling Stone,multi_source_core,0.707831,22,blues,4,,,Albert King,
40,guitarist,James Hetfield,james hetfield,2,Guitar World | Rolling Stone,multi_source_core,0.705823,23,metal,4,,,James Hetfield,
41,guitarist,John Fahey,john fahey,2,Rolling Stone | SPIN,multi_source_core,0.705793,40,,,,3,John Fahey,
42,guitarist,Steve Howe,steve howe,3,Guitar World | Rolling Stone | uDiscover,multi_source_core,0.705213,123,rock,23,15,,Steve Howe,
43,guitarist,John Frusciante,john frusciante,2,Guitar World | Rolling Stone,multi_source_core,0.701807,25,alternative_indie,2,,,John Frusciante,
44,guitarist,Robert Fripp,robert fripp,3,Rolling Stone | SPIN | uDiscover,multi_source_core,0.698927,59,,,44,25,Robert Fripp,
45,guitarist,John McLaughlin,john mclaughlin,3,Guitar World | Rolling Stone | SPIN,multi_source_core,0.695129,72,jazz_fusion,4,,44,John McLaughlin,
46,guitarist,Richard Thompson,richard thompson,3,Guitar World | Rolling Stone | uDiscover,multi_source_core,0.687751,63,acoustic,2,38,,Richard Thompson,
47,guitarist,The Edge,the edge,3,Rolling Stone | SPIN | uDiscover,multi_source_core,0.686621,47,,,62,13,The Edge,
48,guitarist,Les Paul,les paul,3,Guitar World | Rolling Stone | uDiscover,multi_source_core,0.686109,68,early_innovators,3,37,,Les Paul,
49,guitarist,Jimmy Nolen,jimmy nolen,2,Rolling Stone | SPIN,multi_source_core,0.685926,12,,,,22,Jimmy Nolen,
50,guitarist,Tom Verlaine,tom verlaine,2,Rolling Stone | SPIN,multi_source_core,0.684648,51,,,,7,Tom Verlaine,
51,guitarist,Steve Cropper,steve cropper,2,Rolling Stone | uDiscover,multi_source_core,0.682175,45,,,8,,Steve Cropper,
52,guitarist,Malcolm Young,malcolm young,2,Guitar World | Rolling Stone,multi_source_core,0.675703,38,rock,13,,,Malcolm Young,
53,guitarist,David Gilmour,david gilmour,3,Guitar World | Rolling Stone | uDiscover,multi_source_core,0.672216,28,rock,6,53,,David Gilmour,
54,guitarist,Chet Atkins,chet atkins,2,Rolling Stone | uDiscover,multi_source_core,0.654415,39,,,18,,Chet Atkins,
55,guitarist,Django Reinhardt,django reinhardt,3,Guitar World | Rolling Stone | uDiscover,multi_source_core,0.650317,70,jazz_fusion,1,47,,Django Reinhardt,
56,guitarist,Nile Rodgers,nile rodgers,2,Rolling Stone | SPIN,multi_source_core,0.642966,7,,,,41,Nile Rodgers,
57,guitarist,PJ Harvey,pj harvey,2,Rolling Stone | SPIN,multi_source_core,0.636151,49,,,,27,PJ Harvey,
58,guitarist,Alex Lifeson,alex lifeson,3,Guitar World | Rolling Stone | uDiscover,multi_source_core,0.635339,58,rock,8,55,,Alex Lifeson,
59,guitarist,Dimebag Darrell,dimebag darrell,3,Guitar World | Rolling Stone | SPIN,multi_source_core,0.630842,131,metal,2,,46,Dimebag Darrell,
60,guitarist,Charlie Christian,charlie christian,2,Rolling Stone | uDiscover,multi_source_core,0.628772,78,,,14,,Charlie Christian,
61,guitarist,Lou Reed,lou reed,2,Rolling Stone | SPIN,multi_source_core,0.621243,89,,,,17,Lou Reed,
62,guitarist,Kerry King,kerry king,2,Rolling Stone | SPIN,multi_source_core,0.617774,100,,,,14,Kerry King,
63,guitarist,Angus Young,angus young,3,Guitar World | Rolling Stone | uDiscover,multi_source_core,0.614878,38,rock,13,67,,Angus Young,
64,guitarist,Sonny Sharrock,sonny sharrock,2,Rolling Stone | SPIN,multi_source_core,0.614154,86,,,,21,Sonny Sharrock,
65,guitarist,Bert Jansch,bert jansch,3,Guitar World | Rolling Stone | SPIN,multi_source_core,0.60781,81,acoustic,1,,75,Bert Jansch,
66,guitarist,Rory Gallagher,rory gallagher,3,Guitar World | Rolling Stone | uDiscover,multi_source_core,0.602328,175,blues,7,30,,Rory Gallagher,
67,guitarist,Mark Knopfler,mark knopfler,3,Guitar World | Rolling Stone | uDiscover,multi_source_core,0.600564,96,rock,12,54,,Mark Knopfler,
68,guitarist,Ritchie Blackmore,ritchie blackmore,3,Guitar World | Rolling Stone | uDiscover,multi_source_core,0.598,75,rock,7,61,,Ritchie Blackmore,
69,guitarist,Elizabeth Cotten,elizabeth cotten,2,Rolling Stone | uDiscover,multi_source_core,0.596616,36,,,36,,Elizabeth Cotten | Elizabeth Cotton,
70,guitarist,Richard Lloyd,richard lloyd,1,SPIN,single_source_editorial,0.594697,,,,,7,Richard Lloyd,
71,guitarist,Bob Mould,bob mould,3,Rolling Stone | SPIN | uDiscover,multi_source_core,0.59424,134,,,51,48,Bob Mould,
72,guitarist,Mother Maybelle Carter,mother maybelle carter,1,Rolling Stone,single_source_editorial,0.592871,17,,,,,Mother Maybelle Carter,
73,guitarist,Link Wray,link wray,2,Rolling Stone | uDiscover,multi_source_core,0.5918,98,,,19,,Link Wray,
74,guitarist,Carrie Brownstein,carrie brownstein,2,Rolling Stone | SPIN,multi_source_core,0.590787,64,,,,39,Carrie Brownstein,
75,guitarist,Adrian Smith,adrian smith,2,Guitar World | Rolling Stone,multi_source_core,0.585341,83,metal,8,,,Adrian Smith,
76,guitarist,Muddy Waters,muddy waters,2,Guitar World | Rolling Stone,multi_source_core,0.583333,84,blues,8,,,Muddy Waters,
77,guitarist,Larry Carlton,larry carlton,2,Guitar World | Rolling Stone,multi_source_core,0.581325,85,jazz_fusion,5,,,Larry Carlton,
78,guitarist,Ron Asheton,ron asheton,2,Rolling Stone | SPIN,multi_source_core,0.576153,149,,,,11,Ron Asheton,
79,guitarist,Andy Gill,andy gill,1,SPIN,single_source_editorial,0.569444,,,,,12,Andy Gill,
80,guitarist,Stephen Malkmus,stephen malkmus,2,Rolling Stone | SPIN,multi_source_core,0.56018,97,,,,38,Stephen Malkmus,
81,guitarist,Jeff Hanneman,jeff hanneman,1,SPIN,single_source_editorial,0.559343,,,,,14,Jeff Hanneman,
82,guitarist,Jerry Garcia,jerry garcia,1,Rolling Stone,single_source_editorial,0.558735,34,,,,,Jerry Garcia,
83,guitarist,Robert Quine,robert quine,2,Rolling Stone | SPIN,multi_source_core,0.558263,114,,,,32,Robert Quine,
84,guitarist,Ali Farka Touré,ali farka toure,2,Rolling Stone | SPIN,multi_source_core,0.555677,104,,,,37,Ali Farka Touré,
85,guitarist,James Burton,james burton,2,Rolling Stone | uDiscover,multi_source_core,0.55461,24,,,52,,James Burton,
86,guitarist,Peter Green,peter green,2,Rolling Stone | uDiscover,multi_source_core,0.55362,62,,,41,,Peter Green,
87,guitarist,Adrian Belew,adrian belew,3,Rolling Stone | SPIN | uDiscover,multi_source_core,0.548211,118,,,59,71,Adrian Belew,
88,guitarist,Billy Gibbons,billy gibbons,2,Guitar World | Rolling Stone,multi_source_core,0.547189,102,rock,15,,,Billy Gibbons,
89,guitarist,Bo Diddley,bo diddley,1,Rolling Stone,single_source_editorial,0.544679,41,,,,,Bo Diddley,
90,guitarist,Sterling Morrison,sterling morrison,1,SPIN,single_source_editorial,0.544192,,,,,17,Sterling Morrison,
91,guitarist,Dick Dale,dick dale,2,Rolling Stone | uDiscover,multi_source_core,0.54168,121,,,27,,Dick Dale,
92,guitarist,Ed O’Brien,ed o brien,1,Rolling Stone,single_source_editorial,0.540663,43,,,,,Ed O’Brien,
93,guitarist,Ry Cooder,ry cooder,2,Rolling Stone | uDiscover,multi_source_core,0.53609,66,,,45,,Ry Cooder,
94,guitarist,Joe Satriani,joe satriani,3,Guitar World | Rolling Stone | uDiscover,multi_source_core,0.535005,94,shred,3,74,,Joe Satriani,
95,guitarist,D. Boon,d boon,2,Rolling Stone | SPIN,multi_source_core,0.533863,171,,,,19,D. Boon,
96,guitarist,Lindsey Buckingham,lindsey buckingham,2,Guitar World | Rolling Stone,multi_source_core,0.531124,110,rock,22,,,Lindsey Buckingham,
97,guitarist,Curtis Mayfield,curtis mayfield,1,Rolling Stone,single_source_editorial,0.530622,48,,,,,Curtis Mayfield,
98,guitarist,Nels Cline,nels cline,2,Rolling Stone | SPIN,multi_source_core,0.529482,115,,,,43,Nels Cline,
99,guitarist,Elmore James,elmore james,1,Rolling Stone,single_source_editorial,0.526606,50,,,,,Elmore James,
100,guitarist,King Sunny Ade,king sunny ade,2,Rolling Stone | SPIN,multi_source_core,0.524979,122,,,,42,King Sunny Ade,
101,guitarist,Martin Carthy,martin carthy,1,uDiscover,single_source_editorial,0.523649,,,,16,,Martin Carthy,
102,guitarist,John Lee Hooker,john lee hooker,1,Rolling Stone,single_source_editorial,0.52259,52,,,,,John Lee Hooker,
103,guitarist,Trey Anastasio,trey anastasio,1,Rolling Stone,single_source_editorial,0.520582,53,,,,,Trey Anastasio,
104,guitarist,Greg Ginn,greg ginn,2,Rolling Stone | SPIN,multi_source_core,0.519867,195,,,,15,Greg Ginn,
105,guitarist,Bonnie Raitt,bonnie raitt,1,Rolling Stone,single_source_editorial,0.518574,54,,,,,Bonnie Raitt,
106,guitarist,Mick Taylor,mick taylor,1,Rolling Stone,single_source_editorial,0.516566,55,,,,,Mick Taylor,
107,guitarist,Joe Walsh,joe walsh,3,Guitar World | Rolling Stone | uDiscover,multi_source_core,0.515752,130,rock,17,69,,Joe Walsh,
108,guitarist,Vernon Reid,vernon reid,2,Rolling Stone | SPIN,multi_source_core,0.514391,42,,,,78,Vernon Reid,
109,guitarist,Robin Guthrie,robin guthrie,1,SPIN,single_source_editorial,0.513889,,,,,23,Robin Guthrie,
110,guitarist,Steve Albini,steve albini,1,SPIN,single_source_editorial,0.508838,,,,,24,Steve Albini,
111,guitarist,Steve Vai,steve vai,3,Guitar World | Rolling Stone | uDiscover,multi_source_core,0.508629,127,shred,1,72,,Steve Vai,
112,guitarist,Kirk Hammett,kirk hammett,2,Rolling Stone | uDiscover,multi_source_core,0.508317,23,,,66,,Kirk Hammett,
113,guitarist,John Mayer,john mayer,1,Rolling Stone,single_source_editorial,0.504518,61,,,,,John Mayer,
114,guitarist,Albert Collins,albert collins,2,Rolling Stone | uDiscover,multi_source_core,0.501777,117,,,40,,Albert Collins,
115,guitarist,Robert White,robert white,1,uDiscover,single_source_editorial,0.496622,,,,20,,Robert White,
116,guitarist,T-Bone Walker,t bone walker,1,Rolling Stone,single_source_editorial,0.496486,65,,,,,T-Bone Walker,
117,guitarist,Nita Strauss,nita strauss,2,Guitar World | Rolling Stone,multi_source_core,0.492972,129,contemporary,1,,,Nita Strauss,
118,guitarist,St. Vincent,st vincent,2,Rolling Stone | SPIN,multi_source_core,0.492576,26,,,,93,Annie Clark | St. Vincent,
119,guitarist,Albert Lee,albert lee,1,uDiscover,single_source_editorial,0.489865,,,,21,,Albert Lee,
120,guitarist,Robbie Robertson,robbie robertson,1,Rolling Stone,single_source_editorial,0.488454,69,,,,,Robbie Robertson,
121,guitarist,Franco Luambo,franco luambo,1,Rolling Stone,single_source_editorial,0.484438,71,,,,,Franco Luambo,
122,guitarist,Clarence White,clarence white,2,Rolling Stone | uDiscover,multi_source_core,0.481412,107,,,49,,Clarence White,
123,guitarist,Hubert Sumlin,hubert sumlin,1,Rolling Stone,single_source_editorial,0.480422,73,,,,,Hubert Sumlin,
124,guitarist,Mick Ronson,mick ronson,2,Rolling Stone | SPIN,multi_source_core,0.47995,109,,,,65,Mick Ronson,
125,guitarist,Joe Perry,joe perry,2,Guitar World | Rolling Stone,multi_source_core,0.478916,136,rock,25,,,Joe Perry,
126,guitarist,King Buzzo,king buzzo,1,SPIN,single_source_editorial,0.478535,,,,,30,King Buzzo,
127,guitarist,Rowland S. Howard,rowland s howard,2,Rolling Stone | SPIN,multi_source_core,0.474413,112,,,,66,Rowland S. Howard,
128,guitarist,Joan Jett,joan jett,1,Rolling Stone,single_source_editorial,0.474398,76,,,,,Joan Jett,
129,guitarist,Derek Bailey,derek bailey,1,SPIN,single_source_editorial,0.473485,,,,,31,Derek Bailey,
130,guitarist,Willie Nelson,willie nelson,1,Rolling Stone,single_source_editorial,0.47239,77,,,,,Willie Nelson,
131,guitarist,Junior Marvin,junior marvin,1,uDiscover,single_source_editorial,0.469595,,,,24,,Junior Marvin,
132,guitarist,Ernie Isley,ernie isley,1,Rolling Stone,single_source_editorial,0.468373,79,,,,,Ernie Isley,
133,guitarist,Johnny Thunders,johnny thunders,2,Rolling Stone | SPIN,multi_source_core,0.463582,158,,,,52,Johnny Thunders,
134,guitarist,Glen Campbell,glen campbell,1,uDiscover,single_source_editorial,0.462838,,,,25,,Glen Campbell,
135,guitarist,Dave Murray,dave murray,1,Rolling Stone,single_source_editorial,0.460341,83,,,,,Dave Murray,
136,guitarist,Justin Broadrick,justin broadrick,2,Rolling Stone | SPIN,multi_source_core,0.459839,207,,,,34,Justin Broadrick,
137,guitarist,Leo Nocentelli,leo nocentelli,2,Rolling Stone | uDiscover,multi_source_core,0.458306,93,,,60,,Leo Nocentelli,
138,guitarist,Kim Thayil,kim thayil,2,Rolling Stone | SPIN,multi_source_core,0.457831,126,,,,67,Kim Thayil,
139,guitarist,John Fogerty,john fogerty,2,Rolling Stone | uDiscover,multi_source_core,0.457031,101,,,58,,John Fogerty,
140,guitarist,George Benson,george benson,1,uDiscover,single_source_editorial,0.456081,,,,26,,George Benson,
141,guitarist,Glenn Branca,glenn branca,2,Rolling Stone | SPIN,multi_source_core,0.454911,227,,,,28,Glenn Branca,
142,guitarist,Pat Metheny,pat metheny,2,Rolling Stone | uDiscover,multi_source_core,0.45486,157,,,42,,Pat Metheny,
143,guitarist,Roger McGuinn,roger mcguinn,2,Rolling Stone | uDiscover,multi_source_core,0.4533,135,,,49,,Roger McGuinn,
144,guitarist,Dr. Know,dr know,1,SPIN,single_source_editorial,0.453283,,,,,35,Dr. Know,
145,guitarist,Poison Ivy,poison ivy,1,Rolling Stone,single_source_editorial,0.452309,87,,,,,Poison Ivy,
146,guitarist,Kelley Deal,kelley deal,2,Rolling Stone | SPIN,multi_source_core,0.451473,160,,,,56,Kelley Deal,
147,guitarist,Kim Deal,kim deal,2,Rolling Stone | SPIN,multi_source_core,0.451473,160,,,,56,Kim Deal,
148,guitarist,Marc Ribot,marc ribot,2,Rolling Stone | SPIN,multi_source_core,0.447091,187,,,,47,Marc Ribot,
149,guitarist,Mdou Moctar,mdou moctar,1,Rolling Stone,single_source_editorial,0.446285,90,,,,,Mdou Moctar,
150,guitarist,Derek Trucks,derek trucks,2,Rolling Stone | uDiscover,multi_source_core,0.444331,80,,,68,,Derek Trucks,
151,guitarist,Cat Coore,cat coore,1,Rolling Stone,single_source_editorial,0.444277,91,,,,,Cat Coore,
152,guitarist,Wata,wata,1,Rolling Stone,single_source_editorial,0.442269,92,,,,,Wata,
153,guitarist,Yvette Young,yvette young,2,Guitar World | Rolling Stone,multi_source_core,0.440763,155,contemporary,10,,,Yvette Young,
154,guitarist,James Blood Ulmer,james blood ulmer,2,Rolling Stone | SPIN,multi_source_core,0.440733,221,,,,36,James Blood Ulmer,
155,guitarist,Billy Corgan,billy corgan,2,Guitar World | SPIN,multi_source_core,0.436869,,alternative_indie,12,,63,Billy Corgan,
156,guitarist,Mary Timony,mary timony,1,Rolling Stone,single_source_editorial,0.436245,95,,,,,Mary Timony,
157,guitarist,Tim Henson,tim henson,2,Guitar World | Rolling Stone,multi_source_core,0.428715,161,contemporary,6,,,Tim Henson,
158,guitarist,Tosin Abasi,tosin abasi,1,Rolling Stone,single_source_editorial,0.428213,99,,,,,Tosin Abasi,
159,guitarist,Nancy Wilson,nancy wilson,1,Rolling Stone,single_source_editorial,0.420181,103,,,,,Nancy Wilson,
160,guitarist,Johnny Winter,johnny winter,2,Guitar World | Rolling Stone,multi_source_core,0.418675,166,blues,9,,,Johnny Winter,
161,guitarist,Warren Haynes,warren haynes,2,Rolling Stone | uDiscover,multi_source_core,0.417684,120,,,64,,Warren Haynes,
162,guitarist,Stone Gossard,stone gossard,2,Rolling Stone | SPIN,multi_source_core,0.414385,124,,,,85,Stone Gossard,
163,guitarist,Peter Buck,peter buck,1,Rolling Stone,single_source_editorial,0.414157,106,,,,,Peter Buck,
164,guitarist,Merle Travis,merle travis,1,Rolling Stone,single_source_editorial,0.410141,108,,,,,Merle Travis,
165,guitarist,Marissa Paternoster,marissa paternoster,2,Rolling Stone | SPIN,multi_source_core,0.408482,150,,,,77,Marissa Paternoster,
166,guitarist,Kelly Johnson,kelly johnson,1,Rolling Stone,single_source_editorial,0.404116,111,,,,,Kelley Johnson,
167,guitarist,Rhys Chatham,rhys chatham,1,SPIN,single_source_editorial,0.402778,,,,,45,Rhys Chatham,
168,guitarist,Fred ‘Sonic’ Smith,fred sonic smith,2,Rolling Stone | SPIN,multi_source_core,0.401363,225,,,,50,Fred ‘Sonic’ Smith | Fred “Sonic” Smith,
169,guitarist,Wayne Kramer,wayne kramer,2,Rolling Stone | SPIN,multi_source_core,0.401363,225,,,,50,Wayne Kramer,
170,guitarist,Allen Collins,allen collins,1,Rolling Stone,single_source_editorial,0.4001,113,,,,,Allen Collins,
171,guitarist,Gary Rossington,gary rossington,1,Rolling Stone,single_source_editorial,0.4001,113,,,,,Gary Rossington,
172,guitarist,Viv Albertine,viv albertine,2,Rolling Stone | SPIN,multi_source_core,0.398229,125,,,,91,Viv Albertine,
173,guitarist,Ana da Silva,ana da silva,1,Rolling Stone,single_source_editorial,0.394076,116,,,,,Ana da Silva,
174,guitarist,Donita Sparks,donita sparks,1,Rolling Stone,single_source_editorial,0.388052,119,,,,,Donita Sparks,
175,guitarist,Greg Sage,greg sage,2,Rolling Stone | SPIN,multi_source_core,0.382743,236,,,,53,Greg Sage,
176,guitarist,Zoot Horn Rollo,zoot horn rollo,1,SPIN,single_source_editorial,0.382576,,,,,49,Zoot Horn Rollo,
177,guitarist,Hank Marvin,hank marvin,2,Guitar World | uDiscover,multi_source_core,0.378378,,early_innovators,2,56,,Hank Marvin,
178,guitarist,Mike McCready,mike mccready,1,Rolling Stone,single_source_editorial,0.378012,124,,,,,Mike McCready,
179,guitarist,Nils Lofgren,nils lofgren,2,Rolling Stone | uDiscover,multi_source_core,0.375231,132,,,73,,Nils Lofgren,
180,guitarist,Jerry Cantrell,jerry cantrell,2,Guitar World | Rolling Stone,multi_source_core,0.37249,189,alternative_indie,11,,,Jerry Cantrell,
181,guitarist,Robbie Basho,robbie basho,1,SPIN,single_source_editorial,0.372475,,,,,51,Robbie Basho,
182,guitarist,Bob Stinson,bob stinson,1,Rolling Stone,single_source_editorial,0.36998,128,,,,,Bob Stinson,
183,guitarist,Big Jim Sullivan,big jim sullivan,1,uDiscover,single_source_editorial,0.368243,,,,39,,Big Jim Sullivan,
184,guitarist,Ira Kaplan,ira kaplan,2,Rolling Stone | SPIN,multi_source_core,0.365005,143,,,,97,Ira Kaplan,
185,guitarist,Robert Cray,robert cray,1,Rolling Stone,single_source_editorial,0.35994,133,,,,,Robert Cray,
186,guitarist,Euronymous,euronymous,1,SPIN,single_source_editorial,0.357323,,,,,54,Euronymous,
187,guitarist,Fred Frith,fred frith,1,SPIN,single_source_editorial,0.352273,,,,,55,Fred Frith,
188,guitarist,Liz Phair,liz phair,1,Rolling Stone,single_source_editorial,0.351908,137,,,,,Liz Phair,
189,guitarist,Christone ‘Kingfish’ Ingram,christone kingfish ingram,2,Guitar World | Rolling Stone,multi_source_core,0.350402,200,contemporary,5,,,Christone ‘Kingfish’ Ingram,
190,guitarist,Teenie Hodges,teenie hodges,1,Rolling Stone,single_source_editorial,0.3499,138,,,,,Teenie Hodges,
191,guitarist,Susan Tedeschi,susan tedeschi,1,Rolling Stone,single_source_editorial,0.347892,139,,,,,Susan Tedeschi,
192,guitarist,Stephen Stills,stephen stills,1,Rolling Stone,single_source_editorial,0.345884,140,,,,,Stephen Stills,
193,guitarist,Marnie Stern,marnie stern,2,Rolling Stone | SPIN,multi_source_core,0.345077,188,,,,87,Marnie Stern,
194,guitarist,Fredrik Thordendal,fredrik thordendal,1,Rolling Stone,single_source_editorial,0.343876,141,,,,,Fredrik Thordendal,
195,guitarist,Doug Martsch,doug martsch,1,SPIN,single_source_editorial,0.342172,,,,,57,Doug Martsch,
196,guitarist,João Gilberto,joao gilberto,1,Rolling Stone,single_source_editorial,0.341867,142,,,,,João Gilberto,
197,guitarist,Eric Johnson,eric johnson,2,Guitar World | Rolling Stone,multi_source_core,0.340361,205,shred,9,,,Eric Johnson,
198,guitarist,Odetta,odetta,1,Rolling Stone,single_source_editorial,0.337851,144,,,,,Odetta,
199,guitarist,Syd Barrett,syd barrett,1,SPIN,single_source_editorial,0.337121,,,,,58,Syd Barrett,
200,guitarist,Josh Homme,josh homme,2,Guitar World | SPIN,multi_source_core,0.335859,,alternative_indie,10,,83,Josh Homme,
201,guitarist,Dickey Betts,dickey betts,1,Rolling Stone,single_source_editorial,0.335843,145,,,,,Dickey Betts,
202,guitarist,Keiji Haino,keiji haino,2,Rolling Stone | SPIN,multi_source_core,0.334124,214,,,,81,Keiji Haino,
203,guitarist,Mike Bloomfield,mike bloomfield,1,Rolling Stone,single_source_editorial,0.333835,146,,,,,Mike Bloomfield,
204,guitarist,Curt Kirkwood,curt kirkwood,1,SPIN,single_source_editorial,0.332071,,,,,59,Curt Kirkwood,
205,guitarist,Memphis Minnie,memphis minnie,1,Rolling Stone,single_source_editorial,0.331827,147,,,,,Memphis Minnie,
206,guitarist,Ike Turner,ike turner,1,Rolling Stone,single_source_editorial,0.329819,148,,,,,Ike Turner,
207,guitarist,Chuck Schuldiner,chuck schuldiner,1,SPIN,single_source_editorial,0.32702,,,,,60,Chuck Schuldiner,
208,guitarist,Steve Hackett,steve hackett,2,Rolling Stone | uDiscover,multi_source_core,0.324677,216,,,63,,Steve Hackett,
209,guitarist,Pete Cosey,pete cosey,1,Rolling Stone,single_source_editorial,0.323795,151,,,,,Pete Cosey,
210,guitarist,Shuggie Otis,shuggie otis,1,SPIN,single_source_editorial,0.32197,,,,,61,Shuggie Otis,
211,guitarist,Ani DiFranco,ani difranco,1,Rolling Stone,single_source_editorial,0.321787,152,,,,,Ani DiFranco,
212,guitarist,Guy Picciotto,guy picciotto,2,Guitar World | SPIN,multi_source_core,0.320707,,punk,4,,86,Guy Picciotto | Guy Pucciotto,
213,guitarist,Ian MacKaye,ian mackaye,2,Guitar World | SPIN,multi_source_core,0.320707,,punk,4,,86,Ian MacKaye,
214,guitarist,Otis Rush,otis rush,1,Rolling Stone,single_source_editorial,0.319779,153,,,,,Otis Rush,
215,guitarist,Bill Frisell,bill frisell,1,Rolling Stone,single_source_editorial,0.317771,154,,,,,Bill Frisell,
216,guitarist,Nick Zinner,nick zinner,2,Rolling Stone | SPIN,multi_source_core,0.316934,211,,,,89,Nick Zinner,
217,guitarist,Tony Maiden,tony maiden,1,SPIN,single_source_editorial,0.316919,,,,,62,Tony Maiden,
218,guitarist,Carl Perkins,carl perkins,1,Rolling Stone,single_source_editorial,0.313755,156,,,,,Carl Perkins,
219,guitarist,Kristin Hersh,kristin hersh,2,SPIN | uDiscover,multi_source_core,0.312346,,,,70,82,Kristin Hersh,
220,guitarist,Glenn Tipton,glenn tipton,2,Guitar World | Rolling Stone,multi_source_core,0.312249,219,metal,10,,,Glenn Tipton,
221,guitarist,K.K. Downing,kk downing,2,Guitar World | Rolling Stone,multi_source_core,0.312249,219,metal,10,,,K.K. Downing | KK Downing,
222,guitarist,John Lennon,john lennon,1,Rolling Stone,single_source_editorial,0.307731,159,,,,,John Lennon,
223,guitarist,Wino,wino,1,SPIN,single_source_editorial,0.306818,,,,,64,Wino,
224,guitarist,Rosinha de Valença,rosinha de valenca,1,Rolling Stone,single_source_editorial,0.301707,162,,,,,Rosinha de Valença,
225,guitarist,Wah Wah Watson,wah wah watson,1,Rolling Stone,single_source_editorial,0.299699,163,,,,,Wah Wah Watson,
226,guitarist,Dave Davies,dave davies,1,Rolling Stone,single_source_editorial,0.297691,164,,,,,Dave Davies,
227,guitarist,Mick Harvey,mick harvey,1,SPIN,single_source_editorial,0.296717,,,,,66,Mick Harvey,
228,guitarist,Rokia Traoré,rokia traore,1,Rolling Stone,single_source_editorial,0.295683,165,,,,,Rokia Traoré,
229,guitarist,Steve Jones,steve jones,2,Guitar World | Rolling Stone,multi_source_core,0.294177,228,punk,2,,,Steve Jones,
230,guitarist,Rick Nielsen,rick nielsen,1,uDiscover,single_source_editorial,0.293919,,,,50,,Rick Nielsen,
231,guitarist,James Williamson,james williamson,1,Rolling Stone,single_source_editorial,0.291667,167,,,,,James Williamson,
232,guitarist,John Cipollina,john cipollina,1,Rolling Stone,single_source_editorial,0.289659,168,,,,,John Cipollina,
233,guitarist,Jessie Mae Hemphill,jessie mae hemphill,1,Rolling Stone,single_source_editorial,0.287651,169,,,,,Jessie Mae Hemphill,
234,guitarist,Ben Weinman,ben weinman,1,SPIN,single_source_editorial,0.286616,,,,,68,Ben Weinman,
235,guitarist,Phil Manzanera,phil manzanera,1,Rolling Stone,single_source_editorial,0.285643,170,,,,,Phil Manzanera,
236,guitarist,Chrissie Hynde,chrissie hynde,1,Rolling Stone,single_source_editorial,0.281627,172,,,,,Chrissie Hynde,
237,guitarist,Eugene Chadbourne,eugene chadbourne,1,SPIN,single_source_editorial,0.281566,,,,,69,Eugene Chadbourne,
238,guitarist,Paul McCartney,paul mccartney,1,Rolling Stone,single_source_editorial,0.279618,173,,,,,Paul McCartney,
239,guitarist,Marty Stuart,marty stuart,1,Rolling Stone,single_source_editorial,0.27761,174,,,,,Marty Stuart,
240,guitarist,Jerry Harrison,jerry harrison,1,SPIN,single_source_editorial,0.276515,,,,,70,Jerry Harrison,
241,guitarist,Sadie Dupuis,sadie dupuis,1,Rolling Stone,single_source_editorial,0.273594,176,,,,,Sadie Dupuis,
242,guitarist,Gabriela Quintero,gabriela quintero,1,Rolling Stone,single_source_editorial,0.271586,177,,,,,Gabriela Quintero,
243,guitarist,Rodrigo Sánchez,rodrigo sanchez,1,Rolling Stone,single_source_editorial,0.271586,177,,,,,Rodrigo Sánchez,
244,guitarist,Skip James,skip james,1,Rolling Stone,single_source_editorial,0.269578,178,,,,,Skip James,
245,guitarist,Ernest Ranglin,ernest ranglin,1,Rolling Stone,single_source_editorial,0.26757,179,,,,,Ernest Ranglin,
246,guitarist,Arto Lindsay,arto lindsay,1,SPIN,single_source_editorial,0.266414,,,,,72,Arto Lindsay,
247,guitarist,Mike Campbell,mike campbell,1,Rolling Stone,single_source_editorial,0.265562,180,,,,,Mike Campbell,
248,guitarist,Larissa Strickland,larissa strickland,1,Rolling Stone,single_source_editorial,0.263554,181,,,,,Larissa Strickland,
249,guitarist,Earl ‘Chinna’ Smith,earl chinna smith,1,Rolling Stone,single_source_editorial,0.261546,182,,,,,Earl ‘Chinna’ Smith,
250,guitarist,Mick Barr,mick barr,1,SPIN,single_source_editorial,0.261364,,,,,73,Mick Barr,
251,guitarist,Roy Buchanan,roy buchanan,1,Rolling Stone,single_source_editorial,0.259538,183,,,,,Roy Buchanan,
252,guitarist,Eldon Shamblin,eldon shamblin,1,Rolling Stone,single_source_editorial,0.25753,184,,,,,Eldon Shamblin,
253,guitarist,Lenny Kaye,lenny kaye,1,SPIN,single_source_editorial,0.256313,,,,,74,Lenny Kaye,
254,guitarist,Peggy Jones,peggy jones,1,Rolling Stone,single_source_editorial,0.255522,185,,,,,Peggy Jones,
255,guitarist,Steve Lukather,steve lukather,1,Rolling Stone,single_source_editorial,0.253514,186,,,,,Steve Lukather,
256,guitarist,Bernard Sumner,bernard sumner,1,SPIN,single_source_editorial,0.246212,,,,,76,Bernard Sumner,
257,guitarist,Lightnin’ Hopkins,lightnin hopkins,1,Rolling Stone,single_source_editorial,0.245482,190,,,,,Lightnin’ Hopkins,
258,guitarist,Chalmers Edward ‘Spanky’ Alford,chalmers edward spanky alford,1,Rolling Stone,single_source_editorial,0.243474,191,,,,,Chalmers Edward ‘Spanky’ Alford,
259,guitarist,Lita Ford,lita ford,1,Rolling Stone,single_source_editorial,0.241466,192,,,,,Lita Ford,
260,guitarist,David Lindley,david lindley,1,Rolling Stone,single_source_editorial,0.239458,193,,,,,David Lindley,
261,guitarist,Brian Robertson,brian robertson,1,Rolling Stone,single_source_editorial,0.23745,194,,,,,Brian Robertson,
262,guitarist,Scott Gorham,scott gorham,1,Rolling Stone,single_source_editorial,0.23745,194,,,,,Scott Gorham,
263,guitarist,James Taylor,james taylor,1,Rolling Stone,single_source_editorial,0.233434,196,,,,,James Taylor,
264,guitarist,Nuno Bettencourt,nuno bettencourt,1,Rolling Stone,single_source_editorial,0.231426,197,,,,,Nuno Bettencourt,
265,guitarist,Duane Denison,duane denison,1,SPIN,single_source_editorial,0.231061,,,,,79,Duane Denison,
266,guitarist,Jerry Reed,jerry reed,1,Rolling Stone,single_source_editorial,0.229418,198,,,,,Jerry Reed,
267,guitarist,Bombino,bombino,1,Rolling Stone,single_source_editorial,0.22741,199,,,,,Bombino,
268,guitarist,Dave Navarro,dave navarro,1,SPIN,single_source_editorial,0.22601,,,,,80,Dave Navarro,
269,guitarist,Garry ‘Diaper Man’ Shider,garry diaper man shider,1,Rolling Stone,single_source_editorial,0.223394,201,,,,,Garry ‘Diaper Man’ Shider,
270,guitarist,Vince Gill,vince gill,1,Rolling Stone,single_source_editorial,0.221386,202,,,,,Vince Gill,
271,guitarist,Grant Green,grant green,1,Rolling Stone,single_source_editorial,0.219378,203,,,,,Grant Green,
272,guitarist,Lynn Taitt,lynn taitt,1,Rolling Stone,single_source_editorial,0.217369,204,,,,,Lynn Taitt,
273,guitarist,Hugh McCracken,hugh mccracken,1,Rolling Stone,single_source_editorial,0.213353,206,,,,,Hugh McCracken,
274,guitarist,Amadou Bagayoko,amadou bagayoko,1,Rolling Stone,single_source_editorial,0.209337,208,,,,,Amadou Bagayoko,
275,guitarist,Gary Clark Jr.,gary clark jr,1,Rolling Stone,single_source_editorial,0.207329,209,,,,,Gary Clark Jr.,
276,guitarist,Lydia Lunch,lydia lunch,1,SPIN,single_source_editorial,0.205808,,,,,84,Lydia Lunch,
277,guitarist,Kaki King,kaki king,1,Rolling Stone,single_source_editorial,0.205321,210,,,,,Kaki King,
278,guitarist,José Feliciano,jose feliciano,1,Rolling Stone,single_source_editorial,0.201305,212,,,,,José Feliciano,
279,guitarist,Lucy Dacus,lucy dacus,1,Rolling Stone,single_source_editorial,0.199297,213,,,,,Lucy Dacus,
280,guitarist,Kurt Vile,kurt vile,1,Rolling Stone,single_source_editorial,0.195281,215,,,,,Kurt Vile,
281,guitarist,Thomas McClary,thomas mcclary,1,Rolling Stone,single_source_editorial,0.191265,217,,,,,Thomas McClary,
282,guitarist,Lzzy Hale,lzzy hale,1,Rolling Stone,single_source_editorial,0.189257,218,,,,,Lzzy Hale,
283,guitarist,Dylan Carlson,dylan carlson,1,SPIN,single_source_editorial,0.185606,,,,,88,Dylan Carlson,
284,guitarist,Courtney Barnett,courtney barnett,1,Rolling Stone,single_source_editorial,0.185241,220,,,,,Courtney Barnett,
285,guitarist,Molly Tuttle,molly tuttle,1,Rolling Stone,single_source_editorial,0.181225,222,,,,,Molly Tuttle,
286,guitarist,Joseph Spence,joseph spence,1,Rolling Stone,single_source_editorial,0.179217,223,,,,,Joseph Spence,
287,guitarist,Marv Tarplin,marv tarplin,1,Rolling Stone,single_source_editorial,0.177209,224,,,,,Marv Tarplin,
288,guitarist,Trey Azagthoth,trey azagthoth,1,SPIN,single_source_editorial,0.175505,,,,,90,Trey Azagthoth,
289,guitarist,El Kempner,el kempner,1,Rolling Stone,single_source_editorial,0.173193,226,,,,,El Kempner,
290,guitarist,Barbara Lynn,barbara lynn,1,Rolling Stone,single_source_editorial,0.167169,229,,,,,Barbara Lynn,
291,guitarist,James Blackshaw,james blackshaw,1,SPIN,single_source_editorial,0.165404,,,,,92,James Blackshaw,
292,guitarist,Gustavo Cerati,gustavo cerati,1,Rolling Stone,single_source_editorial,0.165161,230,,,,,Gustavo Cerati,
293,guitarist,Etta Baker,etta baker,1,Rolling Stone,single_source_editorial,0.163153,231,,,,,Etta Baker,
294,guitarist,David Williams,david williams,1,Rolling Stone,single_source_editorial,0.161145,232,,,,,David Williams,
295,guitarist,H.E.R.,her,1,Rolling Stone,single_source_editorial,0.159137,233,,,,,H.E.R.,
296,guitarist,John McGeoch,john mcgeoch,1,Rolling Stone,single_source_editorial,0.157129,234,,,,,John McGeoch,
297,guitarist,Ibrahim Ag Alhabib,ibrahim ag alhabib,1,SPIN,single_source_editorial,0.155303,,,,,94,Ibrahim Ag Alhabib,
298,guitarist,Laura Marling,laura marling,1,Rolling Stone,single_source_editorial,0.15512,235,,,,,Laura Marling,
299,guitarist,Don Felder,don felder,1,uDiscover,single_source_editorial,0.152027,,,,71,,Don Felder,
300,guitarist,Jennifer Batten,jennifer batten,1,Rolling Stone,single_source_editorial,0.151104,237,,,,,Jennifer Batten,
301,guitarist,Bill Steer,bill steer,1,SPIN,single_source_editorial,0.150253,,,,,95,Bill Steer,
302,guitarist,Doug Gillard,doug gillard,1,Rolling Stone,single_source_editorial,0.149096,238,,,,,Doug Gillard,
303,guitarist,Duane Eddy,duane eddy,1,Rolling Stone,single_source_editorial,0.147088,239,,,,,Duane Eddy,
304,guitarist,David Pajo,david pajo,1,SPIN,single_source_editorial,0.145202,,,,,96,David Pajo,
305,guitarist,Erin Smith,erin smith,1,Rolling Stone,single_source_editorial,0.14508,240,,,,,Erin Smith,
306,guitarist,Keith Urban,keith urban,1,Rolling Stone,single_source_editorial,0.143072,241,,,,,Keith Urban,
307,guitarist,Lindsey Jordan,lindsey jordan,1,Rolling Stone,single_source_editorial,0.141064,242,,,,,Lindsey Jordan,
308,guitarist,Aaron Dessner,aaron dessner,1,Rolling Stone,single_source_editorial,0.139056,243,,,,,Aaron Dessner,
309,guitarist,Bryce Dessner,bryce dessner,1,Rolling Stone,single_source_editorial,0.139056,243,,,,,Bryce Dessner,
310,guitarist,Edilio Paredes,edilio paredes,1,Rolling Stone,single_source_editorial,0.137048,244,,,,,Edilio Paredes,
311,guitarist,Mark Morgan,mark morgan,1,SPIN,single_source_editorial,0.135101,,,,,98,Mark Morgan,
312,guitarist,Leslie West,leslie west,1,Rolling Stone,single_source_editorial,0.13504,245,,,,,Leslie West,
313,guitarist,Paul Simon,paul simon,1,Rolling Stone,single_source_editorial,0.133032,246,,,,,Paul Simon,
314,guitarist,Ricky Wilson,ricky wilson,1,Rolling Stone,single_source_editorial,0.131024,247,,,,,Ricky Wilson,
315,guitarist,Paul Saulnier,paul saulnier,1,SPIN,single_source_editorial,0.130051,,,,,99,Paul Saulnier,
316,guitarist,Robby Krieger,robby krieger,1,Rolling Stone,single_source_editorial,0.129016,248,,,,,Robby Krieger,
317,guitarist,Brittany Howard,brittany howard,1,Rolling Stone,single_source_editorial,0.127008,249,,,,,Brittany Howard,
318,guitarist,Albert Hammond Jr.,albert hammond jr,1,Guitar World,single_source_editorial,0.125,,alternative_indie,15,,,Albert Hammond Jr.,
319,guitarist,Allan Holdsworth,allan holdsworth,1,Guitar World,single_source_editorial,0.125,,jazz_fusion,2,,,Allan Holdsworth,
320,guitarist,Andy Summers,andy summers,1,Rolling Stone,single_source_editorial,0.125,250,,,,,Andy Summers,
321,guitarist,Billie Joe Armstrong,billie joe armstrong,1,Guitar World,single_source_editorial,0.125,,punk,5,,,Billie Joe Armstrong,
322,guitarist,Buckethead,buckethead,1,Guitar World,single_source_editorial,0.125,,shred,6,,,Buckethead,
323,guitarist,Buddy Holly,buddy holly,1,Guitar World,single_source_editorial,0.125,,early_innovators,5,,,Buddy Holly,
324,guitarist,Dave Mustaine,dave mustaine,1,Guitar World,single_source_editorial,0.125,,metal,6,,,Dave Mustaine,
325,guitarist,Erja Lyytinen,erja lyytinen,1,Guitar World,single_source_editorial,0.125,,contemporary,2,,,Erja Lyytinen,
326,guitarist,Gabor Szabo,gabor szabo,1,uDiscover,single_source_editorial,0.125,,,,75,,Gabor Szabo,
327,guitarist,Gary Moore,gary moore,1,Guitar World,single_source_editorial,0.125,,rock,14,,,Gary Moore,
328,guitarist,Graham Coxon,graham coxon,1,Guitar World,single_source_editorial,0.125,,alternative_indie,9,,,Graham Coxon,
329,guitarist,Guthrie Govan,guthrie govan,1,Guitar World,single_source_editorial,0.125,,shred,7,,,Guthrie Govan,
330,guitarist,Ichika Nito,ichika nito,1,Guitar World,single_source_editorial,0.125,,contemporary,8,,,Ichika Nito,
331,guitarist,Jason Becker,jason becker,1,Guitar World,single_source_editorial,0.125,,shred,8,,,Jason Becker,
332,guitarist,Jason Richardson,jason richardson,1,Guitar World,single_source_editorial,0.125,,contemporary,7,,,Jason Richardson,
333,guitarist,Joe Bonamassa,joe bonamassa,1,Guitar World,single_source_editorial,0.125,,blues,5,,,Joe Bonamassa,
334,guitarist,John Petrucci,john petrucci,1,Guitar World,single_source_editorial,0.125,,shred,5,,,John Petrucci,
335,guitarist,Mark Tremonti,mark tremonti,1,Guitar World,single_source_editorial,0.125,,metal,5,,,Mark Tremonti,
336,guitarist,Mateus Asato,mateus asato,1,Guitar World,single_source_editorial,0.125,,contemporary,3,,,Mateus Asato,
337,guitarist,Matt Bellamy,matt bellamy,1,Guitar World,single_source_editorial,0.125,,alternative_indie,8,,,Matt Bellamy,
338,guitarist,Michael Angelo Batio,michael angelo batio,1,Guitar World,single_source_editorial,0.125,,shred,10,,,Michael Angelo Batio,
339,guitarist,Mick Jones,mick jones,1,Guitar World,single_source_editorial,0.125,,punk,3,,,Mick Jones,
340,guitarist,Nick Drake,nick drake,1,Guitar World,single_source_editorial,0.125,,acoustic,4,,,Nick Drake,
341,guitarist,Nick Johnston,nick johnston,1,Guitar World,single_source_editorial,0.125,,contemporary,9,,,Nick Johnston,
342,guitarist,Nick Valensi,nick valensi,1,Guitar World,single_source_editorial,0.125,,alternative_indie,15,,,Nick Valensi,
343,guitarist,Paul Gilbert,paul gilbert,1,Guitar World,single_source_editorial,0.125,,shred,4,,,Paul Gilbert,
344,guitarist,Peter Frampton,peter frampton,1,Guitar World,single_source_editorial,0.125,,rock,24,,,Peter Frampton,
345,guitarist,Plini,plini,1,Guitar World,single_source_editorial,0.125,,contemporary,4,,,Plini,
346,guitarist,Scott LePage,scott lepage,1,Guitar World,single_source_editorial,0.125,,contemporary,6,,,Scott LePage,
347,guitarist,SKRILLEX,skrillex,1,SPIN,single_source_editorial,0.125,,,,,100,SKRILLEX,
348,guitarist,Synyster Gates,synyster gates,1,Guitar World,single_source_editorial,0.125,,metal,9,,,Synyster Gates,
349,guitarist,Yngwie Malmsteen,yngwie malmsteen,1,Guitar World,single_source_editorial,0.125,,shred,2,,,Yngwie Malmsteen,
350,guitarist,Zakk Wylde,zakk wylde,1,Guitar World,single_source_editorial,0.125,,metal,7,,,Zakk Wylde,
