musician_name,normalized_name,source_count,sources,selection_basis,expansion_strength,role_validation,selection_status,rolling_stone_rank,guitar_world_category,guitar_world_category_rank,udiscover_rank,spin_rank,name_variants,notes
Frank Zappa,frank zappa,4,Guitar World | Rolling Stone | SPIN | uDiscover,multi_source_core,,pending,candidate,46,rock,19,43,16,Frank Zappa,
Kurt Cobain,kurt cobain,4,Guitar World | Rolling Stone | SPIN | uDiscover,multi_source_core,,pending,candidate,88,alternative_indie,7,48,4,Kurt Cobain,
Prince,prince,4,Guitar World | Rolling Stone | SPIN | uDiscover,multi_source_core,,pending,candidate,14,trailblazers,1,46,6,Prince,
Thurston Moore,thurston moore,4,Guitar World | Rolling Stone | SPIN | uDiscover,multi_source_core,,pending,candidate,57,alternative_indie,13,57,1,Thurston Moore,
Tony Iommi,tony iommi,4,Guitar World | Rolling Stone | SPIN | uDiscover,multi_source_core,,pending,candidate,13,metal,1,65,18,Tony Iommi,
Adrian Belew,adrian belew,3,Rolling Stone | SPIN | uDiscover,multi_source_core,,pending,candidate,118,,,59,71,Adrian Belew,
Alex Lifeson,alex lifeson,3,Guitar World | Rolling Stone | uDiscover,multi_source_core,,pending,candidate,58,rock,8,55,,Alex Lifeson,
Angus Young,angus young,3,Guitar World | Rolling Stone | uDiscover,multi_source_core,,pending,candidate,38,rock,13,67,,Angus Young,
B.B. King,bb king,3,Guitar World | Rolling Stone | uDiscover,multi_source_core,,pending,candidate,8,blues,2,4,,B.B. King | BB King,
Bert Jansch,bert jansch,3,Guitar World | Rolling Stone | SPIN,multi_source_core,,pending,candidate,81,acoustic,1,,75,Bert Jansch,
Bob Mould,bob mould,3,Rolling Stone | SPIN | uDiscover,multi_source_core,,pending,candidate,134,,,51,48,Bob Mould,
Brian May,brian may,3,Guitar World | Rolling Stone | uDiscover,multi_source_core,,pending,candidate,33,rock,1,11,,Brian May,
Buddy Guy,buddy guy,3,Guitar World | Rolling Stone | uDiscover,multi_source_core,,pending,candidate,27,blues,3,33,,Buddy Guy,
Carlos Santana,carlos santana,3,Guitar World | Rolling Stone | uDiscover,multi_source_core,,pending,candidate,11,rock,11,34,,Carlos Santana,
Chuck Berry,chuck berry,3,Guitar World | Rolling Stone | uDiscover,multi_source_core,,pending,candidate,2,early_innovators,1,2,,Chuck Berry,
David Gilmour,david gilmour,3,Guitar World | Rolling Stone | uDiscover,multi_source_core,,pending,candidate,28,rock,6,53,,David Gilmour,
Dimebag Darrell,dimebag darrell,3,Guitar World | Rolling Stone | SPIN,multi_source_core,,pending,candidate,131,metal,2,,46,Dimebag Darrell,
Django Reinhardt,django reinhardt,3,Guitar World | Rolling Stone | uDiscover,multi_source_core,,pending,candidate,70,jazz_fusion,1,47,,Django Reinhardt,
Duane Allman,duane allman,3,Guitar World | Rolling Stone | uDiscover,multi_source_core,,pending,candidate,10,rock,16,12,,Duane Allman,
Eddie Hazel,eddie hazel,3,Rolling Stone | SPIN | uDiscover,multi_source_core,,pending,candidate,29,,,29,9,Eddie Hazel,
Eddie Van Halen,eddie van halen,3,Guitar World | Rolling Stone | uDiscover,multi_source_core,,pending,candidate,4,rock,4,17,,Eddie Van Halen,
Eric Clapton,eric clapton,3,Guitar World | Rolling Stone | uDiscover,multi_source_core,,pending,candidate,35,rock,5,5,,Eric Clapton,
George Harrison,george harrison,3,Guitar World | Rolling Stone | uDiscover,multi_source_core,,pending,candidate,31,rock,20,10,,George Harrison,
J Mascis,j mascis,3,Guitar World | Rolling Stone | SPIN,multi_source_core,,pending,candidate,74,alternative_indie,6,,5,J Mascis | J. Mascis,
Jack White,jack white,3,Guitar World | Rolling Stone | SPIN,multi_source_core,,pending,candidate,32,alternative_indie,3,,33,Jack White,
Jeff Beck,jeff beck,3,Guitar World | Rolling Stone | uDiscover,multi_source_core,,pending,candidate,5,rock,9,9,,Jeff Beck,
Jimi Hendrix,jimi hendrix,3,Guitar World | Rolling Stone | uDiscover,multi_source_core,,pending,candidate,1,rock,2,1,,Jimi Hendrix,
Jimmy Page,jimmy page,3,Guitar World | Rolling Stone | uDiscover,multi_source_core,,pending,candidate,3,rock,3,7,,Jimmy Page,
Joe Satriani,joe satriani,3,Guitar World | Rolling Stone | uDiscover,multi_source_core,,pending,candidate,94,shred,3,74,,Joe Satriani,
Joe Walsh,joe walsh,3,Guitar World | Rolling Stone | uDiscover,multi_source_core,,pending,candidate,130,rock,17,69,,Joe Walsh,
John McLaughlin,john mclaughlin,3,Guitar World | Rolling Stone | SPIN,multi_source_core,,pending,candidate,72,jazz_fusion,4,,44,John McLaughlin,
Johnny Marr,johnny marr,3,Guitar World | Rolling Stone | SPIN,multi_source_core,,pending,candidate,56,alternative_indie,1,,26,Johnny Marr,
Johnny Ramone,johnny ramone,3,Guitar World | Rolling Stone | SPIN,multi_source_core,,pending,candidate,44,punk,1,,8,Johnny Ramone,
Jonny Greenwood,jonny greenwood,3,Guitar World | Rolling Stone | SPIN,multi_source_core,,pending,candidate,43,alternative_indie,5,,29,Jonny Greenwood,
Keith Richards,keith richards,3,Guitar World | Rolling Stone | uDiscover,multi_source_core,,pending,candidate,15,rock,18,23,,Keith Richards,
Kevin Shields,kevin shields,3,Guitar World | Rolling Stone | SPIN,multi_source_core,,pending,candidate,67,alternative_indie,14,,2,Kevin Shields,
Lee Ranaldo,lee ranaldo,3,Guitar World | Rolling Stone | SPIN,multi_source_core,,pending,candidate,57,alternative_indie,13,,1,Lee Ranaldo,
Les Paul,les paul,3,Guitar World | Rolling Stone | uDiscover,multi_source_core,,pending,candidate,68,early_innovators,3,37,,Les Paul,
Mark Knopfler,mark knopfler,3,Guitar World | Rolling Stone | uDiscover,multi_source_core,,pending,candidate,96,rock,12,54,,Mark Knopfler,
Neil Young,neil young,3,Rolling Stone | SPIN | uDiscover,multi_source_core,,pending,candidate,30,,,31,20,Neil Young,
Pete Townshend,pete townshend,3,Guitar World | Rolling Stone | uDiscover,multi_source_core,,pending,candidate,37,rock,21,32,,Pete Townshend,
Richard Thompson,richard thompson,3,Guitar World | Rolling Stone | uDiscover,multi_source_core,,pending,candidate,63,acoustic,2,38,,Richard Thompson,
Ritchie Blackmore,ritchie blackmore,3,Guitar World | Rolling Stone | uDiscover,multi_source_core,,pending,candidate,75,rock,7,61,,Ritchie Blackmore,
Robert Fripp,robert fripp,3,Rolling Stone | SPIN | uDiscover,multi_source_core,,pending,candidate,59,,,44,25,Robert Fripp,
Robert Johnson,robert johnson,3,Guitar World | Rolling Stone | uDiscover,multi_source_core,,pending,candidate,16,blues,6,35,,Robert Johnson,
Rory Gallagher,rory gallagher,3,Guitar World | Rolling Stone | uDiscover,multi_source_core,,pending,candidate,175,blues,7,30,,Rory Gallagher,
Scotty Moore,scotty moore,3,Guitar World | Rolling Stone | uDiscover,multi_source_core,,pending,candidate,60,early_innovators,4,28,,Scotty Moore,
Slash,slash,3,Guitar World | Rolling Stone | uDiscover,multi_source_core,,pending,candidate,105,rock,10,13,,Slash,
Steve Howe,steve howe,3,Guitar World | Rolling Stone | uDiscover,multi_source_core,,pending,candidate,123,rock,23,15,,Steve Howe,
Steve Vai,steve vai,3,Guitar World | Rolling Stone | uDiscover,multi_source_core,,pending,candidate,127,shred,1,72,,Steve Vai,
Stevie Ray Vaughan,stevie ray vaughan,3,Guitar World | Rolling Stone | uDiscover,multi_source_core,,pending,candidate,20,blues,1,22,,Stevie Ray Vaughan,
The Edge,the edge,3,Rolling Stone | SPIN | uDiscover,multi_source_core,,pending,candidate,47,,,62,13,The Edge,
Tom Morello,tom morello,3,Guitar World | Rolling Stone | SPIN,multi_source_core,,pending,candidate,18,alternative_indie,4,,40,Tom Morello,
Wes Montgomery,wes montgomery,3,Guitar World | Rolling Stone | uDiscover,multi_source_core,,pending,candidate,82,jazz_fusion,3,3,,Wes Montgomery,
Adrian Smith,adrian smith,2,Guitar World | Rolling Stone,multi_source_core,,pending,candidate,83,metal,8,,,Adrian Smith,
Albert Collins,albert collins,2,Rolling Stone | uDiscover,multi_source_core,,pending,candidate,117,,,40,,Albert Collins,
Albert King,albert king,2,Guitar World | Rolling Stone,multi_source_core,,pending,candidate,22,blues,4,,,Albert King,
Ali Farka Touré,ali farka toure,2,Rolling Stone | SPIN,multi_source_core,,pending,candidate,104,,,,37,Ali Farka Touré,
Billy Corgan,billy corgan,2,Guitar World | SPIN,multi_source_core,,pending,candidate,,alternative_indie,12,,63,Billy Corgan,
Billy Gibbons,billy gibbons,2,Guitar World | Rolling Stone,multi_source_core,,pending,candidate,102,rock,15,,,Billy Gibbons,
Carrie Brownstein,carrie brownstein,2,Rolling Stone | SPIN,multi_source_core,,pending,candidate,64,,,,39,Carrie Brownstein,
Charlie Christian,charlie christian,2,Rolling Stone | uDiscover,multi_source_core,,pending,candidate,78,,,14,,Charlie Christian,
Chet Atkins,chet atkins,2,Rolling Stone | uDiscover,multi_source_core,,pending,candidate,39,,,18,,Chet Atkins,
Christone ‘Kingfish’ Ingram,christone kingfish ingram,2,Guitar World | Rolling Stone,multi_source_core,,pending,candidate,200,contemporary,5,,,Christone ‘Kingfish’ Ingram,
Clarence White,clarence white,2,Rolling Stone | uDiscover,multi_source_core,,pending,candidate,107,,,49,,Clarence White,
D. Boon,d boon,2,Rolling Stone | SPIN,multi_source_core,,pending,candidate,171,,,,19,D. Boon,
Derek Trucks,derek trucks,2,Rolling Stone | uDiscover,multi_source_core,,pending,candidate,80,,,68,,Derek Trucks,
Dick Dale,dick dale,2,Rolling Stone | uDiscover,multi_source_core,,pending,candidate,121,,,27,,Dick Dale,
Elizabeth Cotten,elizabeth cotten,2,Rolling Stone | uDiscover,multi_source_core,,pending,candidate,36,,,36,,Elizabeth Cotten | Elizabeth Cotton,
Eric Johnson,eric johnson,2,Guitar World | Rolling Stone,multi_source_core,,pending,candidate,205,shred,9,,,Eric Johnson,
Fred ‘Sonic’ Smith,fred sonic smith,2,Rolling Stone | SPIN,multi_source_core,,pending,candidate,225,,,,50,Fred ‘Sonic’ Smith | Fred “Sonic” Smith,
Freddie King,freddie king,2,Guitar World | Rolling Stone,multi_source_core,,pending,candidate,19,blues,10,,,Freddie King | Freddy King,
Glenn Branca,glenn branca,2,Rolling Stone | SPIN,multi_source_core,,pending,candidate,227,,,,28,Glenn Branca,
Glenn Tipton,glenn tipton,2,Guitar World | Rolling Stone,multi_source_core,,pending,candidate,219,metal,10,,,Glenn Tipton,
Greg Ginn,greg ginn,2,Rolling Stone | SPIN,multi_source_core,,pending,candidate,195,,,,15,Greg Ginn,
Greg Sage,greg sage,2,Rolling Stone | SPIN,multi_source_core,,pending,candidate,236,,,,53,Greg Sage,
Guy Picciotto,guy picciotto,2,Guitar World | SPIN,multi_source_core,,pending,candidate,,punk,4,,86,Guy Picciotto | Guy Pucciotto,
Hank Marvin,hank marvin,2,Guitar World | uDiscover,multi_source_core,,pending,candidate,,early_innovators,2,56,,Hank Marvin,
Ian MacKaye,ian mackaye,2,Guitar World | SPIN,multi_source_core,,pending,candidate,,punk,4,,86,Ian MacKaye,
Ira Kaplan,ira kaplan,2,Rolling Stone | SPIN,multi_source_core,,pending,candidate,143,,,,97,Ira Kaplan,
James Blood Ulmer,james blood ulmer,2,Rolling Stone | SPIN,multi_source_core,,pending,candidate,221,,,,36,James Blood Ulmer,
James Burton,james burton,2,Rolling Stone | uDiscover,multi_source_core,,pending,candidate,24,,,52,,James Burton,
James Hetfield,james hetfield,2,Guitar World | Rolling Stone,multi_source_core,,pending,candidate,23,metal,4,,,James Hetfield,
Jerry Cantrell,jerry cantrell,2,Guitar World | Rolling Stone,multi_source_core,,pending,candidate,189,alternative_indie,11,,,Jerry Cantrell,
Jimmy Nolen,jimmy nolen,2,Rolling Stone | SPIN,multi_source_core,,pending,candidate,12,,,,22,Jimmy Nolen,
Joe Perry,joe perry,2,Guitar World | Rolling Stone,multi_source_core,,pending,candidate,136,rock,25,,,Joe Perry,
John Fahey,john fahey,2,Rolling Stone | SPIN,multi_source_core,,pending,candidate,40,,,,3,John Fahey,
John Fogerty,john fogerty,2,Rolling Stone | uDiscover,multi_source_core,,pending,candidate,101,,,58,,John Fogerty,
John Frusciante,john frusciante,2,Guitar World | Rolling Stone,multi_source_core,,pending,candidate,25,alternative_indie,2,,,John Frusciante,
Johnny Thunders,johnny thunders,2,Rolling Stone | SPIN,multi_source_core,,pending,candidate,158,,,,52,Johnny Thunders,
Johnny Winter,johnny winter,2,Guitar World | Rolling Stone,multi_source_core,,pending,candidate,166,blues,9,,,Johnny Winter,
Joni Mitchell,joni mitchell,2,Guitar World | Rolling Stone,multi_source_core,,pending,candidate,9,acoustic,3,,,Joni Mitchell,
Josh Homme,josh homme,2,Guitar World | SPIN,multi_source_core,,pending,candidate,,alternative_indie,10,,83,Josh Homme,
Justin Broadrick,justin broadrick,2,Rolling Stone | SPIN,multi_source_core,,pending,candidate,207,,,,34,Justin Broadrick,
K.K. Downing,kk downing,2,Guitar World | Rolling Stone,multi_source_core,,pending,candidate,219,metal,10,,,K.K. Downing | KK Downing,
Keiji Haino,keiji haino,2,Rolling Stone | SPIN,multi_source_core,,pending,candidate,214,,,,81,Keiji Haino,
Kelley Deal,kelley deal,2,Rolling Stone | SPIN,multi_source_core,,pending,candidate,160,,,,56,Kelley Deal,
Kerry King,kerry king,2,Rolling Stone | SPIN,multi_source_core,,pending,candidate,100,,,,14,Kerry King,
Kim Deal,kim deal,2,Rolling Stone | SPIN,multi_source_core,,pending,candidate,160,,,,56,Kim Deal,
Kim Thayil,kim thayil,2,Rolling Stone | SPIN,multi_source_core,,pending,candidate,126,,,,67,Kim Thayil,
King Sunny Ade,king sunny ade,2,Rolling Stone | SPIN,multi_source_core,,pending,candidate,122,,,,42,King Sunny Ade,
Kirk Hammett,kirk hammett,2,Rolling Stone | uDiscover,multi_source_core,,pending,candidate,23,,,66,,Kirk Hammett,
Kristin Hersh,kristin hersh,2,SPIN | uDiscover,multi_source_core,,pending,candidate,,,,70,82,Kristin Hersh,
Larry Carlton,larry carlton,2,Guitar World | Rolling Stone,multi_source_core,,pending,candidate,85,jazz_fusion,5,,,Larry Carlton,
Leo Nocentelli,leo nocentelli,2,Rolling Stone | uDiscover,multi_source_core,,pending,candidate,93,,,60,,Leo Nocentelli,
Lindsey Buckingham,lindsey buckingham,2,Guitar World | Rolling Stone,multi_source_core,,pending,candidate,110,rock,22,,,Lindsey Buckingham,
Link Wray,link wray,2,Rolling Stone | uDiscover,multi_source_core,,pending,candidate,98,,,19,,Link Wray,
Lou Reed,lou reed,2,Rolling Stone | SPIN,multi_source_core,,pending,candidate,89,,,,17,Lou Reed,
Malcolm Young,malcolm young,2,Guitar World | Rolling Stone,multi_source_core,,pending,candidate,38,rock,13,,,Malcolm Young,
Marc Ribot,marc ribot,2,Rolling Stone | SPIN,multi_source_core,,pending,candidate,187,,,,47,Marc Ribot,
Marissa Paternoster,marissa paternoster,2,Rolling Stone | SPIN,multi_source_core,,pending,candidate,150,,,,77,Marissa Paternoster,
Marnie Stern,marnie stern,2,Rolling Stone | SPIN,multi_source_core,,pending,candidate,188,,,,87,Marnie Stern,
Mick Ronson,mick ronson,2,Rolling Stone | SPIN,multi_source_core,,pending,candidate,109,,,,65,Mick Ronson,
Muddy Waters,muddy waters,2,Guitar World | Rolling Stone,multi_source_core,,pending,candidate,84,blues,8,,,Muddy Waters,
Nels Cline,nels cline,2,Rolling Stone | SPIN,multi_source_core,,pending,candidate,115,,,,43,Nels Cline,
Nick Zinner,nick zinner,2,Rolling Stone | SPIN,multi_source_core,,pending,candidate,211,,,,89,Nick Zinner,
Nile Rodgers,nile rodgers,2,Rolling Stone | SPIN,multi_source_core,,pending,candidate,7,,,,41,Nile Rodgers,
Nils Lofgren,nils lofgren,2,Rolling Stone | uDiscover,multi_source_core,,pending,candidate,132,,,73,,Nils Lofgren,
Nita Strauss,nita strauss,2,Guitar World | Rolling Stone,multi_source_core,,pending,candidate,129,contemporary,1,,,Nita Strauss,
Pat Metheny,pat metheny,2,Rolling Stone | uDiscover,multi_source_core,,pending,candidate,157,,,42,,Pat Metheny,
Peter Green,peter green,2,Rolling Stone | uDiscover,multi_source_core,,pending,candidate,62,,,41,,Peter Green,
PJ Harvey,pj harvey,2,Rolling Stone | SPIN,multi_source_core,,pending,candidate,49,,,,27,PJ Harvey,
Randy Rhoads,randy rhoads,2,Guitar World | Rolling Stone,multi_source_core,,pending,candidate,21,metal,3,,,Randy Rhoads,
Robert Quine,robert quine,2,Rolling Stone | SPIN,multi_source_core,,pending,candidate,114,,,,32,Robert Quine,
Roger McGuinn,roger mcguinn,2,Rolling Stone | uDiscover,multi_source_core,,pending,candidate,135,,,49,,Roger McGuinn,
Ron Asheton,ron asheton,2,Rolling Stone | SPIN,multi_source_core,,pending,candidate,149,,,,11,Ron Asheton,
Rowland S. Howard,rowland s howard,2,Rolling Stone | SPIN,multi_source_core,,pending,candidate,112,,,,66,Rowland S. Howard,
Ry Cooder,ry cooder,2,Rolling Stone | uDiscover,multi_source_core,,pending,candidate,66,,,45,,Ry Cooder,
Sister Rosetta Tharpe,sister rosetta tharpe,2,Rolling Stone | uDiscover,multi_source_core,,pending,candidate,6,,,6,,Sister Rosetta Tharpe,
Sonny Sharrock,sonny sharrock,2,Rolling Stone | SPIN,multi_source_core,,pending,candidate,86,,,,21,Sonny Sharrock,
St. Vincent,st vincent,2,Rolling Stone | SPIN,multi_source_core,,pending,candidate,26,,,,93,Annie Clark | St. Vincent,
Stephen Malkmus,stephen malkmus,2,Rolling Stone | SPIN,multi_source_core,,pending,candidate,97,,,,38,Stephen Malkmus,
Steve Cropper,steve cropper,2,Rolling Stone | uDiscover,multi_source_core,,pending,candidate,45,,,8,,Steve Cropper,
Steve Hackett,steve hackett,2,Rolling Stone | uDiscover,multi_source_core,,pending,candidate,216,,,63,,Steve Hackett,
Steve Jones,steve jones,2,Guitar World | Rolling Stone,multi_source_core,,pending,candidate,228,punk,2,,,Steve Jones,
Stone Gossard,stone gossard,2,Rolling Stone | SPIN,multi_source_core,,pending,candidate,124,,,,85,Stone Gossard,
Tim Henson,tim henson,2,Guitar World | Rolling Stone,multi_source_core,,pending,candidate,161,contemporary,6,,,Tim Henson,
Tom Verlaine,tom verlaine,2,Rolling Stone | SPIN,multi_source_core,,pending,candidate,51,,,,7,Tom Verlaine,
Vernon Reid,vernon reid,2,Rolling Stone | SPIN,multi_source_core,,pending,candidate,42,,,,78,Vernon Reid,
Viv Albertine,viv albertine,2,Rolling Stone | SPIN,multi_source_core,,pending,candidate,125,,,,91,Viv Albertine,
Warren Haynes,warren haynes,2,Rolling Stone | uDiscover,multi_source_core,,pending,candidate,120,,,64,,Warren Haynes,
Wayne Kramer,wayne kramer,2,Rolling Stone | SPIN,multi_source_core,,pending,candidate,225,,,,50,Wayne Kramer,
Yvette Young,yvette young,2,Guitar World | Rolling Stone,multi_source_core,,pending,candidate,155,contemporary,10,,,Yvette Young,
Richard Lloyd,richard lloyd,1,SPIN,single_source_expansion,0.939394,pending,candidate,,,,,7,Richard Lloyd,
Mother Maybelle Carter,mother maybelle carter,1,Rolling Stone,single_source_expansion,0.935743,pending,candidate,17,,,,,Mother Maybelle Carter,
Jam Master Jay,jam master jay,1,SPIN,single_source_expansion,0.909091,pending,candidate,,,,,10,Jam Master Jay,
Andy Gill,andy gill,1,SPIN,single_source_expansion,0.888889,pending,candidate,,,,,12,Andy Gill,
Erja Lyytinen,erja lyytinen,1,Guitar World,single_source_expansion,0.888889,pending,candidate,,contemporary,2,,,Erja Lyytinen,
Yngwie Malmsteen,yngwie malmsteen,1,Guitar World,single_source_expansion,0.888889,pending,candidate,,shred,2,,,Yngwie Malmsteen,
Jeff Hanneman,jeff hanneman,1,SPIN,single_source_expansion,0.868687,pending,candidate,,,,,14,Jeff Hanneman,
Jerry Garcia,jerry garcia,1,Rolling Stone,single_source_expansion,0.86747,pending,candidate,34,,,,,Jerry Garcia,
Bo Diddley,bo diddley,1,Rolling Stone,single_source_expansion,0.839357,pending,candidate,41,,,,,Bo Diddley,
Sterling Morrison,sterling morrison,1,SPIN,single_source_expansion,0.838384,pending,candidate,,,,,17,Sterling Morrison,
Ed O’Brien,ed o brien,1,Rolling Stone,single_source_expansion,0.831325,pending,candidate,43,,,,,Ed O’Brien,
Curtis Mayfield,curtis mayfield,1,Rolling Stone,single_source_expansion,0.811245,pending,candidate,48,,,,,Curtis Mayfield,
Elmore James,elmore james,1,Rolling Stone,single_source_expansion,0.803213,pending,candidate,50,,,,,Elmore James,
Martin Carthy,martin carthy,1,uDiscover,single_source_expansion,0.797297,pending,candidate,,,,16,,Martin Carthy,
John Lee Hooker,john lee hooker,1,Rolling Stone,single_source_expansion,0.795181,pending,candidate,52,,,,,John Lee Hooker,
Trey Anastasio,trey anastasio,1,Rolling Stone,single_source_expansion,0.791165,pending,candidate,53,,,,,Trey Anastasio,
Bonnie Raitt,bonnie raitt,1,Rolling Stone,single_source_expansion,0.787149,pending,candidate,54,,,,,Bonnie Raitt,
Mick Taylor,mick taylor,1,Rolling Stone,single_source_expansion,0.783133,pending,candidate,55,,,,,Mick Taylor,
Mateus Asato,mateus asato,1,Guitar World,single_source_expansion,0.777778,pending,candidate,,contemporary,3,,,Mateus Asato,
Robin Guthrie,robin guthrie,1,SPIN,single_source_expansion,0.777778,pending,candidate,,,,,23,Robin Guthrie,
Steve Albini,steve albini,1,SPIN,single_source_expansion,0.767677,pending,candidate,,,,,24,Steve Albini,
John Mayer,john mayer,1,Rolling Stone,single_source_expansion,0.759036,pending,candidate,61,,,,,John Mayer,
Allan Holdsworth,allan holdsworth,1,Guitar World,single_source_expansion,0.75,pending,candidate,,jazz_fusion,2,,,Allan Holdsworth,
Robert White,robert white,1,uDiscover,single_source_expansion,0.743243,pending,candidate,,,,20,,Robert White,
T-Bone Walker,t bone walker,1,Rolling Stone,single_source_expansion,0.742972,pending,candidate,65,,,,,T-Bone Walker,
Albert Lee,albert lee,1,uDiscover,single_source_expansion,0.72973,pending,candidate,,,,21,,Albert Lee,
Robbie Robertson,robbie robertson,1,Rolling Stone,single_source_expansion,0.726908,pending,candidate,69,,,,,Robbie Robertson,
Franco Luambo,franco luambo,1,Rolling Stone,single_source_expansion,0.718876,pending,candidate,71,,,,,Franco Luambo,
Hubert Sumlin,hubert sumlin,1,Rolling Stone,single_source_expansion,0.710843,pending,candidate,73,,,,,Hubert Sumlin,
King Buzzo,king buzzo,1,SPIN,single_source_expansion,0.707071,pending,candidate,,,,,30,King Buzzo,
Joan Jett,joan jett,1,Rolling Stone,single_source_expansion,0.698795,pending,candidate,76,,,,,Joan Jett,
Derek Bailey,derek bailey,1,SPIN,single_source_expansion,0.69697,pending,candidate,,,,,31,Derek Bailey,
Willie Nelson,willie nelson,1,Rolling Stone,single_source_expansion,0.694779,pending,candidate,77,,,,,Willie Nelson,
Junior Marvin,junior marvin,1,uDiscover,single_source_expansion,0.689189,pending,candidate,,,,24,,Junior Marvin,
Ernie Isley,ernie isley,1,Rolling Stone,single_source_expansion,0.686747,pending,candidate,79,,,,,Ernie Isley,
Glen Campbell,glen campbell,1,uDiscover,single_source_expansion,0.675676,pending,candidate,,,,25,,Glen Campbell,
Dave Murray,dave murray,1,Rolling Stone,single_source_expansion,0.670683,pending,candidate,83,,,,,Dave Murray,
Paul Gilbert,paul gilbert,1,Guitar World,single_source_expansion,0.666667,pending,candidate,,shred,4,,,Paul Gilbert,
Plini,plini,1,Guitar World,single_source_expansion,0.666667,pending,candidate,,contemporary,4,,,Plini,
George Benson,george benson,1,uDiscover,single_source_expansion,0.662162,pending,candidate,,,,26,,George Benson,
Dr. Know,dr know,1,SPIN,single_source_expansion,0.656566,pending,candidate,,,,,35,Dr. Know,
Poison Ivy,poison ivy,1,Rolling Stone,single_source_expansion,0.654618,pending,candidate,87,,,,,Poison Ivy,
Mdou Moctar,mdou moctar,1,Rolling Stone,single_source_expansion,0.64257,pending,candidate,90,,,,,Mdou Moctar,
Cat Coore,cat coore,1,Rolling Stone,single_source_expansion,0.638554,pending,candidate,91,,,,,Cat Coore,
Wata,wata,1,Rolling Stone,single_source_expansion,0.634538,pending,candidate,92,,,,,Wata,
Mary Timony,mary timony,1,Rolling Stone,single_source_expansion,0.62249,pending,candidate,95,,,,,Mary Timony,
Tosin Abasi,tosin abasi,1,Rolling Stone,single_source_expansion,0.606426,pending,candidate,99,,,,,Tosin Abasi,
Nancy Wilson,nancy wilson,1,Rolling Stone,single_source_expansion,0.590361,pending,candidate,103,,,,,Nancy Wilson,
Peter Buck,peter buck,1,Rolling Stone,single_source_expansion,0.578313,pending,candidate,106,,,,,Peter Buck,
Merle Travis,merle travis,1,Rolling Stone,single_source_expansion,0.570281,pending,candidate,108,,,,,Merle Travis,
Kelly Johnson,kelly johnson,1,Rolling Stone,single_source_expansion,0.558233,pending,candidate,111,,,,,Kelley Johnson,
Joe Bonamassa,joe bonamassa,1,Guitar World,single_source_expansion,0.555556,pending,candidate,,blues,5,,,Joe Bonamassa,
John Petrucci,john petrucci,1,Guitar World,single_source_expansion,0.555556,pending,candidate,,shred,5,,,John Petrucci,
Mark Tremonti,mark tremonti,1,Guitar World,single_source_expansion,0.555556,pending,candidate,,metal,5,,,Mark Tremonti,
Rhys Chatham,rhys chatham,1,SPIN,single_source_expansion,0.555556,pending,candidate,,,,,45,Rhys Chatham,
Allen Collins,allen collins,1,Rolling Stone,single_source_expansion,0.550201,pending,candidate,113,,,,,Allen Collins,
Gary Rossington,gary rossington,1,Rolling Stone,single_source_expansion,0.550201,pending,candidate,113,,,,,Gary Rossington,
Ana da Silva,ana da silva,1,Rolling Stone,single_source_expansion,0.538153,pending,candidate,116,,,,,Ana da Silva,
Donita Sparks,donita sparks,1,Rolling Stone,single_source_expansion,0.526104,pending,candidate,119,,,,,Donita Sparks,
Zoot Horn Rollo,zoot horn rollo,1,SPIN,single_source_expansion,0.515152,pending,candidate,,,,,49,Zoot Horn Rollo,
Mike McCready,mike mccready,1,Rolling Stone,single_source_expansion,0.506024,pending,candidate,124,,,,,Mike McCready,
Matt Bellamy,matt bellamy,1,Guitar World,single_source_expansion,0.5,pending,candidate,,alternative_indie,8,,,Matt Bellamy,
Mick Jones,mick jones,1,Guitar World,single_source_expansion,0.5,pending,candidate,,punk,3,,,Mick Jones,
Robbie Basho,robbie basho,1,SPIN,single_source_expansion,0.494949,pending,candidate,,,,,51,Robbie Basho,
Bob Stinson,bob stinson,1,Rolling Stone,single_source_expansion,0.48996,pending,candidate,128,,,,,Bob Stinson,
Big Jim Sullivan,big jim sullivan,1,uDiscover,single_source_expansion,0.486486,pending,candidate,,,,39,,Big Jim Sullivan,
Robert Cray,robert cray,1,Rolling Stone,single_source_expansion,0.46988,pending,candidate,133,,,,,Robert Cray,
Euronymous,euronymous,1,SPIN,single_source_expansion,0.464646,pending,candidate,,,,,54,Euronymous,
Gary Moore,gary moore,1,Guitar World,single_source_expansion,0.458333,pending,candidate,,rock,14,,,Gary Moore,
Fred Frith,fred frith,1,SPIN,single_source_expansion,0.454545,pending,candidate,,,,,55,Fred Frith,
Liz Phair,liz phair,1,Rolling Stone,single_source_expansion,0.453815,pending,candidate,137,,,,,Liz Phair,
Teenie Hodges,teenie hodges,1,Rolling Stone,single_source_expansion,0.449799,pending,candidate,138,,,,,Teenie Hodges,
Susan Tedeschi,susan tedeschi,1,Rolling Stone,single_source_expansion,0.445783,pending,candidate,139,,,,,Susan Tedeschi,
Buckethead,buckethead,1,Guitar World,single_source_expansion,0.444444,pending,candidate,,shred,6,,,Buckethead,
Dave Mustaine,dave mustaine,1,Guitar World,single_source_expansion,0.444444,pending,candidate,,metal,6,,,Dave Mustaine,
Scott LePage,scott lepage,1,Guitar World,single_source_expansion,0.444444,pending,candidate,,contemporary,6,,,Scott LePage,
Stephen Stills,stephen stills,1,Rolling Stone,single_source_expansion,0.441767,pending,candidate,140,,,,,Stephen Stills,
Fredrik Thordendal,fredrik thordendal,1,Rolling Stone,single_source_expansion,0.437751,pending,candidate,141,,,,,Fredrik Thordendal,
Doug Martsch,doug martsch,1,SPIN,single_source_expansion,0.434343,pending,candidate,,,,,57,Doug Martsch,
João Gilberto,joao gilberto,1,Rolling Stone,single_source_expansion,0.433735,pending,candidate,142,,,,,João Gilberto,
Graham Coxon,graham coxon,1,Guitar World,single_source_expansion,0.428571,pending,candidate,,alternative_indie,9,,,Graham Coxon,
Odetta,odetta,1,Rolling Stone,single_source_expansion,0.425703,pending,candidate,144,,,,,Odetta,
Syd Barrett,syd barrett,1,SPIN,single_source_expansion,0.424242,pending,candidate,,,,,58,Syd Barrett,
Dickey Betts,dickey betts,1,Rolling Stone,single_source_expansion,0.421687,pending,candidate,145,,,,,Dickey Betts,
Mike Bloomfield,mike bloomfield,1,Rolling Stone,single_source_expansion,0.417671,pending,candidate,146,,,,,Mike Bloomfield,
Curt Kirkwood,curt kirkwood,1,SPIN,single_source_expansion,0.414141,pending,candidate,,,,,59,Curt Kirkwood,
Memphis Minnie,memphis minnie,1,Rolling Stone,single_source_expansion,0.413655,pending,candidate,147,,,,,Memphis Minnie,
Ike Turner,ike turner,1,Rolling Stone,single_source_expansion,0.409639,pending,candidate,148,,,,,Ike Turner,
Chuck Schuldiner,chuck schuldiner,1,SPIN,single_source_expansion,0.40404,pending,candidate,,,,,60,Chuck Schuldiner,
Pete Cosey,pete cosey,1,Rolling Stone,single_source_expansion,0.39759,pending,candidate,151,,,,,Pete Cosey,
Shuggie Otis,shuggie otis,1,SPIN,single_source_expansion,0.393939,pending,candidate,,,,,61,Shuggie Otis,
Ani DiFranco,ani difranco,1,Rolling Stone,single_source_expansion,0.393574,pending,candidate,152,,,,,Ani DiFranco,
Otis Rush,otis rush,1,Rolling Stone,single_source_expansion,0.389558,pending,candidate,153,,,,,Otis Rush,
Bill Frisell,bill frisell,1,Rolling Stone,single_source_expansion,0.385542,pending,candidate,154,,,,,Bill Frisell,
Tony Maiden,tony maiden,1,SPIN,single_source_expansion,0.383838,pending,candidate,,,,,62,Tony Maiden,
Carl Perkins,carl perkins,1,Rolling Stone,single_source_expansion,0.37751,pending,candidate,156,,,,,Carl Perkins,
John Lennon,john lennon,1,Rolling Stone,single_source_expansion,0.365462,pending,candidate,159,,,,,John Lennon,
Wino,wino,1,SPIN,single_source_expansion,0.363636,pending,candidate,,,,,64,Wino,
Rosinha de Valença,rosinha de valenca,1,Rolling Stone,single_source_expansion,0.353414,pending,candidate,162,,,,,Rosinha de Valença,
Wah Wah Watson,wah wah watson,1,Rolling Stone,single_source_expansion,0.349398,pending,candidate,163,,,,,Wah Wah Watson,
Dave Davies,dave davies,1,Rolling Stone,single_source_expansion,0.345382,pending,candidate,164,,,,,Dave Davies,
Mick Harvey,mick harvey,1,SPIN,single_source_expansion,0.343434,pending,candidate,,,,,66,Mick Harvey,
Rokia Traoré,rokia traore,1,Rolling Stone,single_source_expansion,0.341365,pending,candidate,165,,,,,Rokia Traoré,
Rick Nielsen,rick nielsen,1,uDiscover,single_source_expansion,0.337838,pending,candidate,,,,50,,Rick Nielsen,
Guthrie Govan,guthrie govan,1,Guitar World,single_source_expansion,0.333333,pending,candidate,,shred,7,,,Guthrie Govan,
James Williamson,james williamson,1,Rolling Stone,single_source_expansion,0.333333,pending,candidate,167,,,,,James Williamson,
Jason Richardson,jason richardson,1,Guitar World,single_source_expansion,0.333333,pending,candidate,,contemporary,7,,,Jason Richardson,
Zakk Wylde,zakk wylde,1,Guitar World,single_source_expansion,0.333333,pending,candidate,,metal,7,,,Zakk Wylde,
John Cipollina,john cipollina,1,Rolling Stone,single_source_expansion,0.329317,pending,candidate,168,,,,,John Cipollina,
Jessie Mae Hemphill,jessie mae hemphill,1,Rolling Stone,single_source_expansion,0.325301,pending,candidate,169,,,,,Jessie Mae Hemphill,
Ben Weinman,ben weinman,1,SPIN,single_source_expansion,0.323232,pending,candidate,,,,,68,Ben Weinman,
Phil Manzanera,phil manzanera,1,Rolling Stone,single_source_expansion,0.321285,pending,candidate,170,,,,,Phil Manzanera,
Chrissie Hynde,chrissie hynde,1,Rolling Stone,single_source_expansion,0.313253,pending,candidate,172,,,,,Chrissie Hynde,
Eugene Chadbourne,eugene chadbourne,1,SPIN,single_source_expansion,0.313131,pending,candidate,,,,,69,Eugene Chadbourne,
Paul McCartney,paul mccartney,1,Rolling Stone,single_source_expansion,0.309237,pending,candidate,173,,,,,Paul McCartney,
Marty Stuart,marty stuart,1,Rolling Stone,single_source_expansion,0.305221,pending,candidate,174,,,,,Marty Stuart,
Jerry Harrison,jerry harrison,1,SPIN,single_source_expansion,0.30303,pending,candidate,,,,,70,Jerry Harrison,
