final_rank,role,musician_name,normalized_name,source_count,sources,selection_basis,priority_score,billboard_vibe_rank,hiphop_golden_age_rank,beats_rhymes_lists_rank,ranker_rank,name_variants,source_entity_ids,notes
1,mc,Nas,nas,4,"Billboard/VIBE, Hip Hop Golden Age, Beats, Rhymes & Lists, Ranker",multi_source_core,0.987835,3,3,1,5,Nas,ranker:1647889,
2,mc,Rakim,rakim,4,"Billboard/VIBE, Hip Hop Golden Age, Beats, Rhymes & Lists, Ranker",multi_source_core,0.952888,13,2,7,14,Rakim,ranker:1869033,
3,mc,Tupac Shakur,tupac shakur,4,"Billboard/VIBE, Hip Hop Golden Age, Beats, Rhymes & Lists, Ranker",multi_source_core,0.951066,4,16,3,2,2Pac | Tupac | Tupac Shakur,ranker:2286941,
4,mc,Jay-Z,jay z,4,"Billboard/VIBE, Hip Hop Golden Age, Beats, Rhymes & Lists, Ranker",multi_source_core,0.950958,1,18,2,10,JAY-Z | Jay-Z,ranker:1273519,
5,mc,The Notorious B.I.G.,the notorious big,4,"Billboard/VIBE, Hip Hop Golden Age, Beats, Rhymes & Lists, Ranker",multi_source_core,0.932462,6,20,6,1,Biggie | Notorious B.I.G. | The Notorious B.I.G.,ranker:2210754,
6,mc,Eminem,eminem,4,"Billboard/VIBE, Hip Hop Golden Age, Beats, Rhymes & Lists, Ranker",multi_source_core,0.932254,5,21,5,4,Eminem,ranker:937841,
7,mc,André 3000,andre 3000,4,"Billboard/VIBE, Hip Hop Golden Age, Beats, Rhymes & Lists, Ranker",multi_source_core,0.928515,12,15,4,9,Andre 3000 | André 3000,ranker:460347,
8,mc,Ice Cube,ice cube,4,"Billboard/VIBE, Hip Hop Golden Age, Beats, Rhymes & Lists, Ranker",multi_source_core,0.916792,18,12,8,7,Ice Cube,ranker:1206369,
9,mc,LL Cool J,ll cool j,4,"Billboard/VIBE, Hip Hop Golden Age, Beats, Rhymes & Lists, Ranker",multi_source_core,0.90696,14,9,21,30,LL Cool J,ranker:1463379,
10,mc,KRS-One,krs one,4,"Billboard/VIBE, Hip Hop Golden Age, Beats, Rhymes & Lists, Ranker",multi_source_core,0.902794,24,1,9,59,KRS-One,ranker:1394745,
11,mc,Scarface,scarface,4,"Billboard/VIBE, Hip Hop Golden Age, Beats, Rhymes & Lists, Ranker",multi_source_core,0.893586,16,17,11,31,Scarface,ranker:1984897,
12,mc,Big Daddy Kane,big daddy kane,4,"Billboard/VIBE, Hip Hop Golden Age, Beats, Rhymes & Lists, Ranker",multi_source_core,0.882358,20,6,22,62,Big Daddy Kane,ranker:581022,
13,mc,Kendrick Lamar,kendrick lamar,4,"Billboard/VIBE, Hip Hop Golden Age, Beats, Rhymes & Lists, Ranker",multi_source_core,0.875411,2,44,10,3,Kendrick Lamar,ranker:62130966,
14,mc,Black Thought,black thought,4,"Billboard/VIBE, Hip Hop Golden Age, Beats, Rhymes & Lists, Ranker",multi_source_core,0.864824,28,4,16,82,Black Thought,ranker:594444,
15,mc,Ghostface Killah,ghostface killah,4,"Billboard/VIBE, Hip Hop Golden Age, Beats, Rhymes & Lists, Ranker",multi_source_core,0.856204,22,24,19,19,Ghostface Killah,ranker:1067962,
16,mc,Snoop Dogg,snoop dogg,4,"Billboard/VIBE, Hip Hop Golden Age, Beats, Rhymes & Lists, Ranker",multi_source_core,0.836267,9,40,33,8,Snoop Dogg,ranker:2051727,
17,mc,Chuck D,chuck d,4,"Billboard/VIBE, Hip Hop Golden Age, Beats, Rhymes & Lists, Ranker",multi_source_core,0.829094,34,8,14,108,Chuck D,ranker:732803,
18,mc,Lil Wayne,lil wayne,3,"Billboard/VIBE, Beats, Rhymes & Lists, Ranker",multi_source_core,0.826547,7,,13,13,Lil Wayne,ranker:900679,
19,mc,Drake,drake,3,"Billboard/VIBE, Beats, Rhymes & Lists, Ranker",multi_source_core,0.809222,8,,17,24,Drake,ranker:510514,
20,mc,Redman,redman,4,"Billboard/VIBE, Hip Hop Golden Age, Beats, Rhymes & Lists, Ranker",multi_source_core,0.800932,42,23,24,20,Redman,ranker:1883526,
21,mc,MF DOOM,mf doom,3,"Hip Hop Golden Age, Beats, Rhymes & Lists, Ranker",multi_source_core,0.792834,,14,15,23,MF DOOM | MF Doom,ranker:809773,
22,mc,Q-Tip,q tip,4,"Billboard/VIBE, Hip Hop Golden Age, Beats, Rhymes & Lists, Ranker",multi_source_core,0.787594,27,31,39,45,Q-Tip,ranker:9650505,
23,mc,Common,common,4,"Billboard/VIBE, Hip Hop Golden Age, Beats, Rhymes & Lists, Ranker",multi_source_core,0.78666,37,25,27,57,Common,ranker:761668,
24,mc,Kanye West,kanye west,3,"Billboard/VIBE, Beats, Rhymes & Lists, Ranker",multi_source_core,0.778895,11,,34,11,Kanye West,ranker:1347110,
25,mc,Busta Rhymes,busta rhymes,4,"Billboard/VIBE, Hip Hop Golden Age, Beats, Rhymes & Lists, Ranker",multi_source_core,0.771164,33,36,36,29,Busta Rhymes,ranker:649261,
26,mc,J. Cole,j cole,3,"Billboard/VIBE, Beats, Rhymes & Lists, Ranker",multi_source_core,0.768003,15,,32,12,J. Cole,ranker:32493281,
27,mc,50 Cent,50 cent,3,"Billboard/VIBE, Beats, Rhymes & Lists, Ranker",multi_source_core,0.754189,17,,35,15,50 Cent,ranker:366178,
28,mc,DMX,dmx,3,"Billboard/VIBE, Beats, Rhymes & Lists, Ranker",multi_source_core,0.751061,21,,28,17,DMX,ranker:870228,
29,mc,Method Man,method man,3,"Billboard/VIBE, Beats, Rhymes & Lists, Ranker",multi_source_core,0.75027,25,,20,18,Method Man,ranker:1569101,
30,mc,Big Pun,big pun,4,"Billboard/VIBE, Hip Hop Golden Age, Beats, Rhymes & Lists, Ranker",multi_source_core,0.749161,26,42,57,25,Big Pun,ranker:581817,
31,mc,Kool G Rap,kool g rap,3,"Hip Hop Golden Age, Beats, Rhymes & Lists, Ranker",multi_source_core,0.73643,,7,18,138,Kool G Rap,ranker:1389329,
32,mc,Ice-T,ice t,4,"Billboard/VIBE, Hip Hop Golden Age, Beats, Rhymes & Lists, Ranker",multi_source_core,0.727437,45,10,83,70,Ice T | Ice-T,ranker:1206533,
33,mc,Pusha T,pusha t,3,"Billboard/VIBE, Beats, Rhymes & Lists, Ranker",multi_source_core,0.705648,29,,26,50,Pusha T,ranker:62039562,
34,mc,Yasiin Bey,yasiin bey,4,"Billboard/VIBE, Hip Hop Golden Age, Beats, Rhymes & Lists, Ranker",multi_source_core,0.703651,36,48,58,32,Mos Def | Yasiin Bey,ranker:1618391,
35,mc,Missy Elliott,missy elliott,3,"Billboard/VIBE, Beats, Rhymes & Lists, Ranker",multi_source_core,0.670282,19,,61,66,Missy Elliott,ranker:1598133,
36,mc,Raekwon,raekwon,2,"Beats, Rhymes & Lists, Ranker",multi_source_core,0.667974,,,23,28,Raekwon,ranker:1865340,
37,mc,GZA,gza,3,"Hip Hop Golden Age, Beats, Rhymes & Lists, Ranker",multi_source_core,0.667622,,33,44,41,GZA,ranker:1116381,
38,mc,Guru,guru,3,"Hip Hop Golden Age, Beats, Rhymes & Lists, Ranker",multi_source_core,0.658585,,13,56,128,Guru,ranker:1113097,
39,mc,Lupe Fiasco,lupe fiasco,3,"Hip Hop Golden Age, Beats, Rhymes & Lists, Ranker",multi_source_core,0.65376,,41,12,103,Lupe Fiasco,ranker:1487978,
40,mc,Big L,big l,3,"Hip Hop Golden Age, Beats, Rhymes & Lists, Ranker",multi_source_core,0.651868,,39,49,21,Big L,ranker:581531,
41,mc,Lauryn Hill,lauryn hill,3,"Billboard/VIBE, Beats, Rhymes & Lists, Ranker",multi_source_core,0.651623,30,,65,27,Lauryn Hill,ranker:1419114,
42,mc,Pharoahe Monch,pharoahe monch,3,"Hip Hop Golden Age, Beats, Rhymes & Lists, Ranker",multi_source_core,0.637501,,11,45,199,Pharoahe Monch,ranker:9641592,
43,mc,T.I.,ti,3,"Billboard/VIBE, Beats, Rhymes & Lists, Ranker",multi_source_core,0.631134,32,,51,84,T.I.,ranker:142642,
44,mc,Ludacris,ludacris,3,"Billboard/VIBE, Beats, Rhymes & Lists, Ranker",multi_source_core,0.627428,39,,41,79,Ludacris,ranker:1484229,
45,mc,Masta Ace,masta ace,3,"Hip Hop Golden Age, Beats, Rhymes & Lists, Ranker",multi_source_core,0.622645,,22,25,216,Masta Ace,ranker:1538740,
46,mc,Nicki Minaj,nicki minaj,3,"Billboard/VIBE, Beats, Rhymes & Lists, Ranker",multi_source_core,0.622205,10,,86,122,Nicki Minaj,ranker:11363664,
47,mc,Inspectah Deck,inspectah deck,3,"Hip Hop Golden Age, Beats, Rhymes & Lists, Ranker",multi_source_core,0.621775,,30,54,101,Inspectah Deck,ranker:1224314,
48,mc,Treach,treach,3,"Hip Hop Golden Age, Beats, Rhymes & Lists, Ranker",multi_source_core,0.61199,,26,38,178,Treach,ranker:2274474,
49,mc,Future,future,3,"Billboard/VIBE, Beats, Rhymes & Lists, Ranker",multi_source_core,0.610691,35,,73,43,Future,ranker:63525027,
50,mc,Big Boi,big boi,2,"Beats, Rhymes & Lists, Ranker",multi_source_core,0.609685,,,29,72,Big Boi,ranker:580653,
51,mc,Kool Keith,kool keith,3,"Hip Hop Golden Age, Beats, Rhymes & Lists, Ranker",multi_source_core,0.606235,,5,59,242,Kool Keith,ranker:1389338,
52,mc,Jadakiss,jadakiss,3,"Billboard/VIBE, Beats, Rhymes & Lists, Ranker",multi_source_core,0.600845,46,,31,109,Jadakiss,ranker:1255990,
53,mc,MC Lyte,mc lyte,4,"Billboard/VIBE, Hip Hop Golden Age, Beats, Rhymes & Lists, Ranker",multi_source_core,0.596391,47,38,99,140,MC Lyte,ranker:1554741,
54,mc,Eazy-E,eazy e,1,Ranker,single_source_editorial,0.595588,,,,16,Eazy-E,ranker:907126,
55,mc,A$AP Rocky,a ap rocky,1,Ranker,single_source_editorial,0.583824,,,,22,A$AP Rocky,ranker:63452000,
56,mc,Aesop Rock,aesop rock,3,"Hip Hop Golden Age, Beats, Rhymes & Lists, Ranker",multi_source_core,0.583653,,27,40,211,Aesop Rock,ranker:406458,
57,mc,Travis Scott,travis scott,1,Ranker,single_source_editorial,0.57598,,,,26,Travis Scott,ranker:74635386,
58,mc,E-40,e 40,3,"Billboard/VIBE, Beats, Rhymes & Lists, Ranker",multi_source_core,0.574141,41,,69,78,E-40,ranker:901524,
59,mc,Prodigy,prodigy,2,"Beats, Rhymes & Lists, Ranker",multi_source_core,0.573797,,,37,88,Prodigy,ranker:1840367,
60,mc,Bun B,bun b,3,"Billboard/VIBE, Beats, Rhymes & Lists, Ranker",multi_source_core,0.572864,43,,30,170,Bun B,ranker:643879,
61,mc,"Royce da 5'9""",royce da 5 9,2,"Beats, Rhymes & Lists, Ranker",multi_source_core,0.569133,,,47,67,"Royce da 5'9"" | Royce da 5’9″",ranker:1944366,
62,mc,XXXTentacion,xxxtentacion,1,Ranker,single_source_editorial,0.562255,,,,33,XXXTentacion,ranker:85371778,
63,mc,Ol' Dirty Bastard,ol dirty bastard,1,Ranker,single_source_editorial,0.560294,,,,34,Ol' Dirty Bastard,ranker:1719165,
64,mc,Donald Glover,donald glover,1,Ranker,single_source_editorial,0.558333,,,,35,Donald Glover,ranker:876056,
65,mc,"Tyler, the Creator",tyler the creator,1,Ranker,single_source_editorial,0.554412,,,,37,"Tyler, the Creator",ranker:63246698,
66,mc,Gucci Mane,gucci mane,3,"Billboard/VIBE, Beats, Rhymes & Lists, Ranker",multi_source_core,0.553566,38,,90,71,Gucci Mane,ranker:1109293,
67,mc,Nate Dogg,nate dogg,1,Ranker,single_source_editorial,0.552451,,,,38,Nate Dogg,ranker:1649405,
68,mc,Kid Cudi,kid cudi,1,Ranker,single_source_editorial,0.55049,,,,39,Kid Cudi,ranker:32540759,
69,mc,Kurupt,kurupt,2,"Beats, Rhymes & Lists, Ranker",multi_source_core,0.548663,,,52,75,Kurupt,ranker:1398722,
70,mc,Run–DMC,run dmc,1,Ranker,single_source_editorial,0.548529,,,,40,Run–DMC,ranker:1949632,
71,mc,Slick Rick,slick rick,2,"Beats, Rhymes & Lists, Ranker",multi_source_core,0.54694,,,62,51,Slick Rick,ranker:2046410,
72,mc,Dr. Dre,dr dre,2,"Billboard/VIBE, Ranker",multi_source_core,0.546118,40,,,6,Dr. Dre,ranker:891691,
73,mc,Logic,logic,1,Ranker,single_source_editorial,0.544608,,,,42,Logic,ranker:76581019,
74,mc,Tech N9ne,tech n9ne,2,"Beats, Rhymes & Lists, Ranker",multi_source_core,0.543167,,,60,60,Tech N9ne,ranker:2156023,
75,mc,Chance The Rapper,chance the rapper,1,Ranker,single_source_editorial,0.540686,,,,44,Chance The Rapper,ranker:76985743,
76,mc,Wiz Khalifa,wiz khalifa,1,Ranker,single_source_editorial,0.536765,,,,46,Wiz Khalifa,ranker:2405280,
77,mc,Joey Bada$$,joey bada,1,Ranker,single_source_editorial,0.534804,,,,47,Joey Bada$$,ranker:77708285,
78,mc,Juice WRLD,juice wrld,1,Ranker,single_source_editorial,0.532843,,,,48,Juice WRLD,ranker:85375015,
79,mc,Denzel Curry,denzel curry,1,Ranker,single_source_editorial,0.530882,,,,49,Denzel Curry,ranker:75495344,
80,mc,Lil' Kim,lil kim,3,"Billboard/VIBE, Beats, Rhymes & Lists, Ranker",multi_source_core,0.525306,31,,79,179,Lil Kim | Lil' Kim | Lil’ Kim,ranker:1448657,
81,mc,Mac Miller,mac miller,1,Ranker,single_source_editorial,0.525,,,,52,Mac Miller,ranker:62155560,
82,mc,21 Savage,21 savage,1,Ranker,single_source_editorial,0.521078,,,,54,21 Savage,ranker:85371779,
83,mc,Meek Mill,meek mill,1,Ranker,single_source_editorial,0.519118,,,,55,Meek Mill,ranker:62012119,
84,mc,Xzibit,xzibit,1,Ranker,single_source_editorial,0.517157,,,,56,Xzibit,ranker:2421366,
85,mc,Big Sean,big sean,1,Ranker,single_source_editorial,0.513235,,,,58,Big Sean,ranker:9648754,
86,mc,Schoolboy Q,schoolboy q,1,Ranker,single_source_editorial,0.507353,,,,61,Schoolboy Q,ranker:63291647,
87,mc,RZA,rza,2,"Beats, Rhymes & Lists, Ranker",multi_source_core,0.50609,,,84,36,RZA,ranker:1954966,
88,mc,2 Chainz,2 chainz,1,Ranker,single_source_editorial,0.503431,,,,63,2 Chainz,ranker:67578782,
89,mc,Nelly,nelly,1,Ranker,single_source_editorial,0.501471,,,,64,Nelly,ranker:1660396,
90,mc,Joyner Lucas,joyner lucas,1,Ranker,single_source_editorial,0.49951,,,,65,Joyner Lucas,ranker:85371788,
91,mc,Lil Uzi Vert,lil uzi vert,1,Ranker,single_source_editorial,0.493627,,,,68,Lil Uzi Vert,ranker:85371802,
92,mc,Rick Ross,rick ross,3,"Billboard/VIBE, Beats, Rhymes & Lists, Ranker",multi_source_core,0.49332,50,,93,93,Rick Ross,ranker:1909049,
93,mc,Warren G,warren g,1,Ranker,single_source_editorial,0.491667,,,,69,Warren G,ranker:2360829,
94,mc,Killer Mike,killer mike,2,"Beats, Rhymes & Lists, Ranker",multi_source_core,0.487047,,,50,143,Killer Mike,ranker:1374046,
95,mc,Darryl McDaniels,darryl mcdaniels,1,Ranker,single_source_editorial,0.483824,,,,73,Darryl McDaniels,ranker:817117,
96,mc,J.I.D,jid,1,Ranker,single_source_editorial,0.481863,,,,74,J.I.D,ranker:85375105,
97,mc,Grandmaster Flash and the Furious Five,grandmaster flash and the furious five,1,Ranker,single_source_editorial,0.477941,,,,76,Grandmaster Flash and the Furious Five,ranker:1094126,
98,mc,Freddie Gibbs,freddie gibbs,2,"Beats, Rhymes & Lists, Ranker",multi_source_core,0.47757,,,72,96,Freddie Gibbs,ranker:62175980,
99,mc,The Game,the game,2,"Beats, Rhymes & Lists, Ranker",multi_source_core,0.476797,,,89,53,The Game,ranker:2194065,
100,mc,Talib Kweli,talib kweli,2,"Beats, Rhymes & Lists, Ranker",multi_source_core,0.465062,,,82,83,Talib Kweli,ranker:2145552,
101,mc,Styles P,styles p,2,"Beats, Rhymes & Lists, Ranker",multi_source_core,0.463547,,,43,185,Styles P,ranker:2108698,
102,mc,Roc Marciano,roc marciano,2,"Hip Hop Golden Age, Beats, Rhymes & Lists",multi_source_core,0.462946,,34,48,,Roc Marciano,,
103,mc,Quavo,quavo,1,Ranker,single_source_editorial,0.460294,,,,85,Quavo,ranker:81680275,
104,mc,Fabolous,fabolous,2,"Beats, Rhymes & Lists, Ranker",multi_source_core,0.459804,,,67,127,Fabolous,ranker:971744,
105,mc,Proof,proof,1,Ranker,single_source_editorial,0.458333,,,,86,Proof,ranker:1842668,
106,mc,Coolio,coolio,1,Ranker,single_source_editorial,0.456373,,,,87,Coolio,ranker:772558,
107,mc,Young Thug,young thug,1,Ranker,single_source_editorial,0.452451,,,,89,Young Thug,ranker:74529377,
108,mc,T-Pain,t pain,1,Ranker,single_source_editorial,0.45049,,,,90,T-Pain,ranker:2138976,
109,mc,Ski Mask The Slump God,ski mask the slump god,1,Ranker,single_source_editorial,0.448529,,,,91,Ski Mask The Slump God,ranker:85371783,
110,mc,Lil Baby,lil baby,1,Ranker,single_source_editorial,0.446569,,,,92,Lil Baby,ranker:85375164,
111,mc,AZ,az,2,"Beats, Rhymes & Lists, Ranker",multi_source_core,0.444385,,,70,135,AZ,ranker:521089,
112,mc,Too $hort,too hort,2,"Beats, Rhymes & Lists, Ranker",multi_source_core,0.444296,,,91,81,Too $hort | Too Short,ranker:2262763,
113,mc,FERG,ferg,1,Ranker,single_source_editorial,0.442647,,,,94,FERG,ranker:80588866,
114,mc,R.A. The Rugged Man,ra the rugged man,1,Hip Hop Golden Age,single_source_editorial,0.441327,,19,,,R.A. The Rugged Man,,
115,mc,Polo G,polo g,1,Ranker,single_source_editorial,0.440686,,,,95,Polo G,ranker:85377424,
116,mc,DJ Quik,dj quik,2,"Beats, Rhymes & Lists, Ranker",multi_source_core,0.438532,,,63,159,DJ Quik,ranker:868806,
117,mc,Twista,twista,2,"Beats, Rhymes & Lists, Ranker",multi_source_core,0.438116,,,95,77,Twista,ranker:2290543,
118,mc,Jeezy,jeezy,2,"Beats, Rhymes & Lists, Ranker",multi_source_core,0.437641,,,75,129,Jeezy | Young Jeezy,ranker:2430719,
119,mc,Hopsin,hopsin,1,Ranker,single_source_editorial,0.436765,,,,97,Hopsin,ranker:62050865,
120,mc,Kurtis Blow,kurtis blow,2,"Billboard/VIBE, Ranker",multi_source_core,0.435794,23,,,207,Kurtis Blow,ranker:1398265,
121,mc,Offset,offset,1,Ranker,single_source_editorial,0.434804,,,,98,Offset,ranker:6330521,
122,mc,Lil Dicky,lil dicky,1,Ranker,single_source_editorial,0.432843,,,,99,Lil Dicky,ranker:84579553,
123,mc,Will Smith,will smith,1,Ranker,single_source_editorial,0.430882,,,,100,Will Smith,ranker:2399718,
124,mc,Chief Keef,chief keef,2,"Beats, Rhymes & Lists, Ranker",multi_source_core,0.430125,,,97,80,Chief Keef,ranker:74190703,
125,mc,Krayzie Bone,krayzie bone,2,"Beats, Rhymes & Lists, Ranker",multi_source_core,0.430036,,,85,111,Krayzie Bone,ranker:1392869,
126,mc,MC Ren,mc ren,1,Ranker,single_source_editorial,0.426961,,,,102,MC Ren,ranker:1554809,
127,mc,NF,nf,1,Ranker,single_source_editorial,0.423039,,,,104,NF,ranker:11431427,
128,mc,Queen Latifah,queen latifah,2,"Billboard/VIBE, Ranker",multi_source_core,0.421789,44,,,112,Queen Latifah,ranker:1858921,
129,mc,G-Eazy,g eazy,1,Ranker,single_source_editorial,0.421078,,,,105,G-Eazy,ranker:67578178,
130,mc,Melle Mel,melle mel,3,"Billboard/VIBE, Hip Hop Golden Age, Ranker",multi_source_core,0.420365,48,50,,197,Melle Mel,ranker:81683404,
131,mc,Post Malone,post malone,1,Ranker,single_source_editorial,0.419118,,,,106,Post Malone,ranker:85371786,
132,mc,Juicy J,juicy j,2,"Beats, Rhymes & Lists, Ranker",multi_source_core,0.417558,,,88,116,Juicy J,ranker:6232677,
133,mc,Phife Dawg,phife dawg,2,"Beats, Rhymes & Lists, Ranker",multi_source_core,0.417231,,,66,173,Phife Dawg,ranker:1792330,
134,mc,Fat Joe,fat joe,1,Ranker,single_source_editorial,0.417157,,,,107,Fat Joe,ranker:980047,
135,mc,Gift of Gab,gift of gab,2,"Hip Hop Golden Age, Beats, Rhymes & Lists",multi_source_core,0.411874,,45,46,,Gift Of Gab | Gift of Gab,,
136,mc,King Von,king von,1,Ranker,single_source_editorial,0.411275,,,,110,King Von,ranker:85382861,
137,mc,El-P,el p,2,"Beats, Rhymes & Lists, Ranker",multi_source_core,0.40921,,,42,243,El-P,ranker:922015,
138,mc,Pharrell Williams,pharrell williams,1,Ranker,single_source_editorial,0.405392,,,,113,Pharrell Williams,ranker:1791590,
139,mc,YG,yg,1,Ranker,single_source_editorial,0.403431,,,,114,YG,ranker:62032161,
140,mc,Kodak Black,kodak black,1,Ranker,single_source_editorial,0.401471,,,,115,Kodak Black,ranker:85371787,
141,mc,Roddy Ricch,roddy ricch,1,Ranker,single_source_editorial,0.397549,,,,117,Roddy Ricch,ranker:85376836,
142,mc,Cam'ron,cam ron,2,"Beats, Rhymes & Lists, Ranker",multi_source_core,0.396881,,,76,168,Cam'ron | Cam’ron,ranker:142563,
143,mc,Playboi Carti,playboi carti,1,Ranker,single_source_editorial,0.395588,,,,118,Playboi Carti,ranker:85372970,
144,mc,DaBaby,dababy,1,Ranker,single_source_editorial,0.393627,,,,119,DaBaby,ranker:85377217,
145,mc,Canibus,canibus,2,"Hip Hop Golden Age, Beats, Rhymes & Lists",multi_source_core,0.392187,,35,74,,Canibus,,
146,mc,Vince Staples,vince staples,1,Ranker,single_source_editorial,0.391667,,,,120,Vince Staples,ranker:75231431,
147,mc,Afroman,afroman,1,Ranker,single_source_editorial,0.389706,,,,121,Afroman,ranker:407911,
148,mc,MC Hammer,mc hammer,1,Ranker,single_source_editorial,0.385784,,,,123,MC Hammer,ranker:1554690,
149,mc,The D.O.C.,the doc,1,Ranker,single_source_editorial,0.383824,,,,124,The D.O.C.,ranker:2188344,
150,mc,Posdnuos,posdnuos,2,"Hip Hop Golden Age, Beats, Rhymes & Lists",multi_source_core,0.382447,,28,92,,Posdnuos,,
151,mc,Earl Sweatshirt,earl sweatshirt,1,Ranker,single_source_editorial,0.381863,,,,125,Earl Sweatshirt,ranker:62228932,
152,mc,Ab-Soul,ab soul,2,"Beats, Rhymes & Lists, Ranker",multi_source_core,0.379917,,,80,175,Ab-Soul,ranker:74169306,
153,mc,Benny the Butcher,benny the butcher,1,Ranker,single_source_editorial,0.379902,,,,126,Benny the Butcher,ranker:85377399,
154,mc,A Boogie wit da Hoodie,a boogie wit da hoodie,1,Ranker,single_source_editorial,0.372059,,,,130,A Boogie wit da Hoodie,ranker:85374258,
155,mc,Anderson .Paak,anderson paak,1,Ranker,single_source_editorial,0.370098,,,,131,Anderson .Paak,ranker:85371781,
156,mc,Obie Trice,obie trice,1,Ranker,single_source_editorial,0.368137,,,,132,Obie Trice,ranker:1706299,
157,mc,NLE Choppa,nle choppa,1,Ranker,single_source_editorial,0.366176,,,,133,NLE Choppa,ranker:9874283,
158,mc,B.o.B,bob,1,Ranker,single_source_editorial,0.364216,,,,134,B.o.B,ranker:41903643,
159,mc,MC Eiht,mc eiht,1,"Beats, Rhymes & Lists",single_source_editorial,0.362374,,,53,,MC Eiht,,
160,mc,Wyclef Jean,wyclef jean,1,Ranker,single_source_editorial,0.360294,,,,136,Wyclef Jean,ranker:2416818,
161,mc,Immortal Technique,immortal technique,1,Ranker,single_source_editorial,0.358333,,,,137,Immortal Technique,ranker:1214351,
162,mc,Gunna,gunna,1,Ranker,single_source_editorial,0.354412,,,,139,Gunna,ranker:85375846,
163,mc,Phonte,phonte,1,"Beats, Rhymes & Lists",single_source_editorial,0.352273,,,55,,Phonte,,
164,mc,Del the Funky Homosapien,del the funky homosapien,2,"Beats, Rhymes & Lists, Ranker",multi_source_core,0.350654,,,78,210,Del tha Funkee Homosapien | Del the Funky Homosapien,ranker:838937,
165,mc,Biz Markie,biz markie,1,Ranker,single_source_editorial,0.35049,,,,141,Biz Markie,ranker:591100,
166,mc,Rapsody,rapsody,2,"Beats, Rhymes & Lists, Ranker",multi_source_core,0.349941,,,81,203,Rapsody,ranker:63489510,
167,mc,Lil Tjay,lil tjay,1,Ranker,single_source_editorial,0.348529,,,,142,Lil Tjay,ranker:85377278,
168,mc,YNW Melly,ynw melly,1,Ranker,single_source_editorial,0.344608,,,,144,YNW Melly,ranker:85377153,
169,mc,Waka Flocka Flame,waka flocka flame,1,Ranker,single_source_editorial,0.342647,,,,145,Waka Flocka Flame,ranker:34254778,
170,mc,Fetty Wap,fetty wap,1,Ranker,single_source_editorial,0.340686,,,,146,Fetty Wap,ranker:81688450,
171,mc,billy woods,billy woods,1,Hip Hop Golden Age,single_source_editorial,0.339286,,29,,,billy woods,,
172,mc,YoungBoy Never Broke Again,youngboy never broke again,1,Ranker,single_source_editorial,0.338725,,,,147,YoungBoy Never Broke Again,ranker:85373363,
173,mc,Master P,master p,1,Ranker,single_source_editorial,0.336765,,,,148,Master P,ranker:1539266,
174,mc,Lil Jon,lil jon,1,Ranker,single_source_editorial,0.334804,,,,149,Lil Jon,ranker:1448650,
175,mc,Jay Rock,jay rock,1,Ranker,single_source_editorial,0.332843,,,,150,Jay Rock,ranker:44727300,
176,mc,Macklemore,macklemore,1,Ranker,single_source_editorial,0.330882,,,,151,Macklemore,ranker:63329659,
177,mc,Mase,mase,2,"Beats, Rhymes & Lists, Ranker",multi_source_core,0.32956,,,98,180,Mase,ranker:1537289,
178,mc,Swae Lee,swae lee,1,Ranker,single_source_editorial,0.328922,,,,152,Swae Lee,ranker:85374561,
179,mc,B-Real,b real,1,Ranker,single_source_editorial,0.326961,,,,153,B-Real,ranker:527934,
180,mc,Lloyd Banks,lloyd banks,1,Ranker,single_source_editorial,0.325,,,,154,Lloyd Banks,ranker:1462989,
181,mc,Lil Yachty,lil yachty,1,Ranker,single_source_editorial,0.323039,,,,155,Lil Yachty,ranker:85371784,
182,mc,will.i.am,william,1,Ranker,single_source_editorial,0.321078,,,,156,will.i.am,ranker:2399518,
183,mc,Ty Dolla $ign,ty dolla ign,1,Ranker,single_source_editorial,0.319118,,,,157,Ty Dolla $ign,ranker:63255886,
184,mc,Sir Mix-a-Lot,sir mix a lot,1,Ranker,single_source_editorial,0.317157,,,,158,Sir Mix-a-Lot,ranker:2039630,
185,mc,Heavy D,heavy d,1,Ranker,single_source_editorial,0.313235,,,,160,Heavy D,ranker:1142267,
186,mc,Kool Moe Dee,kool moe dee,2,"Hip Hop Golden Age, Ranker",multi_source_core,0.311385,,47,,209,Kool Moe Dee,ranker:1389347,
187,mc,Bizzy Bone,bizzy bone,1,Ranker,single_source_editorial,0.311275,,,,161,Bizzy Bone,ranker:591088,
188,mc,Blu,blu,2,"Beats, Rhymes & Lists, Ranker",multi_source_core,0.311022,,,77,253,Blu,ranker:6304481,
189,mc,Lil Durk,lil durk,1,Ranker,single_source_editorial,0.309314,,,,162,Lil Durk,ranker:80644869,
190,mc,Ka,ka,1,Hip Hop Golden Age,single_source_editorial,0.308673,,32,,,Ka,,
191,mc,Eve,eve,1,Ranker,single_source_editorial,0.307353,,,,163,Eve,ranker:965480,
192,mc,Sean Price,sean price,1,"Beats, Rhymes & Lists",single_source_editorial,0.306818,,,64,,Sean Price,,
193,mc,Trippie Redd,trippie redd,1,Ranker,single_source_editorial,0.305392,,,,164,Trippie Redd,ranker:85372616,
194,mc,Kevin Gates,kevin gates,1,Ranker,single_source_editorial,0.303431,,,,165,Kevin Gates,ranker:62052547,
195,mc,Wale,wale,1,Ranker,single_source_editorial,0.301471,,,,166,Wale,ranker:2354786,
196,mc,Ja Rule,ja rule,1,Ranker,single_source_editorial,0.29951,,,,167,Ja Rule,ranker:1274942,
197,mc,Cordae,cordae,1,Ranker,single_source_editorial,0.295588,,,,169,Cordae,ranker:85376158,
198,mc,Project Pat,project pat,2,"Beats, Rhymes & Lists, Ranker",multi_source_core,0.293137,,,100,212,Project Pat,ranker:1841946,
199,mc,Layzie Bone,layzie bone,1,Ranker,single_source_editorial,0.291667,,,,171,Layzie Bone,ranker:1420958,
200,mc,Doja Cat,doja cat,1,Ranker,single_source_editorial,0.289706,,,,172,Doja Cat,ranker:85376843,
201,mc,Beanie Sigel,beanie sigel,1,"Beats, Rhymes & Lists",single_source_editorial,0.286616,,,68,,Beanie Sigel,,
202,mc,Machine Gun Kelly,machine gun kelly,1,Ranker,single_source_editorial,0.285784,,,,174,Machine Gun Kelly,ranker:62062434,
203,mc,Yelawolf,yelawolf,1,Ranker,single_source_editorial,0.281863,,,,176,Yelawolf,ranker:62068751,
204,mc,Cardi B,cardi b,1,Ranker,single_source_editorial,0.279902,,,,177,Cardi B,ranker:85371794,
205,mc,Big K.R.I.T.,big krit,1,Ranker,single_source_editorial,0.272059,,,,181,Big K.R.I.T.,ranker:62252072,
206,mc,Elzhi,elzhi,1,"Beats, Rhymes & Lists",single_source_editorial,0.271465,,,71,,Elzhi,,
207,mc,Takeoff,takeoff,1,Ranker,single_source_editorial,0.270098,,,,182,Takeoff,ranker:81691039,
208,mc,Chamillionaire,chamillionaire,1,Ranker,single_source_editorial,0.268137,,,,183,Chamillionaire,ranker:697287,
209,mc,Juvenile,juvenile,1,Ranker,single_source_editorial,0.266176,,,,184,Juvenile,ranker:1338428,
210,mc,Ras Kass,ras kass,2,"Beats, Rhymes & Lists, Ranker",multi_source_core,0.265983,,,96,250,Ras Kass,ranker:1875667,
211,mc,Megan Thee Stallion,megan thee stallion,1,Ranker,single_source_editorial,0.262255,,,,186,Megan Thee Stallion,ranker:85374232,
212,mc,Lisa Lopes,lisa lopes,1,Ranker,single_source_editorial,0.260294,,,,187,Lisa Lopes,ranker:1453992,
213,mc,Erick Sermon,erick sermon,1,Ranker,single_source_editorial,0.258333,,,,188,Erick Sermon,ranker:948456,
214,mc,J-Live,j live,1,Hip Hop Golden Age,single_source_editorial,0.257653,,37,,,J-Live,,
215,mc,Skepta,skepta,1,Ranker,single_source_editorial,0.256373,,,,189,Skepta,ranker:9617739,
216,mc,Joseph Simmons,joseph simmons,1,Ranker,single_source_editorial,0.254412,,,,190,Joseph Simmons,ranker:1324685,
217,mc,Doug E. Fresh,doug e fresh,1,Ranker,single_source_editorial,0.252451,,,,191,Doug E. Fresh,ranker:884539,
218,mc,Trick Daddy,trick daddy,1,Ranker,single_source_editorial,0.25049,,,,192,Trick Daddy,ranker:2277768,
219,mc,Remy Ma,remy ma,1,Ranker,single_source_editorial,0.248529,,,,193,Remy Ma,ranker:9623468,
220,mc,Mystikal,mystikal,1,Ranker,single_source_editorial,0.246569,,,,194,Mystikal,ranker:1638226,
221,mc,BigXthaPlug,bigxthaplug,1,Ranker,single_source_editorial,0.244608,,,,195,BigXthaPlug,ranker:1003040467,
222,mc,Ace Hood,ace hood,1,Ranker,single_source_editorial,0.242647,,,,196,Ace Hood,ranker:30905236,
223,mc,Lil Nas X,lil nas x,1,Ranker,single_source_editorial,0.238725,,,,198,Lil Nas X,ranker:85377176,
224,mc,No Malice,no malice,1,Ranker,single_source_editorial,0.234804,,,,200,No Malice,ranker:6295399,
225,mc,Boosie Badazz,boosie badazz,1,Ranker,single_source_editorial,0.232843,,,,201,Boosie Badazz,ranker:6254579,
226,mc,Grand Puba,grand puba,1,Ranker,single_source_editorial,0.230882,,,,202,Grand Puba,ranker:1095096,
227,mc,Havoc,havoc,1,Ranker,single_source_editorial,0.226961,,,,204,Havoc,ranker:1137746,
228,mc,Isaiah Rashad,isaiah rashad,1,Ranker,single_source_editorial,0.225,,,,205,Isaiah Rashad,ranker:82114734,
229,mc,Danny Brown,danny brown,1,Ranker,single_source_editorial,0.223039,,,,206,Danny Brown,ranker:67577838,
230,mc,Tee Grizzley,tee grizzley,1,Ranker,single_source_editorial,0.219118,,,,208,Tee Grizzley,ranker:85374560,
231,mc,Aminé,amine,1,Ranker,single_source_editorial,0.209314,,,,213,Aminé,ranker:85371792,
232,mc,Vic Mensa,vic mensa,1,Ranker,single_source_editorial,0.207353,,,,214,Vic Mensa,ranker:80652026,
233,mc,Cappadonna,cappadonna,1,Ranker,single_source_editorial,0.205392,,,,215,Cappadonna,ranker:668741,
234,mc,Daz Dillinger,daz dillinger,1,Ranker,single_source_editorial,0.201471,,,,217,Daz Dillinger,ranker:829097,
235,mc,N.O.R.E.,nore,1,Ranker,single_source_editorial,0.19951,,,,218,N.O.R.E.,ranker:9870576,
236,mc,Rich the Kid,rich the kid,1,Ranker,single_source_editorial,0.197549,,,,219,Rich the Kid,ranker:85371797,
237,mc,Skyzoo,skyzoo,1,Hip Hop Golden Age,single_source_editorial,0.196429,,43,,,Skyzoo,,
238,mc,Adam Horovitz,adam horovitz,1,Ranker,single_source_editorial,0.195588,,,,220,Adam Horovitz,ranker:399585,
239,mc,M.I.A.,mia,1,Ranker,single_source_editorial,0.193627,,,,221,M.I.A.,ranker:1640629,
240,mc,U-God,u god,1,Ranker,single_source_editorial,0.191667,,,,222,U-God,ranker:2294786,
241,mc,Pimp C,pimp c,1,"Beats, Rhymes & Lists",single_source_editorial,0.190657,,,87,,Pimp C,,
242,mc,Joe Budden,joe budden,1,Ranker,single_source_editorial,0.189706,,,,223,Joe Budden,ranker:1296303,
243,mc,Young Buck,young buck,1,Ranker,single_source_editorial,0.187745,,,,224,Young Buck,ranker:2430530,
244,mc,LeCrae,lecrae,1,Ranker,single_source_editorial,0.185784,,,,225,LeCrae,ranker:6261815,
245,mc,Lil Skies,lil skies,1,Ranker,single_source_editorial,0.183824,,,,226,Lil Skies,ranker:85372984,
246,mc,Grandmaster Caz,grandmaster caz,1,Ranker,single_source_editorial,0.181863,,,,227,Grandmaster Caz,ranker:6315252,
247,mc,Dres,dres,1,Ranker,single_source_editorial,0.179902,,,,228,Dres,ranker:36761937,
248,mc,Foxy Brown,foxy brown,1,Ranker,single_source_editorial,0.177941,,,,229,Foxy Brown,ranker:1012680,
249,mc,Schoolly D,schoolly d,1,Ranker,single_source_editorial,0.17598,,,,230,Schoolly D,ranker:1987083,
250,mc,Lord Finesse,lord finesse,1,Ranker,single_source_editorial,0.17402,,,,231,Lord Finesse,ranker:1470949,
251,mc,Jimmy Spicer,jimmy spicer,1,Ranker,single_source_editorial,0.172059,,,,232,Jimmy Spicer,ranker:1289682,
252,mc,Spoonie Gee,spoonie gee,1,Ranker,single_source_editorial,0.170098,,,,233,Spoonie Gee,ranker:2077827,
253,mc,YBN Nahmir,ybn nahmir,1,Ranker,single_source_editorial,0.168137,,,,234,YBN Nahmir,ranker:85373566,
254,mc,Bizarre,bizarre,1,Ranker,single_source_editorial,0.166176,,,,235,Bizarre,ranker:591003,
255,mc,Aceyalone,aceyalone,1,Hip Hop Golden Age,single_source_editorial,0.165816,,46,,,Aceyalone,,
256,mc,MURS,murs,1,Ranker,single_source_editorial,0.164216,,,,236,MURS,ranker:1631845,
257,mc,Roxanne Shanté,roxanne shante,1,Ranker,single_source_editorial,0.162255,,,,237,Roxanne Shanté,ranker:1942770,
258,mc,Killa Cam,killa cam,1,Ranker,single_source_editorial,0.160294,,,,238,Killa Cam,ranker:73568232,
259,mc,Da Brat,da brat,1,Ranker,single_source_editorial,0.158333,,,,239,Da Brat,ranker:829163,
260,mc,Mac Dre,mac dre,1,Ranker,single_source_editorial,0.156373,,,,240,Mac Dre,ranker:1495322,
261,mc,Brother Ali,brother ali,1,"Beats, Rhymes & Lists",single_source_editorial,0.155303,,,94,,Brother Ali,,
262,mc,Rammellzee,rammellzee,1,Ranker,single_source_editorial,0.154412,,,,241,Rammellzee,ranker:1870928,
263,mc,Open Mike Eagle,open mike eagle,1,Ranker,single_source_editorial,0.148529,,,,244,Open Mike Eagle,ranker:74626637,
264,mc,Lil' Flip,lil flip,1,Ranker,single_source_editorial,0.146569,,,,245,Lil' Flip,ranker:1448617,
265,mc,Kuniva,kuniva,1,Ranker,single_source_editorial,0.144608,,,,246,Kuniva,ranker:1397517,
266,mc,Trina,trina,1,Ranker,single_source_editorial,0.142647,,,,247,Trina,ranker:2278473,
267,mc,MC Ride,mc ride,1,Ranker,single_source_editorial,0.140686,,,,248,MC Ride,ranker:73519785,
268,mc,Sheek Louch,sheek louch,1,Ranker,single_source_editorial,0.138725,,,,249,Sheek Louch,ranker:2015850,
269,mc,Killah Priest,killah priest,1,Hip Hop Golden Age,single_source_editorial,0.135204,,49,,,Killah Priest,,
270,mc,Rev. Run,rev run,1,Billboard/VIBE,single_source_editorial,0.135204,49,,,,Rev. Run,,
271,mc,The Lady of Rage,the lady of rage,1,Ranker,single_source_editorial,0.134804,,,,251,The Lady of Rage,ranker:1404207,
272,mc,JME,jme,1,Ranker,single_source_editorial,0.132843,,,,252,JME,ranker:9614678,
273,mc,Luther Campbell,luther campbell,1,Ranker,single_source_editorial,0.128922,,,,254,Luther Campbell,ranker:1488564,
274,mc,Esham,esham,1,Ranker,single_source_editorial,0.126961,,,,255,Esham,ranker:954530,
275,mc,The Last Emperor,the last emperor,1,Ranker,single_source_editorial,0.125,,,,256,The Last Emperor,ranker:1415112,
