final_rank,role,musician_name,normalized_name,source_count,sources,selection_basis,priority_score,rolling_stone_rank,consequence_rank,ranker_rank,name_variants,source_entity_ids,notes
1,vocalist,Aretha Franklin,aretha franklin,3,Consequence | Ranker | Rolling Stone,multi_source_core,0.997706,1,2,3,Aretha Franklin,ranker:488370,
2,vocalist,Whitney Houston,whitney houston,3,Consequence | Ranker | Rolling Stone,multi_source_core,0.99549,2,3,2,Whitney Houston,ranker:2385097,
3,vocalist,Freddie Mercury,freddie mercury,3,Consequence | Ranker | Rolling Stone,multi_source_core,0.989112,14,1,1,Freddie Mercury,ranker:1022223,
4,vocalist,Marvin Gaye,marvin gaye,3,Consequence | Ranker | Rolling Stone,multi_source_core,0.977205,20,4,7,Marvin Gaye,ranker:1533954,
5,vocalist,Ray Charles,ray charles,3,Consequence | Ranker | Rolling Stone,multi_source_core,0.969043,6,14,17,Ray Charles,ranker:1878597,
6,vocalist,Mariah Carey,mariah carey,3,Consequence | Ranker | Rolling Stone,multi_source_core,0.96606,5,15,24,Mariah Carey,ranker:1519508,
7,vocalist,Sam Cooke,sam cooke,3,Consequence | Ranker | Rolling Stone,multi_source_core,0.957329,3,21,25,Sam Cooke,ranker:1969601,
8,vocalist,Stevie Wonder,stevie wonder,3,Consequence | Ranker | Rolling Stone,multi_source_core,0.955496,7,23,9,Stevie Wonder,ranker:2098707,
9,vocalist,Beyoncé,beyonce,3,Consequence | Ranker | Rolling Stone,multi_source_core,0.951227,8,6,114,Beyoncé,ranker:577168,
10,vocalist,Ella Fitzgerald,ella fitzgerald,3,Consequence | Ranker | Rolling Stone,multi_source_core,0.950911,45,7,8,Ella Fitzgerald,ranker:929650,
11,vocalist,Billie Holiday,billie holiday,3,Consequence | Ranker | Rolling Stone,multi_source_core,0.949609,4,24,31,Billie Holiday,ranker:582962,
12,vocalist,Adele,adele,3,Consequence | Ranker | Rolling Stone,multi_source_core,0.945856,22,18,27,Adele,ranker:401136,
13,vocalist,Otis Redding,otis redding,3,Consequence | Ranker | Rolling Stone,multi_source_core,0.942665,9,26,29,Otis Redding,ranker:1736657,
14,vocalist,Robert Plant,robert plant,3,Consequence | Ranker | Rolling Stone,multi_source_core,0.937982,63,5,12,Robert Plant,ranker:1922073,
15,vocalist,Patsy Cline,patsy cline,3,Consequence | Ranker | Rolling Stone,multi_source_core,0.937326,13,27,30,Patsy Cline,ranker:1764038,
16,vocalist,Frank Sinatra,frank sinatra,3,Consequence | Ranker | Rolling Stone,multi_source_core,0.928453,19,34,4,Frank Sinatra,ranker:1020193,
17,vocalist,Nina Simone,nina simone,3,Consequence | Ranker | Rolling Stone,multi_source_core,0.928406,21,12,120,Nina Simone,ranker:1682249,
18,vocalist,Al Green,al green,3,Consequence | Ranker | Rolling Stone,multi_source_core,0.922421,10,31,65,Al Green,ranker:444116,
19,vocalist,Elvis Presley,elvis presley,3,Consequence | Ranker | Rolling Stone,multi_source_core,0.919417,17,40,6,Elvis Presley,ranker:932239,
20,vocalist,Roy Orbison,roy orbison,3,Consequence | Ranker | Rolling Stone,multi_source_core,0.914771,71,11,33,Roy Orbison,ranker:1945018,
21,vocalist,James Brown,james brown,3,Consequence | Ranker | Rolling Stone,multi_source_core,0.914462,44,17,75,James Brown,ranker:1259631,
22,vocalist,Michael Jackson,michael jackson,3,Consequence | Ranker | Rolling Stone,multi_source_core,0.914122,86,9,5,Michael Jackson,ranker:1574447,
23,vocalist,Hank Williams,hank williams,3,Consequence | Ranker | Rolling Stone,multi_source_core,0.907419,30,16,142,Hank Williams,ranker:1125181,
24,vocalist,Dolly Parton,dolly parton,3,Consequence | Ranker | Rolling Stone,multi_source_core,0.905714,27,37,40,Dolly Parton,ranker:873111,
25,vocalist,Luther Vandross,luther vandross,3,Consequence | Ranker | Rolling Stone,multi_source_core,0.899635,31,33,71,Luther Vandross,ranker:1488645,
26,vocalist,Smokey Robinson,smokey robinson,3,Consequence | Ranker | Rolling Stone,multi_source_core,0.899592,23,39,60,Smokey Robinson,ranker:2050068,
27,vocalist,Kurt Cobain,kurt cobain,3,Consequence | Ranker | Rolling Stone,multi_source_core,0.898231,36,25,106,Kurt Cobain,ranker:1398360,
28,vocalist,Tina Turner,tina turner,3,Consequence | Ranker | Rolling Stone,multi_source_core,0.889441,55,36,22,Tina Turner,ranker:2248980,
29,vocalist,Prince,prince,3,Consequence | Ranker | Rolling Stone,multi_source_core,0.883837,16,60,15,Prince,ranker:1837662,
30,vocalist,Etta James,etta james,3,Consequence | Ranker | Rolling Stone,multi_source_core,0.878985,41,47,34,Etta James,ranker:958770,
31,vocalist,Chris Cornell,chris cornell,3,Consequence | Ranker | Rolling Stone,multi_source_core,0.87545,80,19,93,Chris Cornell,ranker:728128,
32,vocalist,John Lennon,john lennon,3,Consequence | Ranker | Rolling Stone,multi_source_core,0.873728,12,66,26,John Lennon,ranker:1310216,
33,vocalist,David Bowie,david bowie,3,Consequence | Ranker | Rolling Stone,multi_source_core,0.867532,32,61,19,David Bowie,ranker:821677,
34,vocalist,Janis Joplin,janis joplin,3,Consequence | Ranker | Rolling Stone,multi_source_core,0.854129,78,41,47,Janis Joplin,ranker:1267603,
35,vocalist,Bob Dylan,bob dylan,3,Consequence | Ranker | Rolling Stone,multi_source_core,0.842263,15,56,176,Bob Dylan,ranker:604347,
36,vocalist,Joni Mitchell,joni mitchell,3,Consequence | Ranker | Rolling Stone,multi_source_core,0.832958,50,53,127,Joni Mitchell,ranker:1319388,
37,vocalist,Steve Perry,steve perry,3,Consequence | Ranker | Rolling Stone,multi_source_core,0.828718,82,59,20,Steve Perry,ranker:2097967,
38,vocalist,Mahalia Jackson,mahalia jackson,3,Consequence | Ranker | Rolling Stone,multi_source_core,0.828268,28,35,302,Mahalia Jackson,ranker:1500155,
39,vocalist,Karen Carpenter,karen carpenter,3,Consequence | Ranker | Rolling Stone,multi_source_core,0.81719,123,44,28,Karen Carpenter,ranker:1348584,
40,vocalist,Stevie Nicks,stevie nicks,3,Consequence | Ranker | Rolling Stone,multi_source_core,0.810782,93,64,21,Stevie Nicks,ranker:2098684,
41,vocalist,Curtis Mayfield,curtis mayfield,3,Consequence | Ranker | Rolling Stone,multi_source_core,0.80734,38,43,299,Curtis Mayfield,ranker:796247,
42,vocalist,Linda Ronstadt,linda ronstadt,3,Consequence | Ranker | Rolling Stone,multi_source_core,0.806629,47,85,45,Linda Ronstadt,ranker:1450474,
43,vocalist,Kate Bush,kate bush,3,Consequence | Ranker | Rolling Stone,multi_source_core,0.804316,60,46,232,Kate Bush,ranker:1352548,
44,vocalist,Paul McCartney,paul mccartney,2,Ranker | Rolling Stone,multi_source_core,0.794142,26,,18,Paul McCartney,ranker:1768827,
45,vocalist,Little Richard,little richard,3,Consequence | Ranker | Rolling Stone,multi_source_core,0.792047,11,88,175,Little Richard,ranker:1457315,
46,vocalist,Amy Winehouse,amy winehouse,3,Consequence | Ranker | Rolling Stone,multi_source_core,0.79101,83,78,36,Amy Winehouse,ranker:453556,
47,vocalist,Jeff Buckley,jeff buckley,3,Consequence | Ranker | Rolling Stone,multi_source_core,0.789224,131,22,219,Jeff Buckley,ranker:1279348,
48,vocalist,Elton John,elton john,3,Consequence | Ranker | Rolling Stone,multi_source_core,0.787928,100,75,16,Elton John,ranker:931934,
49,vocalist,Ozzy Osbourne,ozzy osbourne,3,Consequence | Ranker | Rolling Stone,multi_source_core,0.78339,112,38,202,Ozzy Osbourne,ranker:1742531,
50,vocalist,Ariana Grande,ariana grande,3,Consequence | Ranker | Rolling Stone,multi_source_core,0.779463,43,83,156,Ariana Grande,ranker:61989638,
51,vocalist,Johnny Cash,johnny cash,3,Consequence | Ranker | Rolling Stone,multi_source_core,0.777837,85,89,13,Johnny Cash,ranker:1300391,
52,vocalist,Bill Withers,bill withers,3,Consequence | Ranker | Rolling Stone,multi_source_core,0.776298,106,51,170,Bill Withers,ranker:586433,
53,vocalist,Diana Ross,diana ross,3,Consequence | Ranker | Rolling Stone,multi_source_core,0.775727,87,84,42,Diana Ross,ranker:852979,
54,vocalist,Louis Armstrong,louis armstrong,2,Ranker | Rolling Stone,multi_source_core,0.770027,39,,35,Louis Armstrong,ranker:1476461,
55,vocalist,Björk,bjork,3,Consequence | Ranker | Rolling Stone,multi_source_core,0.768267,64,54,295,Björk,ranker:591225,
56,vocalist,Mavis Staples,mavis staples,3,Consequence | Ranker | Rolling Stone,multi_source_core,0.763834,46,48,392,Mavis Staples,ranker:1546041,
57,vocalist,Chaka Khan,chaka khan,3,Consequence | Ranker | Rolling Stone,multi_source_core,0.756982,29,87,246,Chaka Khan,ranker:696470,
58,vocalist,Bruce Springsteen,bruce springsteen,3,Consequence | Ranker | Rolling Stone,multi_source_core,0.749424,77,91,117,Bruce Springsteen,ranker:635964,
59,vocalist,Rob Halford,rob halford,3,Consequence | Ranker | Rolling Stone,multi_source_core,0.743474,129,13,424,Rob Halford,ranker:1925171,
60,vocalist,Dusty Springfield,dusty springfield,2,Ranker | Rolling Stone,multi_source_core,0.742085,35,,107,Dusty Springfield,ranker:897893,
61,vocalist,Van Morrison,van morrison,2,Ranker | Rolling Stone,multi_source_core,0.738199,37,,110,Van Morrison,ranker:2325249,
62,vocalist,Barry White,barry white,2,Ranker | Rolling Stone,multi_source_core,0.738139,56,,58,Barry White,ranker:546112,
63,vocalist,Thom Yorke,thom yorke,3,Consequence | Ranker | Rolling Stone,multi_source_core,0.734183,34,52,500,Thom Yorke,ranker:2239675,
64,vocalist,Rod Stewart,rod stewart,2,Ranker | Rolling Stone,multi_source_core,0.733655,49,,87,Rod Stewart,ranker:1929407,
65,vocalist,Ann Wilson,ann wilson,2,Consequence | Ranker,multi_source_core,0.732171,,30,62,Ann Wilson,ranker:470256,
66,vocalist,Lady Gaga,lady gaga,2,Ranker | Rolling Stone,multi_source_core,0.731963,58,,66,Lady Gaga,ranker:11345473,
67,vocalist,Axl Rose,axl rose,3,Consequence | Ranker | Rolling Stone,multi_source_core,0.731517,134,76,102,Axl Rose,ranker:519316,
68,vocalist,Mick Jagger,mick jagger,2,Ranker | Rolling Stone,multi_source_core,0.722102,52,,104,Mick Jagger,ranker:1579366,
69,vocalist,Brian Wilson,brian wilson,2,Ranker | Rolling Stone,multi_source_core,0.719941,57,,95,Brian Wilson,ranker:627089,
70,vocalist,Leonard Cohen,leonard cohen,3,Consequence | Ranker | Rolling Stone,multi_source_core,0.715392,103,68,284,Leonard Cohen,ranker:1433196,
71,vocalist,George Michael,george michael,2,Ranker | Rolling Stone,multi_source_core,0.715034,62,,92,George Michael,ranker:1059143,
72,vocalist,Willie Nelson,willie nelson,2,Ranker | Rolling Stone,multi_source_core,0.714553,54,,115,Willie Nelson,ranker:2398496,
73,vocalist,Toni Braxton,toni braxton,2,Ranker | Rolling Stone,multi_source_core,0.708354,48,,145,Toni Braxton,ranker:2260074,
74,vocalist,Celine Dion,celine dion,2,Consequence | Ranker,multi_source_core,0.706169,,49,14,Celine Dion,ranker:689840,
75,vocalist,Bono,bono,3,Consequence | Ranker | Rolling Stone,multi_source_core,0.704495,140,80,152,Bono,ranker:1767030,
76,vocalist,Sade,sade,2,Consequence | Rolling Stone,multi_source_core,0.699812,51,29,,Sade,,
77,vocalist,Bob Marley,bob marley,2,Ranker | Rolling Stone,multi_source_core,0.694075,98,,39,Bob Marley,ranker:605064,
78,vocalist,Iggy Pop,iggy pop,3,Consequence | Ranker | Rolling Stone,multi_source_core,0.688867,176,42,314,Iggy Pop,ranker:1209124,
79,vocalist,Neil Young,neil young,3,Consequence | Ranker | Rolling Stone,multi_source_core,0.687113,133,90,173,Neil Young,ranker:1660007,
80,vocalist,Mary J. Blige,mary j blige,2,Ranker | Rolling Stone,multi_source_core,0.685051,25,,259,Mary J. Blige,ranker:1535741,
81,vocalist,Gladys Knight,gladys knight,2,Ranker | Rolling Stone,multi_source_core,0.684354,101,,52,Gladys Knight,ranker:1075674,
82,vocalist,Rihanna,rihanna,2,Ranker | Rolling Stone,multi_source_core,0.680939,68,,150,Rihanna,ranker:1910648,
83,vocalist,Lauryn Hill,lauryn hill,3,Consequence | Ranker | Rolling Stone,multi_source_core,0.676747,136,72,298,Lauryn Hill,ranker:1419114,
84,vocalist,Patti LaBelle,patti labelle,2,Ranker | Rolling Stone,multi_source_core,0.676606,74,,143,Patti LaBelle,ranker:1764354,
85,vocalist,Luciano Pavarotti,luciano pavarotti,1,Ranker,single_source_editorial,0.658425,,,10,Luciano Pavarotti,ranker:1482712,
86,vocalist,Nat King Cole,nat king cole,1,Ranker,single_source_editorial,0.657509,,,11,Nat King Cole,ranker:1654548,
87,vocalist,Chuck Berry,chuck berry,2,Ranker | Rolling Stone,multi_source_core,0.65721,96,,125,Chuck Berry,ranker:732726,
88,vocalist,Fiona Apple,fiona apple,3,Consequence | Ranker | Rolling Stone,multi_source_core,0.652517,111,70,457,Fiona Apple,ranker:992886,
89,vocalist,Donna Summer,donna summer,2,Ranker | Rolling Stone,multi_source_core,0.650646,122,,68,Donna Summer,ranker:877643,
90,vocalist,Billy Joel,billy joel,1,Ranker,single_source_editorial,0.64652,,,23,Billy Joel,ranker:583753,
91,vocalist,Roberta Flack,roberta flack,2,Consequence | Ranker,multi_source_core,0.645896,,58,96,Roberta Flack,ranker:1916794,
92,vocalist,George Jones,george jones,2,Ranker | Rolling Stone,multi_source_core,0.645098,24,,349,George Jones,ranker:1058488,
93,vocalist,Wilson Pickett,wilson pickett,2,Ranker | Rolling Stone,multi_source_core,0.64479,76,,207,Wilson Pickett,ranker:2400238,
94,vocalist,Julie Andrews,julie andrews,1,Ranker,single_source_editorial,0.638278,,,32,Julie Andrews,ranker:1333426,
95,vocalist,Roger Daltrey,roger daltrey,2,Ranker | Rolling Stone,multi_source_core,0.634926,109,,138,Roger Daltrey,ranker:1930002,
96,vocalist,Andrea Bocelli,andrea bocelli,1,Ranker,single_source_editorial,0.6337,,,37,Andrea Bocelli,ranker:457551,
97,vocalist,Bing Crosby,bing crosby,1,Ranker,single_source_editorial,0.632784,,,38,Bing Crosby,ranker:587038,
98,vocalist,Judy Garland,judy garland,1,Ranker,single_source_editorial,0.630037,,,41,Judy Garland,ranker:1331292,
99,vocalist,Phil Collins,phil collins,1,Ranker,single_source_editorial,0.628205,,,43,Phil Collins,ranker:1795529,
100,vocalist,Teddy Pendergrass,teddy pendergrass,2,Consequence | Rolling Stone,multi_source_core,0.627785,42,62,,Teddy Pendergrass,,
101,vocalist,Lionel Richie,lionel richie,1,Ranker,single_source_editorial,0.627289,,,44,Lionel Richie,ranker:1452660,
102,vocalist,Dean Martin,dean martin,1,Ranker,single_source_editorial,0.625458,,,46,Dean Martin,ranker:831281,
103,vocalist,Celia Cruz,celia cruz,1,Rolling Stone,single_source_editorial,0.623953,18,,,Celia Cruz,,
104,vocalist,Jim Morrison,jim morrison,1,Ranker,single_source_editorial,0.623626,,,48,Jim Morrison,ranker:1291311,
105,vocalist,Art Garfunkel,art garfunkel,1,Ranker,single_source_editorial,0.622711,,,49,Art Garfunkel,ranker:498461,
106,vocalist,Tony Bennett,tony bennett,1,Ranker,single_source_editorial,0.621795,,,50,Tony Bennett,ranker:2260714,
107,vocalist,H.R.,hr,1,Consequence,single_source_editorial,0.621212,,10,,H.R.,,
108,vocalist,John Denver,john denver,1,Ranker,single_source_editorial,0.620879,,,51,John Denver,ranker:1305432,
109,vocalist,Eddie Vedder,eddie vedder,2,Ranker | Rolling Stone,multi_source_core,0.62072,105,,180,Eddie Vedder,ranker:910614,
110,vocalist,Christina Aguilera,christina aguilera,2,Ranker | Rolling Stone,multi_source_core,0.61945,141,,84,Christina Aguilera,ranker:725023,
111,vocalist,Neil Diamond,neil diamond,1,Ranker,single_source_editorial,0.619048,,,53,Neil Diamond,ranker:1659549,
112,vocalist,Patti Smith,patti smith,3,Consequence | Ranker | Rolling Stone,multi_source_core,0.61853,117,95,414,Patti Smith,ranker:1764384,
113,vocalist,Bruno Mars,bruno mars,1,Ranker,single_source_editorial,0.618132,,,54,Bruno Mars,ranker:31299119,
114,vocalist,Emmylou Harris,emmylou harris,2,Ranker | Rolling Stone,multi_source_core,0.616754,79,,260,Emmylou Harris,ranker:938728,
115,vocalist,Tom Jones,tom jones,1,Ranker,single_source_editorial,0.6163,,,56,Tom Jones,ranker:2258196,
116,vocalist,Selena,selena,2,Ranker | Rolling Stone,multi_source_core,0.614264,89,,238,Selena,ranker:1999876,
117,vocalist,Steven Tyler,steven tyler,1,Ranker,single_source_editorial,0.613553,,,59,Steven Tyler,ranker:2096165,
118,vocalist,Sting,sting,1,Ranker,single_source_editorial,0.611722,,,61,Sting,ranker:2099959,
119,vocalist,Muddy Waters,muddy waters,2,Ranker | Rolling Stone,multi_source_core,0.60998,72,,294,Muddy Waters,ranker:1627187,
120,vocalist,Bryan Adams,bryan adams,1,Ranker,single_source_editorial,0.60989,,,63,Bryan Adams,ranker:637393,
121,vocalist,Pat Benatar,pat benatar,1,Ranker,single_source_editorial,0.608974,,,64,Pat Benatar,ranker:1764604,
122,vocalist,Taylor Swift,taylor swift,2,Ranker | Rolling Stone,multi_source_core,0.607548,102,,217,Taylor Swift,ranker:2153992,
123,vocalist,Dionne Warwick,dionne warwick,1,Ranker,single_source_editorial,0.606227,,,67,Dionne Warwick,ranker:860619,
124,vocalist,Morrissey,morrissey,3,Consequence | Ranker | Rolling Stone,multi_source_core,0.605658,166,77,421,Morrissey,ranker:1616277,
125,vocalist,Barbra Streisand,barbra streisand,2,Ranker | Rolling Stone,multi_source_core,0.605044,147,,99,Barbra Streisand,ranker:541722,
126,vocalist,Alison Krauss,alison krauss,2,Consequence | Ranker,multi_source_core,0.604423,,63,159,Alison Krauss,ranker:433506,
127,vocalist,Barry Gibb,barry gibb,1,Ranker,single_source_editorial,0.604396,,,69,Barry Gibb,ranker:545635,
128,vocalist,Jon Bon Jovi,jon bon jovi,1,Ranker,single_source_editorial,0.60348,,,70,Jon Bon Jovi,ranker:1319687,
129,vocalist,John Fogerty,john fogerty,2,Ranker | Rolling Stone,multi_source_core,0.602557,118,,184,John Fogerty,ranker:1306695,
130,vocalist,Annie Lennox,annie lennox,1,Ranker,single_source_editorial,0.601648,,,72,Annie Lennox,ranker:469419,
131,vocalist,P!nk,p nk,1,Ranker,single_source_editorial,0.600733,,,73,P!nk,ranker:1805620,
132,vocalist,Michael Bublé,michael buble,1,Ranker,single_source_editorial,0.599817,,,74,Michael Bublé,ranker:1572873,
133,vocalist,Don Henley,don henley,1,Ranker,single_source_editorial,0.597985,,,76,Don Henley,ranker:879412,
134,vocalist,Frankie Valli,frankie valli,1,Ranker,single_source_editorial,0.59707,,,77,Frankie Valli,ranker:1017498,
135,vocalist,Carrie Underwood,carrie underwood,2,Ranker | Rolling Stone,multi_source_core,0.596262,158,,88,Carrie Underwood,ranker:678602,
136,vocalist,Kenny Rogers,kenny rogers,1,Ranker,single_source_editorial,0.596154,,,78,Kenny Rogers,ranker:1362401,
137,vocalist,Loretta Lynn,loretta lynn,2,Ranker | Rolling Stone,multi_source_core,0.595043,132,,162,Loretta Lynn,ranker:1472030,
138,vocalist,Carly Simon,carly simon,1,Ranker,single_source_editorial,0.594322,,,80,Carly Simon,ranker:674510,
139,vocalist,Eric Clapton,eric clapton,1,Ranker,single_source_editorial,0.593407,,,81,Eric Clapton,ranker:948820,
140,vocalist,Bessie Smith,bessie smith,2,Ranker | Rolling Stone,multi_source_core,0.593041,33,,438,Bessie Smith,ranker:573757,
141,vocalist,Cher,cher,1,Ranker,single_source_editorial,0.592491,,,82,Cher,ranker:711132,
142,vocalist,Cyndi Lauper,cyndi lauper,1,Ranker,single_source_editorial,0.591575,,,83,Cyndi Lauper,ranker:798916,
143,vocalist,Shania Twain,shania twain,1,Ranker,single_source_editorial,0.589744,,,85,Shania Twain,ranker:2012859,
144,vocalist,George Harrison,george harrison,1,Ranker,single_source_editorial,0.588828,,,86,George Harrison,ranker:1058005,
145,vocalist,Carole King,carole king,1,Ranker,single_source_editorial,0.585165,,,90,Carole King,ranker:676807,
146,vocalist,Minnie Riperton,minnie riperton,2,Ranker | Rolling Stone,multi_source_core,0.584433,65,,369,Minnie Riperton,ranker:1594414,
147,vocalist,Doris Day,doris day,1,Ranker,single_source_editorial,0.584249,,,91,Doris Day,ranker:881369,
148,vocalist,Mike Patton,mike patton,2,Consequence | Ranker,multi_source_core,0.583514,,8,508,Mike Patton,ranker:1586268,
149,vocalist,James Taylor,james taylor,1,Ranker,single_source_editorial,0.581502,,,94,James Taylor,ranker:1264600,
150,vocalist,Buddy Holly,buddy holly,2,Ranker | Rolling Stone,multi_source_core,0.580282,174,,79,Buddy Holly,ranker:639919,
151,vocalist,Glen Campbell,glen campbell,1,Ranker,single_source_editorial,0.578755,,,97,Glen Campbell,ranker:1077580,
152,vocalist,Johnny Mathis,johnny mathis,1,Ranker,single_source_editorial,0.577839,,,98,Johnny Mathis,ranker:1300937,
153,vocalist,Alicia Keys,alicia keys,2,Ranker | Rolling Stone,multi_source_core,0.576537,185,,57,Alicia Keys,ranker:432779,
154,vocalist,Reba McEntire,reba mcentire,1,Ranker,single_source_editorial,0.576007,,,100,Reba McEntire,ranker:1881353,
155,vocalist,Jim Croce,jim croce,1,Ranker,single_source_editorial,0.575092,,,101,Jim Croce,ranker:1290389,
156,vocalist,Huey Lewis,huey lewis,1,Ranker,single_source_editorial,0.57326,,,103,Huey Lewis,ranker:1187190,
157,vocalist,Jimi Hendrix,jimi hendrix,1,Ranker,single_source_editorial,0.571429,,,105,Jimi Hendrix,ranker:1288474,
158,vocalist,Kendrick Lamar,kendrick lamar,1,Consequence,single_source_editorial,0.570707,,20,,Kendrick Lamar,,
159,vocalist,Tom Petty,tom petty,1,Ranker,single_source_editorial,0.568681,,,108,Tom Petty,ranker:62169354,
160,vocalist,Aaliyah,aaliyah,1,Rolling Stone,single_source_editorial,0.568677,40,,,Aaliyah,,
161,vocalist,David Ruffin,david ruffin,2,Ranker | Rolling Stone,multi_source_core,0.568525,66,,401,David Ruffin,ranker:826184,
162,vocalist,Paul Simon,paul simon,1,Ranker,single_source_editorial,0.567766,,,109,Paul Simon,ranker:1769838,
163,vocalist,Bob Seger,bob seger,2,Ranker | Rolling Stone,multi_source_core,0.56691,181,,89,Bob Seger,ranker:605496,
164,vocalist,Jackie Wilson,jackie wilson,2,Ranker | Rolling Stone,multi_source_core,0.566737,121,,254,Jackie Wilson,ranker:1251377,
165,vocalist,Anita Baker,anita baker,2,Ranker | Rolling Stone,multi_source_core,0.566539,92,,334,Anita Baker,ranker:466402,
166,vocalist,Kelly Clarkson,kelly clarkson,2,Ranker | Rolling Stone,multi_source_core,0.566146,194,,55,Kelly Clarkson,ranker:1359806,
167,vocalist,Sarah McLachlan,sarah mclachlan,1,Ranker,single_source_editorial,0.565934,,,111,Sarah McLachlan,ranker:1978383,
168,vocalist,Chrissie Hynde,chrissie hynde,2,Ranker | Rolling Stone,multi_source_core,0.565916,114,,275,Chrissie Hynde,ranker:723362,
169,vocalist,Sade Adu,sade adu,1,Ranker,single_source_editorial,0.565018,,,112,Sade Adu,ranker:1958203,
170,vocalist,Debbie Harry,debbie harry,2,Ranker | Rolling Stone,multi_source_core,0.564468,168,,130,Debbie Harry,ranker:832444,
171,vocalist,Enya,enya,1,Ranker,single_source_editorial,0.564103,,,113,Enya,ranker:944950,
172,vocalist,B.B. King,bb king,1,Ranker,single_source_editorial,0.561355,,,116,B.B. King,ranker:651860,
173,vocalist,Meat Loaf,meat loaf,1,Ranker,single_source_editorial,0.559524,,,118,Meat Loaf,ranker:1555529,
174,vocalist,Tom Waits,tom waits,2,Consequence | Ranker,multi_source_core,0.55865,,28,452,Tom Waits,ranker:2259330,
175,vocalist,Phil Everly,phil everly,1,Ranker,single_source_editorial,0.558608,,,119,Phil Everly,ranker:1795624,
176,vocalist,Bobby Darin,bobby darin,1,Ranker,single_source_editorial,0.556777,,,121,Bobby Darin,ranker:602829,
177,vocalist,D’Angelo,d angelo,2,Consequence | Rolling Stone,multi_source_core,0.556025,75,74,,DAngelo | D’Angelo,,
178,vocalist,Cass Elliot,cass elliot,1,Ranker,single_source_editorial,0.555861,,,122,Cass Elliot,ranker:10885621,
179,vocalist,Joe Cocker,joe cocker,1,Ranker,single_source_editorial,0.554945,,,123,Joe Cocker,ranker:1296428,
180,vocalist,Bonnie Tyler,bonnie tyler,1,Ranker,single_source_editorial,0.554029,,,124,Bonnie Tyler,ranker:610327,
181,vocalist,George Strait,george strait,2,Ranker | Rolling Stone,multi_source_core,0.553903,156,,186,George Strait,ranker:1060383,
182,vocalist,Usher,usher,2,Ranker | Rolling Stone,multi_source_core,0.553848,97,,348,Usher,ranker:2313962,
183,vocalist,Aaron Neville,aaron neville,2,Ranker | Rolling Stone,multi_source_core,0.553753,104,,329,Aaron Neville,ranker:387728,
184,vocalist,Tammy Wynette,tammy wynette,2,Ranker | Rolling Stone,multi_source_core,0.553247,127,,267,Tammy Wynette,ranker:2147181,
185,vocalist,Norah Jones,norah jones,1,Ranker,single_source_editorial,0.552198,,,126,Norah Jones,ranker:1688286,
186,vocalist,Ronnie Spector,ronnie spector,2,Ranker | Rolling Stone,multi_source_core,0.552053,70,,426,Ronnie Spector,ranker:1935873,
187,vocalist,Billy Idol,billy idol,1,Ranker,single_source_editorial,0.550366,,,128,Billy Idol,ranker:583727,
188,vocalist,Bette Midler,bette midler,1,Ranker,single_source_editorial,0.549451,,,129,Bette Midler,ranker:575894,
189,vocalist,Sinéad O'Connor,sinead o connor,2,Consequence | Ranker,multi_source_core,0.548438,,81,182,Sinéad O'Connor | Sinéad OConnor,ranker:2537150,
190,vocalist,Shakira,shakira,1,Ranker,single_source_editorial,0.547619,,,131,Shakira,ranker:2011542,
191,vocalist,Ed Sheeran,ed sheeran,1,Ranker,single_source_editorial,0.546703,,,132,Ed Sheeran,ranker:62056554,
192,vocalist,Big Mama Thornton,big mama thornton,2,Consequence | Ranker,multi_source_core,0.54594,,45,386,Big Mama Thornton,ranker:581612,
193,vocalist,Peter Gabriel,peter gabriel,1,Ranker,single_source_editorial,0.545788,,,133,Peter Gabriel,ranker:1785728,
194,vocalist,Andy Williams,andy williams,1,Ranker,single_source_editorial,0.544872,,,134,Andy Williams,ranker:462381,
195,vocalist,Alanis Morissette,alanis morissette,1,Ranker,single_source_editorial,0.543956,,,135,Alanis Morissette,ranker:418271,
196,vocalist,Faith Hill,faith hill,1,Ranker,single_source_editorial,0.54304,,,136,Faith Hill,ranker:973976,
197,vocalist,Marie Osmond,marie osmond,1,Ranker,single_source_editorial,0.542125,,,137,Marie Osmond,ranker:1521748,
198,vocalist,Daryl Hall,daryl hall,1,Ranker,single_source_editorial,0.540293,,,139,Daryl Hall,ranker:817594,
199,vocalist,Natalie Cole,natalie cole,1,Ranker,single_source_editorial,0.539377,,,140,Natalie Cole,ranker:1648903,
200,vocalist,Édith Piaf,edith piaf,1,Ranker,single_source_editorial,0.538462,,,141,Édith Piaf,ranker:912302,
201,vocalist,Merle Haggard,merle haggard,2,Ranker | Rolling Stone,multi_source_core,0.537139,138,,272,Merle Haggard,ranker:1565940,
202,vocalist,Miriam Makeba,miriam makeba,1,Rolling Stone,single_source_editorial,0.536013,53,,,Miriam Makeba,,
203,vocalist,Garth Brooks,garth brooks,1,Ranker,single_source_editorial,0.535714,,,144,Garth Brooks,ranker:1045317,
204,vocalist,Olivia Newton-John,olivia newton john,1,Ranker,single_source_editorial,0.533883,,,146,Olivia Newton-John,ranker:1718051,
205,vocalist,Joan Jett,joan jett,1,Ranker,single_source_editorial,0.532967,,,147,Joan Jett,ranker:1293832,
206,vocalist,Darlene Love,darlene love,2,Ranker | Rolling Stone,multi_source_core,0.532806,144,,265,Darlene Love,ranker:816226,
207,vocalist,Lou Reed,lou reed,2,Ranker | Rolling Stone,multi_source_core,0.532127,107,,368,Lou Reed,ranker:1478302,
208,vocalist,John Legend,john legend,1,Ranker,single_source_editorial,0.532051,,,148,John Legend,ranker:1310186,
209,vocalist,Tracy Chapman,tracy chapman,1,Ranker,single_source_editorial,0.531136,,,149,Tracy Chapman,ranker:2269578,
210,vocalist,Bonnie Raitt,bonnie raitt,2,Ranker | Rolling Stone,multi_source_core,0.530068,187,,153,Bonnie Raitt,ranker:610298,
211,vocalist,Jennifer Hudson,jennifer hudson,1,Ranker,single_source_editorial,0.529304,,,151,Jennifer Hudson,ranker:1281438,
212,vocalist,"Harry Connick, Jr.",harry connick jr,1,Ranker,single_source_editorial,0.526557,,,154,"Harry Connick, Jr.",ranker:1133064,
213,vocalist,Glenn Frey,glenn frey,1,Ranker,single_source_editorial,0.525641,,,155,Glenn Frey,ranker:1077051,
214,vocalist,Sia,sia,1,Ranker,single_source_editorial,0.52381,,,157,Sia,ranker:2026061,
215,vocalist,Brenda Lee,brenda lee,2,Ranker | Rolling Stone,multi_source_core,0.523354,161,,239,Brenda Lee,ranker:623982,
216,vocalist,Plácido Domingo,placido domingo,1,Ranker,single_source_editorial,0.522894,,,158,Plácido Domingo,ranker:1811318,
217,vocalist,Gloria Estefan,gloria estefan,1,Ranker,single_source_editorial,0.521062,,,160,Gloria Estefan,ranker:1078998,
218,vocalist,Howlin&#8217; Wolf,howlin 8217 wolf,1,Rolling Stone,single_source_editorial,0.520938,59,,,Howlin&#8217; Wolf,,
219,vocalist,"Sammy Davis, Jr.",sammy davis jr,1,Ranker,single_source_editorial,0.520147,,,161,"Sammy Davis, Jr.",ranker:1967051,
220,vocalist,Justin Timberlake,justin timberlake,1,Ranker,single_source_editorial,0.518315,,,163,Justin Timberlake,ranker:1337602,
221,vocalist,Gordon Lightfoot,gordon lightfoot,1,Ranker,single_source_editorial,0.517399,,,164,Gordon Lightfoot,ranker:1088496,
222,vocalist,Amy Lee,amy lee,1,Ranker,single_source_editorial,0.516484,,,165,Amy Lee,ranker:453396,
223,vocalist,Umm Kulthum,umm kulthum,1,Rolling Stone,single_source_editorial,0.515913,61,,,Umm Kulthum,,
224,vocalist,Seal,seal,1,Ranker,single_source_editorial,0.515568,,,166,Seal,ranker:1993657,
225,vocalist,Anne Murray,anne murray,1,Ranker,single_source_editorial,0.514652,,,167,Anne Murray,ranker:468958,
226,vocalist,Jewel,jewel,1,Ranker,single_source_editorial,0.513736,,,168,Jewel,ranker:1286898,
227,vocalist,Don Everly,don everly,1,Ranker,single_source_editorial,0.512821,,,169,Don Everly,ranker:879238,
228,vocalist,Nancy Wilson,nancy wilson::ranker:1645449,1,Ranker,single_source_editorial,0.510989,,,171,Nancy Wilson,ranker:1645449,
229,vocalist,Lana Del Rey,lana del rey,2,Ranker | Rolling Stone,multi_source_core,0.510803,175,,228,Lana Del Rey,ranker:63420914,
230,vocalist,DMX,dmx,1,Consequence,single_source_editorial,0.510101,,32,,DMX,,
231,vocalist,Michael Hutchence,michael hutchence,1,Ranker,single_source_editorial,0.510073,,,172,Michael Hutchence,ranker:1574388,
232,vocalist,Ben E. King,ben e king,1,Ranker,single_source_editorial,0.508242,,,174,Ben E. King,ranker:568321,
233,vocalist,Peggy Lee,peggy lee,1,Ranker,single_source_editorial,0.505495,,,177,Peggy Lee,ranker:1774795,
234,vocalist,Susan Boyle,susan boyle,1,Ranker,single_source_editorial,0.504579,,,178,Susan Boyle,ranker:16875828,
235,vocalist,Connie Francis,connie francis,1,Ranker,single_source_editorial,0.503663,,,179,Connie Francis,ranker:768258,
236,vocalist,Petula Clark,petula clark,1,Ranker,single_source_editorial,0.501832,,,181,Petula Clark,ranker:1790335,
237,vocalist,Dennis Brown,dennis brown,1,Rolling Stone,single_source_editorial,0.500838,67,,,Dennis Brown,,
238,vocalist,Frankie Avalon,frankie avalon,1,Ranker,single_source_editorial,0.5,,,183,Frankie Avalon,ranker:1017334,
239,vocalist,Vera Lynn,vera lynn,1,Ranker,single_source_editorial,0.498168,,,185,Vera Lynn,ranker:2330217,
240,vocalist,Robert Palmer,robert palmer,1,Ranker,single_source_editorial,0.496337,,,187,Robert Palmer,ranker:1921960,
241,vocalist,Youssou N&#8217;Dour,youssou n 8217 dour,1,Rolling Stone,single_source_editorial,0.495812,69,,,Youssou N&#8217;Dour,,
242,vocalist,Donny Osmond,donny osmond,1,Ranker,single_source_editorial,0.495421,,,188,Donny Osmond,ranker:877882,
243,vocalist,Michael Stipe,michael stipe,2,Ranker | Rolling Stone,multi_source_core,0.494825,152,,326,Michael Stipe,ranker:1576548,
244,vocalist,Gwen Stefani,gwen stefani,1,Ranker,single_source_editorial,0.494505,,,189,Gwen Stefani,ranker:1115307,
245,vocalist,Cat Stevens,cat stevens,1,Ranker,single_source_editorial,0.49359,,,190,Cat Stevens,ranker:686082,
246,vocalist,Chester Bennington,chester bennington,1,Ranker,single_source_editorial,0.492674,,,191,Chester Bennington,ranker:712302,
247,vocalist,Barry Manilow,barry manilow,1,Ranker,single_source_editorial,0.491758,,,192,Barry Manilow,ranker:545813,
248,vocalist,Robin Gibb,robin gibb,1,Ranker,single_source_editorial,0.490842,,,193,Robin Gibb,ranker:1924032,
249,vocalist,Maria Callas,maria callas,1,Ranker,single_source_editorial,0.489927,,,194,Maria Callas,ranker:1520270,
250,vocalist,Lesley Gore,lesley gore,1,Ranker,single_source_editorial,0.489011,,,195,Lesley Gore,ranker:1436248,
251,vocalist,Jerry Lee Lewis,jerry lee lewis,1,Ranker,single_source_editorial,0.488095,,,196,Jerry Lee Lewis,ranker:1284272,
252,vocalist,Layne Staley,layne staley,2,Consequence | Ranker,multi_source_core,0.487263,,55,459,Layne Staley,ranker:1420900,
253,vocalist,Enrico Caruso,enrico caruso,1,Ranker,single_source_editorial,0.487179,,,197,Enrico Caruso,ranker:943416,
254,vocalist,David Gilmour,david gilmour,1,Ranker,single_source_editorial,0.486264,,,198,David Gilmour,ranker:823195,
255,vocalist,Ronnie James Dio,ronnie james dio,2,Consequence | Rolling Stone,multi_source_core,0.485889,165,57,,Ronnie James Dio,,
256,vocalist,Héctor Lavoe,hector lavoe,1,Rolling Stone,single_source_editorial,0.485762,73,,,Héctor Lavoe,,
257,vocalist,Liza Minnelli,liza minnelli,1,Ranker,single_source_editorial,0.485348,,,199,Liza Minnelli,ranker:1461809,
258,vocalist,Ritchie Valens,ritchie valens,1,Ranker,single_source_editorial,0.484432,,,200,Ritchie Valens,ranker:1913367,
259,vocalist,LeAnn Rimes,leann rimes,1,Ranker,single_source_editorial,0.483516,,,201,LeAnn Rimes,ranker:1426072,
260,vocalist,Adam Lambert,adam lambert,1,Ranker,single_source_editorial,0.481685,,,203,Adam Lambert,ranker:23866500,
261,vocalist,Brian Johnson,brian johnson,1,Ranker,single_source_editorial,0.480769,,,204,Brian Johnson,ranker:626142,
262,vocalist,Christine McVie,christine mcvie,1,Ranker,single_source_editorial,0.479853,,,205,Christine McVie,ranker:725418,
263,vocalist,Bon Scott,bon scott,1,Ranker,single_source_editorial,0.478938,,,206,Bon Scott,ranker:610592,
264,vocalist,Florence Welch,florence welch,2,Ranker | Rolling Stone,multi_source_core,0.478731,128,,427,Florence Welch,ranker:63525773,
265,vocalist,Sarah Vaughan,sarah vaughan,1,Ranker,single_source_editorial,0.477106,,,208,Sarah Vaughan,ranker:1978585,
266,vocalist,Harry Belafonte,harry belafonte,1,Ranker,single_source_editorial,0.47619,,,209,Harry Belafonte,ranker:1132881,
267,vocalist,Alice Cooper,alice cooper,1,Ranker,single_source_editorial,0.475275,,,210,Alice Cooper,ranker:432383,
268,vocalist,Don McLean,don mclean,1,Ranker,single_source_editorial,0.474359,,,211,Don McLean,ranker:879748,
269,vocalist,Lindsey Buckingham,lindsey buckingham,1,Ranker,single_source_editorial,0.473443,,,212,Lindsey Buckingham,ranker:1450974,
270,vocalist,Lena Horne,lena horne,1,Ranker,single_source_editorial,0.472527,,,213,Lena Horne,ranker:1431936,
271,vocalist,Sheryl Crow,sheryl crow,1,Ranker,single_source_editorial,0.471612,,,214,Sheryl Crow,ranker:2018415,
272,vocalist,Michael Bolton,michael bolton,1,Ranker,single_source_editorial,0.470696,,,215,Michael Bolton,ranker:1572745,
273,vocalist,Lenny Kravitz,lenny kravitz,1,Ranker,single_source_editorial,0.46978,,,216,Lenny Kravitz,ranker:1432455,
274,vocalist,Joan Baez,joan baez,2,Ranker | Rolling Stone,multi_source_core,0.469405,189,,280,Joan Baez,ranker:1293641,
275,vocalist,Eminem,eminem,1,Ranker,single_source_editorial,0.467949,,,218,Eminem,ranker:937841,
276,vocalist,Martina McBride,martina mcbride,1,Ranker,single_source_editorial,0.466117,,,220,Martina McBride,ranker:1531137,
277,vocalist,Bryan Ferry,bryan ferry,2,Ranker | Rolling Stone,multi_source_core,0.465744,150,,395,Bryan Ferry,ranker:637507,
278,vocalist,João Gilberto,joao gilberto,1,Rolling Stone,single_source_editorial,0.465662,81,,,João Gilberto,,
279,vocalist,Sam Smith,sam smith,1,Ranker,single_source_editorial,0.465201,,,221,Sam Smith,ranker:80404061,
280,vocalist,Montserrat Caballé,montserrat caballe,1,Ranker,single_source_editorial,0.464286,,,222,Montserrat Caballé,ranker:1612126,
281,vocalist,Davy Jones,davy jones,1,Ranker,single_source_editorial,0.46337,,,223,Davy Jones,ranker:62013628,
282,vocalist,Josh Groban,josh groban,1,Ranker,single_source_editorial,0.462454,,,224,Josh Groban,ranker:1326538,
283,vocalist,Peter Cetera,peter cetera,1,Ranker,single_source_editorial,0.461538,,,225,Peter Cetera,ranker:1785079,
284,vocalist,Robert Smith,robert smith,2,Ranker | Rolling Stone,multi_source_core,0.461529,157,,385,Robert Smith,ranker:1922686,
285,vocalist,Robert Johnson,robert johnson,2,Ranker | Rolling Stone,multi_source_core,0.46132,124,,476,Robert Johnson,ranker:1920475,
286,vocalist,Dennis Wilson,dennis wilson,1,Ranker,single_source_editorial,0.460623,,,226,Dennis Wilson,ranker:842406,
287,vocalist,Bruce Dickinson,bruce dickinson,2,Consequence | Ranker,multi_source_core,0.460123,,73,419,Bruce Dickinson,ranker:635415,
288,vocalist,Michael McDonald,michael mcdonald,1,Ranker,single_source_editorial,0.459707,,,227,Michael McDonald,ranker:1575295,
289,vocalist,Erykah Badu,erykah badu,2,Ranker | Rolling Stone,multi_source_core,0.459348,115,,505,Erykah Badu,ranker:953633,
290,vocalist,Lata Mangeshkar,lata mangeshkar,1,Rolling Stone,single_source_editorial,0.458124,84,,,Lata Mangeshkar,,
291,vocalist,Chris Isaak,chris isaak,1,Ranker,single_source_editorial,0.457875,,,229,Chris Isaak,ranker:728706,
292,vocalist,Waylon Jennings,waylon jennings,1,Ranker,single_source_editorial,0.45696,,,230,Waylon Jennings,ranker:2365223,
293,vocalist,PJ Harvey,pj harvey,2,Ranker | Rolling Stone,multi_source_core,0.456916,145,,428,PJ Harvey,ranker:1810993,
294,vocalist,Adam Levine,adam levine,1,Ranker,single_source_editorial,0.456044,,,231,Adam Levine,ranker:399709,
295,vocalist,Kylie Minogue,kylie minogue,1,Ranker,single_source_editorial,0.454212,,,233,Kylie Minogue,ranker:1400691,
296,vocalist,Paul Young,paul young,1,Ranker,single_source_editorial,0.453297,,,234,Paul Young,ranker:1770553,
297,vocalist,Laura Branigan,laura branigan,1,Ranker,single_source_editorial,0.452381,,,235,Laura Branigan,ranker:1417635,
298,vocalist,Steve Winwood,steve winwood,1,Ranker,single_source_editorial,0.451465,,,236,Steve Winwood,ranker:2098583,
299,vocalist,Shirley Bassey,shirley bassey,1,Ranker,single_source_editorial,0.450549,,,237,Shirley Bassey,ranker:2021159,
300,vocalist,Donny Hathaway,donny hathaway,2,Ranker | Rolling Stone,multi_source_core,0.448734,126,,498,Donny Hathaway,ranker:877868,
301,vocalist,Jimmie Rodgers,jimmie rodgers,1,Rolling Stone,single_source_editorial,0.448074,88,,,Jimmie Rodgers,,
302,vocalist,A-ha,a ha,1,Ranker,single_source_editorial,0.447802,,,240,A-ha,ranker:386239,
303,vocalist,Lou Rawls,lou rawls,1,Ranker,single_source_editorial,0.446886,,,241,Lou Rawls,ranker:1478300,
304,vocalist,Mario Lanza,mario lanza,1,Ranker,single_source_editorial,0.445971,,,242,Mario Lanza,ranker:1523564,
305,vocalist,Roger Waters,roger waters,1,Ranker,single_source_editorial,0.445055,,,243,Roger Waters,ranker:1930837,
306,vocalist,Carl Wilson,carl wilson,1,Ranker,single_source_editorial,0.444139,,,244,Carl Wilson,ranker:675664,
307,vocalist,Avril Lavigne,avril lavigne,1,Ranker,single_source_editorial,0.443223,,,245,Avril Lavigne,ranker:518322,
308,vocalist,Solomon Burke,solomon burke,2,Consequence | Rolling Stone,multi_source_core,0.443074,183,65,,Solomon Burke,,
309,vocalist,Gal Costa,gal costa,1,Rolling Stone,single_source_editorial,0.443049,90,,,Gal Costa,,
310,vocalist,Janet Jackson,janet jackson,1,Ranker,single_source_editorial,0.441392,,,247,Janet Jackson,ranker:1266607,
311,vocalist,Nusrat Fateh Ali Khan,nusrat fateh ali khan,1,Rolling Stone,single_source_editorial,0.440536,91,,,Nusrat Fateh Ali Khan,,
312,vocalist,Leona Lewis,leona lewis,1,Ranker,single_source_editorial,0.440476,,,248,Leona Lewis,ranker:1433624,
313,vocalist,Richard Marx,richard marx,1,Ranker,single_source_editorial,0.43956,,,249,Richard Marx,ranker:1905554,
314,vocalist,Jazmine Sullivan,jazmine sullivan,2,Consequence | Rolling Stone,multi_source_core,0.43928,182,67,,Jazmine Sullivan,,
315,vocalist,Cliff Richard,cliff richard,1,Ranker,single_source_editorial,0.438645,,,250,Cliff Richard,ranker:746569,
316,vocalist,Harry Nilsson,harry nilsson,1,Ranker,single_source_editorial,0.437729,,,251,Harry Nilsson,ranker:1133791,
317,vocalist,Gloria Gaynor,gloria gaynor,1,Ranker,single_source_editorial,0.436813,,,252,Gloria Gaynor,ranker:1079014,
318,vocalist,Idina Menzel,idina menzel,1,Ranker,single_source_editorial,0.435897,,,253,Idina Menzel,ranker:1207749,
319,vocalist,Bobby Vinton,bobby vinton,1,Ranker,single_source_editorial,0.434066,,,255,Bobby Vinton,ranker:603473,
320,vocalist,Marilyn Horne,marilyn horne,1,Ranker,single_source_editorial,0.43315,,,256,Marilyn Horne,ranker:1522082,
321,vocalist,Levon Helm,levon helm,2,Ranker | Rolling Stone,multi_source_core,0.433001,148,,472,Levon Helm,ranker:1440519,
322,vocalist,Toots Hibbert,toots hibbert,1,Rolling Stone,single_source_editorial,0.432998,94,,,Toots Hibbert,,
323,vocalist,Belinda Carlisle,belinda carlisle,1,Ranker,single_source_editorial,0.432234,,,257,Belinda Carlisle,ranker:562794,
324,vocalist,Sandy Denny,sandy denny,2,Ranker | Rolling Stone,multi_source_core,0.431673,164,,431,Sandy Denny,ranker:1972056,
325,vocalist,Nancy Wilson,nancy wilson::ranker:1645451,1,Ranker,single_source_editorial,0.431319,,,258,Nancy Wilson,ranker:1645451,
326,vocalist,Vicente Fernández,vicente fernandez,1,Rolling Stone,single_source_editorial,0.430486,95,,,Vicente Fernández,,
327,vocalist,Joe Strummer,joe strummer,2,Consequence | Rolling Stone,multi_source_core,0.43008,125,99,,Joe Strummer,,
328,vocalist,Engelbert Humperdinck,engelbert humperdinck,1,Ranker,single_source_editorial,0.428571,,,261,Engelbert Humperdinck,ranker:941958,
329,vocalist,Israel Kamakawiwo'ole,israel kamakawiwo ole,1,Ranker,single_source_editorial,0.427656,,,262,Israel Kamakawiwo'ole,ranker:1242275,
330,vocalist,Françoise Hardy,francoise hardy,2,Ranker | Rolling Stone,multi_source_core,0.42686,162,,447,Françoise Hardy,ranker:1016515,
331,vocalist,Marianne Faithfull,marianne faithfull,2,Ranker | Rolling Stone,multi_source_core,0.426777,173,,417,Marianne Faithfull,ranker:1519677,
332,vocalist,Marc Bolan,marc bolan,1,Ranker,single_source_editorial,0.42674,,,263,Marc Bolan,ranker:1517096,
333,vocalist,Katy Perry,katy perry,1,Ranker,single_source_editorial,0.425824,,,264,Katy Perry,ranker:10865225,
334,vocalist,David Gray,david gray,1,Ranker,single_source_editorial,0.423993,,,266,David Gray,ranker:823288,
335,vocalist,Jessie J,jessie j,1,Ranker,single_source_editorial,0.422161,,,268,Jessie J,ranker:62039062,
336,vocalist,Dolores O'Riordan,dolores o riordan,2,Consequence | Ranker,multi_source_core,0.421343,,86,432,Dolores O'Riordan | Dolores ORiordan,ranker:873284,
337,vocalist,Eddie Cochran,eddie cochran,1,Ranker,single_source_editorial,0.421245,,,269,Eddie Cochran,ranker:910012,
338,vocalist,Clyde McPhatter,clyde mcphatter,1,Rolling Stone,single_source_editorial,0.420436,99,,,Clyde McPhatter,,
339,vocalist,Gene Vincent,gene vincent,1,Ranker,single_source_editorial,0.42033,,,270,Gene Vincent,ranker:61981233,
340,vocalist,Dinah Washington,dinah washington,1,Ranker,single_source_editorial,0.419414,,,271,Dinah Washington,ranker:859343,
341,vocalist,Busta Rhymes,busta rhymes,1,Consequence,single_source_editorial,0.419192,,50,,Busta Rhymes,,
342,vocalist,James Blunt,james blunt,1,Ranker,single_source_editorial,0.417582,,,273,James Blunt,ranker:1259464,
343,vocalist,Alison Moyet,alison moyet,1,Ranker,single_source_editorial,0.416667,,,274,Alison Moyet,ranker:433536,
344,vocalist,Chris Stapleton,chris stapleton,2,Consequence | Rolling Stone,multi_source_core,0.416476,170,82,,Chris Stapleton,,
345,vocalist,Leontyne Price,leontyne price,1,Ranker,single_source_editorial,0.414835,,,276,Leontyne Price,ranker:1434011,
346,vocalist,Madonna,madonna,1,Ranker,single_source_editorial,0.413919,,,277,Madonna,ranker:1496822,
347,vocalist,Paul Anka,paul anka,1,Ranker,single_source_editorial,0.413004,,,278,Paul Anka,ranker:1766231,
348,vocalist,Jackson Browne,jackson browne,1,Ranker,single_source_editorial,0.412088,,,279,Jackson Browne,ranker:1251598,
349,vocalist,David Crosby,david crosby,1,Ranker,single_source_editorial,0.410256,,,281,David Crosby,ranker:822309,
350,vocalist,Grace Slick,grace slick,1,Ranker,single_source_editorial,0.409341,,,282,Grace Slick,ranker:1092159,
351,vocalist,Sarah Brightman,sarah brightman,1,Ranker,single_source_editorial,0.408425,,,283,Sarah Brightman,ranker:1978058,
352,vocalist,Lisa Stansfield,lisa stansfield,1,Ranker,single_source_editorial,0.406593,,,285,Lisa Stansfield,ranker:1454179,
353,vocalist,k.d. lang,kd lang,1,Ranker,single_source_editorial,0.405678,,,286,k.d. lang,ranker:1401623,
354,vocalist,Conway Twitty,conway twitty,1,Ranker,single_source_editorial,0.404762,,,287,Conway Twitty,ranker:771977,
355,vocalist,Tim McGraw,tim mcgraw,1,Ranker,single_source_editorial,0.403846,,,288,Tim McGraw,ranker:2248280,
356,vocalist,Agnetha Fältskog,agnetha faltskog,1,Ranker,single_source_editorial,0.40293,,,289,Agnetha Fältskog,ranker:410064,
357,vocalist,Jeff Lynne,jeff lynne,1,Ranker,single_source_editorial,0.402015,,,290,Jeff Lynne,ranker:1279900,
358,vocalist,Mick Hucknall,mick hucknall,1,Ranker,single_source_editorial,0.401099,,,291,Mick Hucknall,ranker:1579359,
359,vocalist,Jessye Norman,jessye norman,1,Ranker,single_source_editorial,0.400183,,,292,Jessye Norman,ranker:1286044,
360,vocalist,Renée Fleming,renee fleming,1,Ranker,single_source_editorial,0.399267,,,293,Renée Fleming,ranker:1892720,
361,vocalist,Caetano Veloso,caetano veloso,1,Rolling Stone,single_source_editorial,0.397822,108,,,Caetano Veloso,,
362,vocalist,Nancy Sinatra,nancy sinatra,1,Ranker,single_source_editorial,0.39652,,,296,Nancy Sinatra,ranker:1645384,
363,vocalist,Stevie Ray Vaughan,stevie ray vaughan,1,Ranker,single_source_editorial,0.395604,,,297,Stevie Ray Vaughan,ranker:2098688,
364,vocalist,Brendon Urie,brendon urie,1,Ranker,single_source_editorial,0.392857,,,300,Brendon Urie,ranker:624089,
365,vocalist,The Weeknd,the weeknd,1,Rolling Stone,single_source_editorial,0.392797,110,,,The Weeknd,,
366,vocalist,Harry Chapin,harry chapin,1,Ranker,single_source_editorial,0.391941,,,301,Harry Chapin,ranker:1133025,
367,vocalist,Chris Martin,chris martin,1,Ranker,single_source_editorial,0.39011,,,303,Chris Martin,ranker:729040,
368,vocalist,Mark Knopfler,mark knopfler,1,Ranker,single_source_editorial,0.389194,,,304,Mark Knopfler,ranker:1527045,
369,vocalist,David Lee Roth,david lee roth,1,Ranker,single_source_editorial,0.388278,,,305,David Lee Roth,ranker:824455,
370,vocalist,Renata Scotto,renata scotto,1,Ranker,single_source_editorial,0.387363,,,306,Renata Scotto,ranker:1892255,
371,vocalist,Gene Kelly,gene kelly,1,Ranker,single_source_editorial,0.386447,,,307,Gene Kelly,ranker:1052615,
372,vocalist,Debbie Reynolds,debbie reynolds,1,Ranker,single_source_editorial,0.385531,,,308,Debbie Reynolds,ranker:832485,
373,vocalist,La India,la india,1,Rolling Stone,single_source_editorial,0.38526,113,,,La India,,
374,vocalist,Steve Miller,steve miller,1,Ranker,single_source_editorial,0.384615,,,309,Steve Miller,ranker:2097769,
375,vocalist,Amy Grant,amy grant,1,Ranker,single_source_editorial,0.3837,,,310,Amy Grant,ranker:453332,
376,vocalist,Mary Wells,mary wells,1,Ranker,single_source_editorial,0.382784,,,311,Mary Wells,ranker:1536442,
377,vocalist,Melissa Etheridge,melissa etheridge,1,Ranker,single_source_editorial,0.381868,,,312,Melissa Etheridge,ranker:1560831,
378,vocalist,Ellie Goulding,ellie goulding,1,Ranker,single_source_editorial,0.380952,,,313,Ellie Goulding,ranker:31795866,
379,vocalist,Crystal Gayle,crystal gayle,1,Ranker,single_source_editorial,0.379121,,,315,Crystal Gayle,ranker:792136,
380,vocalist,Alan Jackson,alan jackson,1,Ranker,single_source_editorial,0.378205,,,316,Alan Jackson,ranker:418945,
381,vocalist,Chet Baker,chet baker,1,Rolling Stone,single_source_editorial,0.377722,116,,,Chet Baker,,
382,vocalist,Wynonna Judd,wynonna judd,1,Ranker,single_source_editorial,0.377289,,,317,Wynonna Judd,ranker:2417145,
383,vocalist,Boy George,boy george,1,Ranker,single_source_editorial,0.376374,,,318,Boy George,ranker:617662,
384,vocalist,Neil Sedaka,neil sedaka,1,Ranker,single_source_editorial,0.375458,,,319,Neil Sedaka,ranker:1659913,
385,vocalist,Ricky Martin,ricky martin,1,Ranker,single_source_editorial,0.374542,,,320,Ricky Martin,ranker:1908337,
386,vocalist,Elvis Costello,elvis costello,1,Ranker,single_source_editorial,0.373626,,,321,Elvis Costello,ranker:932173,
387,vocalist,Marty Robbins,marty robbins,1,Ranker,single_source_editorial,0.372711,,,322,Marty Robbins,ranker:1533596,
388,vocalist,Serge Gainsbourg,serge gainsbourg,1,Ranker,single_source_editorial,0.371795,,,323,Serge Gainsbourg,ranker:2005039,
389,vocalist,Billie Eilish,billie eilish,2,Ranker | Rolling Stone,multi_source_core,0.371102,198,,470,Billie Eilish,ranker:85373349,
390,vocalist,Gregg Allman,gregg allman,1,Ranker,single_source_editorial,0.370879,,,324,Gregg Allman,ranker:1102202,
391,vocalist,Barrington Levy,barrington levy,1,Rolling Stone,single_source_editorial,0.370184,119,,,Barrington Levy,,
392,vocalist,Vic Damone,vic damone,1,Ranker,single_source_editorial,0.369963,,,325,Vic Damone,ranker:2336202,
393,vocalist,Nelson Eddy,nelson eddy,1,Ranker,single_source_editorial,0.368132,,,327,Nelson Eddy,ranker:1660604,
394,vocalist,Charlie Rich,charlie rich,1,Rolling Stone,single_source_editorial,0.367672,120,,,Charlie Rich,,
395,vocalist,Fred Astaire,fred astaire,1,Ranker,single_source_editorial,0.367216,,,328,Fred Astaire,ranker:1024279,
396,vocalist,Christopher Cross,christopher cross,1,Ranker,single_source_editorial,0.365385,,,330,Christopher Cross,ranker:726259,
397,vocalist,Rosemary Clooney,rosemary clooney,1,Ranker,single_source_editorial,0.364469,,,331,Rosemary Clooney,ranker:1938748,
398,vocalist,Jennifer Warnes,jennifer warnes,1,Ranker,single_source_editorial,0.363553,,,332,Jennifer Warnes,ranker:1281693,
399,vocalist,Rufus Wainwright,rufus wainwright,1,Ranker,single_source_editorial,0.362637,,,333,Rufus Wainwright,ranker:1948487,
400,vocalist,Jack Johnson,jack johnson,1,Ranker,single_source_editorial,0.360806,,,335,Jack Johnson,ranker:1253122,
401,vocalist,KT Tunstall,kt tunstall,1,Ranker,single_source_editorial,0.35989,,,336,KT Tunstall,ranker:1395976,
402,vocalist,Thomas Hampson,thomas hampson,1,Ranker,single_source_editorial,0.358974,,,337,Thomas Hampson,ranker:2236648,
403,vocalist,Micky Dolenz,micky dolenz,1,Ranker,single_source_editorial,0.358059,,,338,Micky Dolenz,ranker:1579193,
404,vocalist,George Benson,george benson,1,Ranker,single_source_editorial,0.357143,,,339,George Benson,ranker:1056236,
405,vocalist,Bo Diddley,bo diddley,1,Ranker,single_source_editorial,0.356227,,,340,Bo Diddley,ranker:617879,
406,vocalist,Demi Lovato,demi lovato,1,Ranker,single_source_editorial,0.355311,,,341,Demi Lovato,ranker:839320,
407,vocalist,Eric Burdon,eric burdon,1,Ranker,single_source_editorial,0.354396,,,342,Eric Burdon,ranker:948746,
408,vocalist,Grace Bumbry,grace bumbry,1,Ranker,single_source_editorial,0.35348,,,343,Grace Bumbry,ranker:1091982,
409,vocalist,John Mayer,john mayer,1,Ranker,single_source_editorial,0.352564,,,344,John Mayer,ranker:1311074,
410,vocalist,Lawrence Brownlee,lawrence brownlee,1,Ranker,single_source_editorial,0.351648,,,345,Lawrence Brownlee,ranker:32614871,
411,vocalist,Woody Guthrie,woody guthrie,1,Ranker,single_source_editorial,0.350733,,,346,Woody Guthrie,ranker:2409888,
412,vocalist,Barbara Mandrell,barbara mandrell,1,Ranker,single_source_editorial,0.349817,,,347,Barbara Mandrell,ranker:541061,
413,vocalist,Stephen Stills,stephen stills,1,Ranker,single_source_editorial,0.34707,,,350,Stephen Stills,ranker:2094239,
414,vocalist,Paul Rodgers,paul rodgers,1,Ranker,single_source_editorial,0.346154,,,351,Paul Rodgers,ranker:1769581,
415,vocalist,Lou Gramm,lou gramm,1,Ranker,single_source_editorial,0.345238,,,352,Lou Gramm,ranker:1478186,
416,vocalist,Darius Rucker,darius rucker,1,Ranker,single_source_editorial,0.344322,,,353,Darius Rucker,ranker:815328,
417,vocalist,Pete Townshend,pete townshend,1,Ranker,single_source_editorial,0.343407,,,354,Pete Townshend,ranker:1789306,
418,vocalist,Courtney Love,courtney love,1,Rolling Stone,single_source_editorial,0.342546,130,,,Courtney Love,,
419,vocalist,Randy Travis,randy travis,1,Ranker,single_source_editorial,0.342491,,,355,Randy Travis,ranker:1873262,
420,vocalist,Brandy,brandy,2,Consequence | Rolling Stone,multi_source_core,0.342127,193,100,,Brandy,,
421,vocalist,Isaac Hayes,isaac hayes,1,Ranker,single_source_editorial,0.341575,,,356,Isaac Hayes,ranker:1238291,
422,vocalist,Jack White,jack white,1,Ranker,single_source_editorial,0.340659,,,357,Jack White,ranker:1254160,
423,vocalist,Lotte Lehmann,lotte lehmann,1,Ranker,single_source_editorial,0.339744,,,358,Lotte Lehmann,ranker:1474848,
424,vocalist,Bernadette Peters,bernadette peters,1,Ranker,single_source_editorial,0.338828,,,359,Bernadette Peters,ranker:570744,
425,vocalist,Vince Gill,vince gill,1,Ranker,single_source_editorial,0.337912,,,360,Vince Gill,ranker:2340772,
426,vocalist,Gene Pitney,gene pitney,1,Ranker,single_source_editorial,0.336996,,,361,Gene Pitney,ranker:1052741,
427,vocalist,Ginger Rogers,ginger rogers,1,Ranker,single_source_editorial,0.336081,,,362,Ginger Rogers,ranker:1072034,
428,vocalist,Ringo Starr,ringo starr,1,Ranker,single_source_editorial,0.335165,,,363,Ringo Starr,ranker:1911450,
429,vocalist,Donovan,donovan,1,Ranker,single_source_editorial,0.334249,,,364,Donovan,ranker:877949,
430,vocalist,Keith Urban,keith urban,1,Ranker,single_source_editorial,0.333333,,,365,Keith Urban,ranker:1359137,
431,vocalist,Tori Amos,tori amos,1,Ranker,single_source_editorial,0.332418,,,366,Tori Amos,ranker:2264028,
432,vocalist,Beverly Sills,beverly sills,1,Ranker,single_source_editorial,0.331502,,,367,Beverly Sills,ranker:576916,
433,vocalist,IU,iu,1,Rolling Stone,single_source_editorial,0.329983,135,,,IU,,
434,vocalist,Charles Aznavour,charles aznavour,1,Ranker,single_source_editorial,0.328755,,,370,Charles Aznavour,ranker:700822,
435,vocalist,Brian May,brian may,1,Ranker,single_source_editorial,0.327839,,,371,Brian May,ranker:626391,
436,vocalist,Rita Coolidge,rita coolidge,1,Ranker,single_source_editorial,0.326923,,,372,Rita Coolidge,ranker:1913194,
437,vocalist,Sammy Hagar,sammy hagar,1,Ranker,single_source_editorial,0.326007,,,373,Sammy Hagar,ranker:1967075,
438,vocalist,Natalie Merchant,natalie merchant,1,Ranker,single_source_editorial,0.325092,,,374,Natalie Merchant,ranker:1648972,
439,vocalist,El DeBarge,el debarge,1,Rolling Stone,single_source_editorial,0.324958,137,,,El DeBarge,,
440,vocalist,Lorde,lorde,1,Ranker,single_source_editorial,0.324176,,,375,Lorde,ranker:76992015,
441,vocalist,Dido,dido,1,Ranker,single_source_editorial,0.32326,,,376,Dido,ranker:855323,
442,vocalist,Ol Dirty Bastard,ol dirty bastard,1,Consequence,single_source_editorial,0.323232,,69,,Ol Dirty Bastard,,
443,vocalist,Diana Damrau,diana damrau,1,Ranker,single_source_editorial,0.322344,,,377,Diana Damrau,ranker:852815,
444,vocalist,Pete Seeger,pete seeger,1,Ranker,single_source_editorial,0.321429,,,378,Pete Seeger,ranker:1789238,
445,vocalist,Julie London,julie london,1,Ranker,single_source_editorial,0.320513,,,379,Julie London,ranker:1333640,
446,vocalist,Rocío Dúrcal,rocio durcal,1,Rolling Stone,single_source_editorial,0.319933,139,,,Rocío Dúrcal,,
447,vocalist,Paul Robeson,paul robeson,1,Ranker,single_source_editorial,0.319597,,,380,Paul Robeson,ranker:1769565,
448,vocalist,Warren Zevon,warren zevon,1,Ranker,single_source_editorial,0.318681,,,381,Warren Zevon,ranker:2361112,
449,vocalist,Chris Daughtry,chris daughtry,1,Ranker,single_source_editorial,0.317766,,,382,Chris Daughtry,ranker:728209,
450,vocalist,Scott Walker,scott walker,1,Ranker,single_source_editorial,0.31685,,,383,Scott Walker,ranker:1991523,
451,vocalist,Sara Bareilles,sara bareilles,1,Ranker,single_source_editorial,0.315934,,,384,Sara Bareilles,ranker:1978960,
452,vocalist,Robbie Williams,robbie williams,1,Ranker,single_source_editorial,0.313187,,,387,Robbie Williams,ranker:1916594,
453,vocalist,Maynard James Keenan,maynard james keenan,1,Consequence,single_source_editorial,0.313131,,71,,Maynard James Keenan,,
454,vocalist,Russell Thompkins Jr.,russell thompkins jr,1,Rolling Stone,single_source_editorial,0.312395,142,,,Russell Thompkins Jr.,,
455,vocalist,Judy Collins,judy collins,1,Ranker,single_source_editorial,0.312271,,,388,Judy Collins,ranker:1331256,
456,vocalist,Joss Stone,joss stone,1,Ranker,single_source_editorial,0.311355,,,389,Joss Stone,ranker:1327103,
457,vocalist,Jimmy Buffett,jimmy buffett,1,Ranker,single_source_editorial,0.31044,,,390,Jimmy Buffett,ranker:1288807,
458,vocalist,Luciano,luciano,1,Rolling Stone,single_source_editorial,0.309883,143,,,Luciano,,
459,vocalist,Ray Davies,ray davies,1,Ranker,single_source_editorial,0.309524,,,391,Ray Davies,ranker:1878689,
460,vocalist,Anni-Frid Lyngstad,anni frid lyngstad,1,Ranker,single_source_editorial,0.307692,,,393,Anni-Frid Lyngstad,ranker:469628,
461,vocalist,Shirley Manson,shirley manson,1,Ranker,single_source_editorial,0.306777,,,394,Shirley Manson,ranker:2021276,
462,vocalist,Harry Styles,harry styles,1,Ranker,single_source_editorial,0.304945,,,396,Harry Styles,ranker:63446522,
463,vocalist,Charlotte Church,charlotte church,1,Ranker,single_source_editorial,0.304029,,,397,Charlotte Church,ranker:706748,
464,vocalist,Dave Matthews,dave matthews,1,Ranker,single_source_editorial,0.303114,,,398,Dave Matthews,ranker:820121,
465,vocalist,Ruth Brown,ruth brown,1,Rolling Stone,single_source_editorial,0.302345,146,,,Ruth Brown,,
466,vocalist,The Highwaymen,the highwaymen,1,Ranker,single_source_editorial,0.302198,,,399,The Highwaymen,ranker:6132800,
467,vocalist,Yves Montand,yves montand,1,Ranker,single_source_editorial,0.301282,,,400,Yves Montand,ranker:2435446,
468,vocalist,Jim Reeves,jim reeves,1,Ranker,single_source_editorial,0.299451,,,402,Jim Reeves,ranker:1291575,
469,vocalist,Jonas Kaufmann,jonas kaufmann,1,Ranker,single_source_editorial,0.298535,,,403,Jonas Kaufmann,ranker:10372164,
470,vocalist,Graham Nash,graham nash,1,Ranker,single_source_editorial,0.297619,,,404,Graham Nash,ranker:1093192,
471,vocalist,Paula Abdul,paula abdul,1,Ranker,single_source_editorial,0.296703,,,405,Paula Abdul,ranker:1765349,
472,vocalist,Brandon Flowers,brandon flowers,1,Ranker,single_source_editorial,0.295788,,,406,Brandon Flowers,ranker:620654,
473,vocalist,B. J. Thomas,b j thomas,1,Ranker,single_source_editorial,0.294872,,,407,B. J. Thomas,ranker:652183,
474,vocalist,Wanda Jackson,wanda jackson,1,Rolling Stone,single_source_editorial,0.294807,149,,,Wanda Jackson,,
475,vocalist,Ian Curtis,ian curtis,1,Ranker,single_source_editorial,0.293956,,,408,Ian Curtis,ranker:1204151,
476,vocalist,Nick Cave,nick cave,1,Ranker,single_source_editorial,0.29304,,,409,Nick Cave,ranker:1675939,
477,vocalist,Rob Thomas,rob thomas,1,Ranker,single_source_editorial,0.292125,,,410,Rob Thomas,ranker:1925586,
478,vocalist,Marie Fredriksson,marie fredriksson,1,Ranker,single_source_editorial,0.291209,,,411,Marie Fredriksson,ranker:1521577,
479,vocalist,Tim Buckley,tim buckley,1,Ranker,single_source_editorial,0.290293,,,412,Tim Buckley,ranker:2247630,
480,vocalist,Martha Reeves,martha reeves,1,Rolling Stone,single_source_editorial,0.289782,151,,,Martha Reeves,,
481,vocalist,Mel Tormé,mel torme,1,Ranker,single_source_editorial,0.289377,,,413,Mel Tormé,ranker:1562215,
482,vocalist,Ricky Nelson,ricky nelson,1,Ranker,single_source_editorial,0.287546,,,415,Ricky Nelson,ranker:1908356,
483,vocalist,Paul Weller,paul weller,1,Ranker,single_source_editorial,0.28663,,,416,Paul Weller,ranker:1770376,
484,vocalist,Peabo Bryson,peabo bryson,1,Ranker,single_source_editorial,0.284799,,,418,Peabo Bryson,ranker:1772192,
485,vocalist,Mahlathini,mahlathini,1,Rolling Stone,single_source_editorial,0.284757,153,,,Mahlathini,,
486,vocalist,Bret Michaels,bret michaels,1,Ranker,single_source_editorial,0.282967,,,420,Bret Michaels,ranker:625018,
487,vocalist,Dion,dion,1,Rolling Stone,single_source_editorial,0.282245,154,,,Dion,,
488,vocalist,Eva Cassidy,eva cassidy,1,Ranker,single_source_editorial,0.281136,,,422,Eva Cassidy,ranker:963540,
489,vocalist,Patti Page,patti page,1,Ranker,single_source_editorial,0.28022,,,423,Patti Page,ranker:1764370,
490,vocalist,Corin Tucker,corin tucker,1,Rolling Stone,single_source_editorial,0.279732,155,,,Corin Tucker,,
491,vocalist,Brad Delp,brad delp,1,Ranker,single_source_editorial,0.278388,,,425,Brad Delp,ranker:619067,
492,vocalist,Astrud Gilberto,astrud gilberto,1,Ranker,single_source_editorial,0.274725,,,429,Astrud Gilberto,ranker:505435,
493,vocalist,Edie Brickell,edie brickell,1,Ranker,single_source_editorial,0.27381,,,430,Edie Brickell,ranker:911870,
494,vocalist,Judee Sill,judee sill,1,Consequence,single_source_editorial,0.272727,,79,,Judee Sill,,
495,vocalist,Britney Spears,britney spears,1,Ranker,single_source_editorial,0.271062,,,433,Britney Spears,ranker:631101,
496,vocalist,Arlo Guthrie,arlo guthrie,1,Ranker,single_source_editorial,0.270147,,,434,Arlo Guthrie,ranker:491282,
497,vocalist,Mississippi John Hurt,mississippi john hurt,1,Rolling Stone,single_source_editorial,0.269682,159,,,Mississippi John Hurt,,
498,vocalist,Suzanne Vega,suzanne vega,1,Ranker,single_source_editorial,0.269231,,,435,Suzanne Vega,ranker:2129344,
499,vocalist,Morten Harket,morten harket,1,Ranker,single_source_editorial,0.268315,,,436,Morten Harket,ranker:1616826,
500,vocalist,"""Weird Al"" Yankovic",weird al yankovic,1,Ranker,single_source_editorial,0.267399,,,437,"""Weird Al"" Yankovic",ranker:2368952,
501,vocalist,Mercedes Sosa,mercedes sosa,1,Rolling Stone,single_source_editorial,0.267169,160,,,Mercedes Sosa,,
502,vocalist,Joe Jackson,joe jackson,1,Ranker,single_source_editorial,0.265568,,,439,Joe Jackson,ranker:1297004,
503,vocalist,Lulu,lulu,1,Ranker,single_source_editorial,0.264652,,,440,Lulu,ranker:1486861,
504,vocalist,Macy Gray,macy gray,1,Ranker,single_source_editorial,0.263736,,,441,Macy Gray,ranker:1495273,
505,vocalist,Natalie Maines,natalie maines,1,Ranker,single_source_editorial,0.262821,,,442,Natalie Maines,ranker:1648966,
506,vocalist,Syd Barrett,syd barrett,1,Ranker,single_source_editorial,0.261905,,,443,Syd Barrett,ranker:2134406,
507,vocalist,Jerry Garcia,jerry garcia,1,Ranker,single_source_editorial,0.260989,,,444,Jerry Garcia,ranker:1284104,
508,vocalist,John Lee Hooker,john lee hooker,1,Ranker,single_source_editorial,0.260073,,,445,John Lee Hooker,ranker:1310164,
509,vocalist,Bobby &#8220;Blue&#8221; Bland,bobby 8220 blue 8221 bland,1,Rolling Stone,single_source_editorial,0.259631,163,,,Bobby &#8220;Blue&#8221; Bland,,
510,vocalist,Geddy Lee,geddy lee,1,Ranker,single_source_editorial,0.259158,,,446,Geddy Lee,ranker:1049796,
511,vocalist,Alannah Myles,alannah myles,1,Ranker,single_source_editorial,0.257326,,,448,Alannah Myles,ranker:418283,
512,vocalist,Gary Moore,gary moore,1,Ranker,single_source_editorial,0.25641,,,449,Gary Moore,ranker:1046314,
513,vocalist,Howlin' Wolf,howlin wolf,1,Ranker,single_source_editorial,0.255495,,,450,Howlin' Wolf,ranker:1184500,
514,vocalist,Donald Fagen,donald fagen,1,Ranker,single_source_editorial,0.254579,,,451,Donald Fagen,ranker:876002,
515,vocalist,Siouxsie Sioux,siouxsie sioux,1,Ranker,single_source_editorial,0.252747,,,453,Siouxsie Sioux,ranker:2038287,
516,vocalist,Buddy Guy,buddy guy,1,Ranker,single_source_editorial,0.251832,,,454,Buddy Guy,ranker:639901,
517,vocalist,Al Martino,al martino,1,Ranker,single_source_editorial,0.250916,,,455,Al Martino,ranker:444451,
518,vocalist,Sebastian Bach,sebastian bach,1,Ranker,single_source_editorial,0.25,,,456,Sebastian Bach,ranker:1995626,
519,vocalist,Marc Anthony,marc anthony,1,Rolling Stone,single_source_editorial,0.249581,167,,,Marc Anthony,,
520,vocalist,Samuel Ramey,samuel ramey,1,Ranker,single_source_editorial,0.248168,,,458,Samuel Ramey,ranker:1968870,
521,vocalist,Albert King,albert king,1,Ranker,single_source_editorial,0.246337,,,460,Albert King,ranker:422070,
522,vocalist,Jason Mraz,jason mraz,1,Ranker,single_source_editorial,0.245421,,,461,Jason Mraz,ranker:1272051,
523,vocalist,Sylvester,sylvester,1,Rolling Stone,single_source_editorial,0.244556,169,,,Sylvester,,
524,vocalist,Diana Krall,diana krall,1,Ranker,single_source_editorial,0.244505,,,462,Diana Krall,ranker:852902,
525,vocalist,Leon Russell,leon russell,1,Ranker,single_source_editorial,0.24359,,,463,Leon Russell,ranker:1434362,
526,vocalist,David Coverdale,david coverdale,1,Ranker,single_source_editorial,0.242674,,,464,David Coverdale,ranker:822265,
527,vocalist,Bobby McFerrin,bobby mcferrin,1,Ranker,single_source_editorial,0.241758,,,465,Bobby McFerrin,ranker:603183,
528,vocalist,Dave Gahan,dave gahan,1,Ranker,single_source_editorial,0.240842,,,466,Dave Gahan,ranker:823073,
529,vocalist,Sonny Boy Williamson II,sonny boy williamson ii,1,Ranker,single_source_editorial,0.239927,,,467,Sonny Boy Williamson II,ranker:2061345,
530,vocalist,Odetta,odetta,1,Rolling Stone,single_source_editorial,0.239531,171,,,Odetta,,
531,vocalist,Geoff Tate,geoff tate,1,Ranker,single_source_editorial,0.239011,,,468,Geoff Tate,ranker:1054548,
532,vocalist,Burton Cummings,burton cummings,1,Ranker,single_source_editorial,0.238095,,,469,Burton Cummings,ranker:648182,
533,vocalist,Juan Gabriel,juan gabriel,1,Rolling Stone,single_source_editorial,0.237018,172,,,Juan Gabriel,,
534,vocalist,Country Joe McDonald,country joe mcdonald,1,Ranker,single_source_editorial,0.236264,,,471,Country Joe McDonald,ranker:780349,
535,vocalist,Greg Lake,greg lake,1,Ranker,single_source_editorial,0.234432,,,473,Greg Lake,ranker:1103331,
536,vocalist,Joan Osborne,joan osborne,1,Ranker,single_source_editorial,0.233516,,,474,Joan Osborne,ranker:1293941,
537,vocalist,Paul Stanley,paul stanley,1,Ranker,single_source_editorial,0.232601,,,475,Paul Stanley,ranker:1769929,
538,vocalist,Joan Sutherland,joan sutherland,1,Ranker,single_source_editorial,0.230769,,,477,Joan Sutherland,ranker:1293991,
539,vocalist,Loreena McKennitt,loreena mckennitt,1,Ranker,single_source_editorial,0.229853,,,478,Loreena McKennitt,ranker:1471587,
540,vocalist,Jennifer Lopez,jennifer lopez,1,Ranker,single_source_editorial,0.228938,,,479,Jennifer Lopez,ranker:1281515,
541,vocalist,Kacey Musgraves,kacey musgraves,1,Ranker,single_source_editorial,0.228022,,,480,Kacey Musgraves,ranker:74331002,
542,vocalist,Richie Havens,richie havens,1,Ranker,single_source_editorial,0.227106,,,481,Richie Havens,ranker:1907264,
543,vocalist,Ian Anderson,ian anderson,1,Ranker,single_source_editorial,0.22619,,,482,Ian Anderson,ranker:1203922,
544,vocalist,Boz Scaggs,boz scaggs,1,Ranker,single_source_editorial,0.225275,,,483,Boz Scaggs,ranker:617838,
545,vocalist,Patty Loveless,patty loveless,1,Rolling Stone,single_source_editorial,0.224456,177,,,Patty Loveless,,
546,vocalist,Hayley Williams,hayley williams,1,Ranker,single_source_editorial,0.224359,,,484,Hayley Williams,ranker:1138814,
547,vocalist,Tupac Shakur,tupac shakur,1,Ranker,single_source_editorial,0.223443,,,485,Tupac Shakur,ranker:2286941,
548,vocalist,Nick Drake,nick drake,1,Ranker,single_source_editorial,0.222527,,,486,Nick Drake,ranker:1676052,
549,vocalist,Tabu Ley Rochereau,tabu ley rochereau,1,Rolling Stone,single_source_editorial,0.221943,178,,,Tabu Ley Rochereau,,
550,vocalist,Jerry Lewis,jerry lewis,1,Ranker,single_source_editorial,0.221612,,,487,Jerry Lewis,ranker:1284280,
551,vocalist,Jerry Vale,jerry vale,1,Ranker,single_source_editorial,0.220696,,,488,Jerry Vale,ranker:1284582,
552,vocalist,Roger Taylor,roger taylor,1,Ranker,single_source_editorial,0.21978,,,489,Roger Taylor,ranker:17207179,
553,vocalist,Martha Wash,martha wash,1,Rolling Stone,single_source_editorial,0.21943,179,,,Martha Wash,,
554,vocalist,Big Joe Turner,big joe turner,1,Ranker,single_source_editorial,0.218864,,,490,Big Joe Turner,ranker:581463,
555,vocalist,Joe Williams,joe williams,1,Ranker,single_source_editorial,0.217949,,,491,Joe Williams,ranker:1298130,
556,vocalist,Paula Cole,paula cole,1,Ranker,single_source_editorial,0.217033,,,492,Paula Cole,ranker:1765370,
557,vocalist,SZA,sza,1,Rolling Stone,single_source_editorial,0.216918,180,,,SZA,,
558,vocalist,Paolo Nutini,paolo nutini,1,Ranker,single_source_editorial,0.216117,,,493,Paolo Nutini,ranker:1752436,
559,vocalist,Corinne Bailey Rae,corinne bailey rae,1,Ranker,single_source_editorial,0.215201,,,494,Corinne Bailey Rae,ranker:775106,
560,vocalist,Klaus Meine,klaus meine,1,Ranker,single_source_editorial,0.214286,,,495,Klaus Meine,ranker:1383193,
561,vocalist,Ian Gillan,ian gillan,1,Ranker,single_source_editorial,0.21337,,,496,Ian Gillan,ranker:1204270,
562,vocalist,Jessica Simpson,jessica simpson,1,Ranker,single_source_editorial,0.212454,,,497,Jessica Simpson,ranker:1285857,
563,vocalist,Anita O'Day,anita o day,1,Ranker,single_source_editorial,0.210623,,,499,Anita O'Day,ranker:466522,
564,vocalist,Miley Cyrus,miley cyrus,1,Ranker,single_source_editorial,0.208791,,,501,Miley Cyrus,ranker:1588503,
565,vocalist,Franco Corelli,franco corelli,1,Ranker,single_source_editorial,0.207875,,,502,Franco Corelli,ranker:6415864,
566,vocalist,Lzzy Hale,lzzy hale,1,Consequence,single_source_editorial,0.207071,,92,,Lzzy Hale,,
567,vocalist,Dorothy Dandridge,dorothy dandridge,1,Ranker,single_source_editorial,0.20696,,,503,Dorothy Dandridge,ranker:61981468,
568,vocalist,Karen O,karen o,1,Rolling Stone,single_source_editorial,0.206868,184,,,Karen O,,
569,vocalist,Jacques Brel,jacques brel,1,Ranker,single_source_editorial,0.206044,,,504,Jacques Brel,ranker:1255376,
570,vocalist,Jon Anderson,jon anderson,1,Ranker,single_source_editorial,0.204212,,,506,Jon Anderson,ranker:1319619,
571,vocalist,Jussi Björling,jussi bjorling,1,Ranker,single_source_editorial,0.203297,,,507,Jussi Björling,ranker:1336873,
572,vocalist,Mikael Åkerfeldt,mikael akerfeldt,1,Consequence,single_source_editorial,0.20202,,93,,Mikael Åkerfeldt,,
573,vocalist,Ofra Haza,ofra haza,1,Rolling Stone,single_source_editorial,0.201843,186,,,Ofra Haza,,
574,vocalist,Rosanne Cash,rosanne cash,1,Ranker,single_source_editorial,0.201465,,,509,Rosanne Cash,ranker:1938057,
575,vocalist,Brandi Carlile,brandi carlile,1,Ranker,single_source_editorial,0.200549,,,510,Brandi Carlile,ranker:620541,
576,vocalist,R. Kelly,r kelly,1,Ranker,single_source_editorial,0.199634,,,511,R. Kelly,ranker:1955529,
577,vocalist,Sherrill Milnes,sherrill milnes,1,Ranker,single_source_editorial,0.198718,,,512,Sherrill Milnes,ranker:61981548,
578,vocalist,Nico,nico,1,Ranker,single_source_editorial,0.197802,,,513,Nico,ranker:1676808,
579,vocalist,Notorious B.I.G.,notorious big,1,Consequence,single_source_editorial,0.19697,,94,,Notorious B.I.G.,,
580,vocalist,Zayn Malik,zayn malik,1,Ranker,single_source_editorial,0.196886,,,514,Zayn Malik,ranker:63432498,
581,vocalist,Fela Kuti,fela kuti,1,Rolling Stone,single_source_editorial,0.196817,188,,,Fela Kuti,,
582,vocalist,Snoop Dogg,snoop dogg,1,Ranker,single_source_editorial,0.195971,,,515,Snoop Dogg,ranker:2051727,
583,vocalist,Lightnin' Hopkins,lightnin hopkins,1,Ranker,single_source_editorial,0.195055,,,516,Lightnin' Hopkins,ranker:1446962,
584,vocalist,Tarja Turunen,tarja turunen,1,Ranker,single_source_editorial,0.194139,,,517,Tarja Turunen,ranker:2150769,
585,vocalist,Bobby Bland,bobby bland,1,Ranker,single_source_editorial,0.193223,,,518,Bobby Bland,ranker:602699,
586,vocalist,Amos Lee,amos lee,1,Ranker,single_source_editorial,0.192308,,,519,Amos Lee,ranker:451648,
587,vocalist,Frank Ocean,frank ocean,1,Rolling Stone,single_source_editorial,0.191792,190,,,Frank Ocean,,
588,vocalist,Margaret Price,margaret price,1,Ranker,single_source_editorial,0.191392,,,520,Margaret Price,ranker:1518700,
589,vocalist,Gerard Way,gerard way,1,Ranker,single_source_editorial,0.190476,,,521,Gerard Way,ranker:9630081,
590,vocalist,Ryan Adams,ryan adams,1,Ranker,single_source_editorial,0.18956,,,522,Ryan Adams,ranker:1953601,
591,vocalist,Jung Kook,jung kook,1,Rolling Stone,single_source_editorial,0.18928,191,,,Jung Kook,,
592,vocalist,Tori Kelly,tori kelly,1,Ranker,single_source_editorial,0.188645,,,523,Tori Kelly,ranker:2264044,
593,vocalist,Barbara Frittoli,barbara frittoli,1,Ranker,single_source_editorial,0.187729,,,524,Barbara Frittoli,ranker:540884,
594,vocalist,Shane MacGowan,shane macgowan,1,Consequence,single_source_editorial,0.186869,,96,,Shane MacGowan,,
595,vocalist,Cecilia Bartoli,cecilia bartoli,1,Ranker,single_source_editorial,0.186813,,,525,Cecilia Bartoli,ranker:688308,
596,vocalist,Anohni,anohni,1,Rolling Stone,single_source_editorial,0.186767,192,,,Anohni,,
597,vocalist,Ben Harper,ben harper,1,Ranker,single_source_editorial,0.185897,,,526,Ben Harper,ranker:568472,
598,vocalist,Suzy Bogguss,suzy bogguss,1,Ranker,single_source_editorial,0.184982,,,527,Suzy Bogguss,ranker:2129589,
599,vocalist,Gary Morris,gary morris,1,Ranker,single_source_editorial,0.184066,,,528,Gary Morris,ranker:1046321,
600,vocalist,Peter Breinholt,peter breinholt,1,Ranker,single_source_editorial,0.18315,,,529,Peter Breinholt,ranker:6306459,
601,vocalist,Koko Taylor,koko taylor,1,Ranker,single_source_editorial,0.182234,,,530,Koko Taylor,ranker:1387331,
602,vocalist,Frances Quinlan,frances quinlan,1,Consequence,single_source_editorial,0.181818,,97,,Frances Quinlan,,
603,vocalist,Joe Tex,joe tex,1,Ranker,single_source_editorial,0.181319,,,531,Joe Tex,ranker:1297967,
604,vocalist,Justin Bieber,justin bieber,1,Ranker,single_source_editorial,0.180403,,,532,Justin Bieber,ranker:32489978,
605,vocalist,Damien Rice,damien rice,1,Ranker,single_source_editorial,0.179487,,,533,Damien Rice,ranker:807086,
606,vocalist,Poly Styrene,poly styrene,1,Rolling Stone,single_source_editorial,0.179229,195,,,Poly Styrene,,
607,vocalist,Jimmy Reed,jimmy reed,1,Ranker,single_source_editorial,0.178571,,,534,Jimmy Reed,ranker:1289561,
608,vocalist,Jacqui McShee,jacqui mcshee,1,Ranker,single_source_editorial,0.177656,,,535,Jacqui McShee,ranker:1255953,
609,vocalist,Serj Tankian,serj tankian,1,Consequence,single_source_editorial,0.176768,,98,,Serj Tankian,,
610,vocalist,Lara Fabian,lara fabian,1,Ranker,single_source_editorial,0.17674,,,536,Lara Fabian,ranker:1412377,
611,vocalist,Paul Westerberg,paul westerberg,1,Rolling Stone,single_source_editorial,0.176717,196,,,Paul Westerberg,,
612,vocalist,Sara Watkins,sara watkins,1,Ranker,single_source_editorial,0.175824,,,537,Sara Watkins,ranker:1979184,
613,vocalist,Liam Gallagher,liam gallagher,1,Ranker,single_source_editorial,0.174908,,,538,Liam Gallagher,ranker:1443461,
614,vocalist,Burna Boy,burna boy,1,Rolling Stone,single_source_editorial,0.174204,197,,,Burna Boy,,
615,vocalist,Joey Ramone,joey ramone,1,Ranker,single_source_editorial,0.173993,,,539,Joey Ramone,ranker:1295933,
616,vocalist,Molly O'Day,molly o day,1,Ranker,single_source_editorial,0.173077,,,540,Molly O'Day,ranker:6276414,
617,vocalist,Feist,feist,1,Ranker,single_source_editorial,0.172161,,,541,Feist,ranker:1436435,
618,vocalist,Jackie Evancho,jackie evancho,1,Ranker,single_source_editorial,0.171245,,,542,Jackie Evancho,ranker:32368327,
619,vocalist,Tom Chaplin,tom chaplin,1,Ranker,single_source_editorial,0.17033,,,543,Tom Chaplin,ranker:2257435,
620,vocalist,Gretchen Wilson,gretchen wilson,1,Ranker,single_source_editorial,0.169414,,,544,Gretchen Wilson,ranker:1104071,
621,vocalist,Glenn Danzig,glenn danzig,1,Rolling Stone,single_source_editorial,0.169179,199,,,Glenn Danzig,,
622,vocalist,Allan Jones,allan jones,1,Ranker,single_source_editorial,0.168498,,,545,Allan Jones,ranker:435117,
623,vocalist,Joe Dassin,joe dassin,1,Ranker,single_source_editorial,0.167582,,,546,Joe Dassin,ranker:1296531,
624,vocalist,Mireille Mathieu,mireille mathieu,1,Ranker,single_source_editorial,0.166667,,,547,Mireille Mathieu,ranker:1595827,
625,vocalist,Rosalía,rosalia,1,Rolling Stone,single_source_editorial,0.166667,200,,,Rosalía,,
